time,base_time,time_offset,atmos_pressure,qc_atmos_pressure,temp_mean,qc_temp_mean,temp_std,rh_mean,qc_rh_mean,rh_std,vapor_pressure_mean,qc_vapor_pressure_mean,vapor_pressure_std,wspd_arith_mean,qc_wspd_arith_mean,wspd_vec_mean,qc_wspd_vec_mean,wdir_vec_mean,qc_wdir_vec_mean,wdir_vec_std,tbrg_precip_total,qc_tbrg_precip_total,tbrg_precip_total_corr,qc_tbrg_precip_total_corr,org_precip_rate_mean,qc_org_precip_rate_mean,pwd_err_code,pwd_mean_vis_1min,qc_pwd_mean_vis_1min,pwd_mean_vis_10min,qc_pwd_mean_vis_10min,pwd_pw_code_inst,qc_pwd_pw_code_inst,pwd_pw_code_15min,qc_pwd_pw_code_15min,pwd_pw_code_1hr,qc_pwd_pw_code_1hr,pwd_precip_rate_mean_1min,qc_pwd_precip_rate_mean_1min,pwd_cumul_rain,qc_pwd_cumul_rain,pwd_cumul_snow,qc_pwd_cumul_snow,logger_volt,qc_logger_volt,logger_temp,qc_logger_temp,lat,lon,alt
2024-12-17 00:00:00,2024-12-17,2024-12-17 00:00:00,101.9,0,6.245,0,0.032,100.0,0,0.26,0.951,0,0.004,1.178,0,1.164,0,154.4,0,8.57,0.0,0,0.0,0,0.0,0,0.0,543.0,0,582.0,0,61.0,0,81.0,0,81.0,0,0.0,0,82.06,0,3.0,0,13.42,0,7.728,0,39.317,-76.586,45.0
2024-12-17 00:01:00,2024-12-17,2024-12-17 00:01:00,101.91,0,6.246,0,0.036,100.0,0,0.224,0.95,0,0.004,1.125,0,1.044,0,166.5,0,21.77,0.0,0,0.0,0,0.0,0,0.0,539.0,0,573.0,0,61.0,0,81.0,0,81.0,0,0.0,0,82.06,0,3.0,0,13.42,0,7.725,0,39.317,-76.586,45.0
2024-12-17 00:02:00,2024-12-17,2024-12-17 00:02:00,101.91,0,6.259,0,0.029,100.0,0,0.23,0.951,0,0.004,0.949,0,0.916,0,160.8,0,15.19,0.0,0,0.0,0,0.0,0,0.0,521.0,0,564.0,0,61.0,0,81.0,0,81.0,0,0.0,0,82.06,0,3.0,0,13.42,0,7.722,0,39.317,-76.586,45.0
2024-12-17 00:03:00,2024-12-17,2024-12-17 00:03:00,101.91,0,6.265,0,0.035,100.0,0,0.237,0.952,0,0.004,0.998,0,0.962,0,173.6,0,15.37,0.0,0,0.0,0,0.0,0,0.0,539.0,0,555.0,0,61.0,0,81.0,0,81.0,0,0.0,0,82.06,0,3.0,0,13.42,0,7.717,0,39.317,-76.586,45.0
2024-12-17 00:04:00,2024-12-17,2024-12-17 00:04:00,101.9,0,6.272,0,0.031,100.0,0,0.216,0.952,0,0.003,1.444,0,1.406,0,174.6,0,13.09,0.0,0,0.0,0,0.0,0,0.0,581.0,0,553.0,0,61.0,0,81.0,0,81.0,0,0.0,0,82.06,0,3.0,0,13.42,0,7.711,0,39.317,-76.586,45.0
2024-12-17 00:05:00,2024-12-17,2024-12-17 00:05:00,101.9,0,6.292,0,0.033,100.0,0,0.185,0.954,0,0.003,1.521,0,1.492,0,158.6,0,11.2,0.0,0,0.0,0,0.0,0,0.0,532.0,0,546.0,0,61.0,0,81.0,0,81.0,0,0.0,0,82.06,0,3.0,0,13.42,0,7.711,0,39.317,-76.586,45.0
2024-12-17 00:06:00,2024-12-17,2024-12-17 00:06:00,101.9,0,6.304,0,0.037,100.0,0,0.258,0.955,0,0.004,1.47,0,1.432,0,156.6,0,12.97,0.0,0,0.0,0,0.0,0,0.0,487.0,0,536.0,0,61.0,0,81.0,0,81.0,0,0.0,0,82.06,0,3.0,0,13.42,0,7.709,0,39.317,-76.586,45.0
2024-12-17 00:07:00,2024-12-17,2024-12-17 00:07:00,101.9,0,6.308,0,0.028,100.0,0,0.242,0.955,0,0.004,1.601,0,1.534,0,160.3,0,16.57,0.0,0,0.0,0,0.0,0,0.0,445.0,0,522.0,0,61.0,0,81.0,0,81.0,0,0.0,0,82.06,0,3.0,0,13.42,0,7.703,0,39.317,-76.586,45.0
2024-12-17 00:08:00,2024-12-17,2024-12-17 00:08:00,101.9,0,6.297,0,0.038,100.0,0,0.223,0.954,0,0.004,1.705,0,1.67,0,160.4,0,11.66,0.0,0,0.0,0,0.0,0,0.0,440.0,0,511.0,0,61.0,0,81.0,0,81.0,0,0.0,0,82.06,0,3.0,0,13.42,0,7.7,0,39.317,-76.586,45.0
2024-12-17 00:09:00,2024-12-17,2024-12-17 00:09:00,101.9,0,6.305,0,0.036,100.0,0,0.24,0.955,0,0.004,1.096,0,1.071,0,164.2,0,12.31,0.0,0,0.0,0,0.0,0,0.0,441.0,0,502.0,0,61.0,0,81.0,0,81.0,0,0.0,0,82.06,0,3.0,0,13.42,0,7.698,0,39.317,-76.586,45.0
2024-12-17 00:10:00,2024-12-17,2024-12-17 00:10:00,101.9,0,6.31,0,0.034,100.0,0,0.207,0.955,0,0.004,1.509,0,1.439,0,151.3,0,17.46,0.0,0,0.0,0,0.0,0,0.0,467.0,0,494.0,0,61.0,0,81.0,0,81.0,0,0.0,0,82.06,0,3.0,0,13.42,0,7.695,0,39.317,-76.586,45.0
2024-12-17 00:11:00,2024-12-17,2024-12-17 00:11:00,101.9,0,6.315,0,0.034,100.1,0,0.265,0.956,0,0.004,1.736,0,1.702,0,159.7,0,11.36,0.0,0,0.0,0,0.0,0,0.0,431.0,0,483.0,0,61.0,0,81.0,0,81.0,0,0.0,0,82.06,0,3.0,0,13.42,0,7.692,0,39.317,-76.586,45.0
2024-12-17 00:12:00,2024-12-17,2024-12-17 00:12:00,101.89,0,6.318,0,0.031,100.1,0,0.252,0.956,0,0.004,1.89,0,1.856,0,161.3,0,10.78,0.0,0,0.0,0,0.0,0,0.0,393.0,0,469.0,0,30.0,0,81.0,0,81.0,0,0.0,0,82.06,0,3.0,0,13.42,0,7.692,0,39.317,-76.586,45.0
2024-12-17 00:13:00,2024-12-17,2024-12-17 00:13:00,101.89,0,6.32,0,0.031,100.1,0,0.237,0.957,0,0.004,1.287,0,1.238,0,165.5,0,15.86,0.0,0,0.0,0,0.0,0,0.0,410.0,0,457.0,0,30.0,0,81.0,0,81.0,0,0.0,0,82.06,0,3.0,0,13.42,0,7.69,0,39.317,-76.586,45.0
2024-12-17 00:14:00,2024-12-17,2024-12-17 00:14:00,101.89,0,6.328,0,0.03,100.1,0,0.208,0.957,0,0.003,0.751,0,0.73,0,153.4,0,13.65,0.0,0,0.0,0,0.0,0,0.0,385.0,0,439.0,0,30.0,0,81.0,0,81.0,0,0.0,0,82.06,0,3.0,0,13.42,0,7.687,0,39.317,-76.586,45.0
2024-12-17 00:15:00,2024-12-17,2024-12-17 00:15:00,101.89,0,6.331,0,0.035,100.1,0,0.267,0.957,0,0.004,0.969,0,0.942,0,147.9,0,13.31,0.0,0,0.0,0,0.0,0,0.0,373.0,0,424.0,0,30.0,0,81.0,0,81.0,0,0.0,0,82.06,0,3.0,0,13.42,0,7.684,0,39.317,-76.586,45.0
2024-12-17 00:16:00,2024-12-17,2024-12-17 00:16:00,101.88,0,6.323,0,0.065,100.1,0,0.249,0.957,0,0.006,1.557,0,1.502,0,150.4,0,15.19,0.0,0,0.0,0,0.241,0,0.0,365.0,0,412.0,0,30.0,0,81.0,0,81.0,0,0.0,0,82.06,0,3.0,0,13.42,0,7.684,0,39.317,-76.586,45.0
2024-12-17 00:17:00,2024-12-17,2024-12-17 00:17:00,101.88,0,6.332,0,0.033,100.2,0,0.253,0.958,0,0.004,2.146,0,2.106,0,168.0,0,11.03,0.0,0,0.0,0,0.0,0,0.0,366.0,0,404.0,0,30.0,0,81.0,0,81.0,0,0.0,0,82.06,0,3.0,0,13.42,0,7.681,0,39.317,-76.586,45.0
2024-12-17 00:18:00,2024-12-17,2024-12-17 00:18:00,101.88,0,6.338,0,0.05,100.1,0,0.232,0.958,0,0.005,1.49,0,1.452,0,153.9,0,12.83,0.0,0,0.0,0,0.0,0,0.0,354.0,0,395.0,0,61.0,0,81.0,0,81.0,0,0.11,0,82.07,0,3.0,0,13.42,0,7.681,0,39.317,-76.586,45.0
2024-12-17 00:19:00,2024-12-17,2024-12-17 00:19:00,101.88,0,6.33,0,0.06,100.2,0,0.261,0.958,0,0.004,1.508,0,1.495,0,153.2,0,7.525,0.0,0,0.0,0,0.162,0,0.0,352.0,0,387.0,0,61.0,0,81.0,0,81.0,0,0.11,0,82.07,0,3.0,0,13.42,0,7.678,0,39.317,-76.586,45.0
2024-12-17 00:20:00,2024-12-17,2024-12-17 00:20:00,101.87,0,6.353,0,0.032,100.1,0,0.257,0.959,0,0.004,1.846,0,1.803,0,157.5,0,12.27,0.254,0,0.256,0,0.233,0,0.0,343.0,0,375.0,0,61.0,0,81.0,0,81.0,0,0.11,0,82.07,0,3.0,0,13.42,0,7.678,0,39.317,-76.586,45.0
2024-12-17 00:21:00,2024-12-17,2024-12-17 00:21:00,101.87,0,6.356,0,0.035,100.2,0,0.267,0.96,0,0.004,1.24,0,1.204,0,143.8,0,13.75,0.0,0,0.0,0,0.257,0,0.0,347.0,0,368.0,0,61.0,0,81.0,0,81.0,0,0.03,0,82.07,0,3.0,0,13.42,0,7.678,0,39.317,-76.586,45.0
2024-12-17 00:22:00,2024-12-17,2024-12-17 00:22:00,101.87,0,6.356,0,0.065,100.2,0,0.214,0.959,0,0.005,0.701,0,0.693,0,142.5,0,8.16,0.0,0,0.0,0,0.008,0,0.0,333.0,0,362.0,0,61.0,0,81.0,0,81.0,0,0.03,0,82.07,0,3.0,0,13.42,0,7.676,0,39.317,-76.586,45.0
2024-12-17 00:23:00,2024-12-17,2024-12-17 00:23:00,101.87,0,6.362,0,0.034,100.2,0,0.236,0.96,0,0.004,0.897,0,0.872,0,142.0,0,12.77,0.0,0,0.0,0,0.0,0,0.0,334.0,0,354.0,0,61.0,0,81.0,0,81.0,0,0.0,0,82.07,0,3.0,0,13.42,0,7.676,0,39.317,-76.586,45.0
2024-12-17 00:24:00,2024-12-17,2024-12-17 00:24:00,101.87,0,6.38,0,0.04,100.2,0,0.218,0.961,0,0.004,1.968,0,1.942,0,158.6,0,9.32,0.0,0,0.0,0,0.032,0,0.0,332.0,0,349.0,0,61.0,0,81.0,0,81.0,0,0.0,0,82.07,0,3.0,0,13.42,0,7.676,0,39.317,-76.586,45.0
2024-12-17 00:25:00,2024-12-17,2024-12-17 00:25:00,101.87,0,6.379,0,0.026,100.2,0,0.275,0.961,0,0.004,1.792,0,1.779,0,168.2,0,6.868,0.0,0,0.0,0,0.037,0,0.0,337.0,0,346.0,0,61.0,0,81.0,0,81.0,0,0.0,0,82.07,0,3.0,0,13.42,0,7.676,0,39.317,-76.586,45.0
2024-12-17 00:26:00,2024-12-17,2024-12-17 00:26:00,101.88,0,6.379,0,0.057,100.2,0,0.227,0.961,0,0.005,1.64,0,1.595,0,148.3,0,13.34,0.0,0,0.0,0,0.005,0,0.0,357.0,0,345.0,0,61.0,0,81.0,0,81.0,0,0.01,0,82.07,0,3.0,0,13.42,0,7.676,0,39.317,-76.586,45.0
2024-12-17 00:27:00,2024-12-17,2024-12-17 00:27:00,101.88,0,6.385,0,0.031,100.2,0,0.209,0.962,0,0.003,1.932,0,1.898,0,155.3,0,10.84,0.0,0,0.0,0,0.013,0,0.0,371.0,0,346.0,0,61.0,0,81.0,0,81.0,0,0.0,0,82.07,0,3.0,0,13.42,0,7.676,0,39.317,-76.586,45.0
2024-12-17 00:28:00,2024-12-17,2024-12-17 00:28:00,101.87,0,6.39,0,0.031,100.2,0,0.24,0.962,0,0.004,1.491,0,1.455,0,153.5,0,12.64,0.0,0,0.0,0,0.0,0,0.0,381.0,0,348.0,0,61.0,0,81.0,0,81.0,0,0.0,0,82.07,0,3.0,0,13.42,0,7.673,0,39.317,-76.586,45.0
2024-12-17 00:29:00,2024-12-17,2024-12-17 00:29:00,101.87,0,6.395,0,0.029,100.2,0,0.223,0.962,0,0.003,2.359,0,2.349,0,155.2,0,5.075,0.0,0,0.0,0,0.0,0,0.0,361.0,0,349.0,0,61.0,0,81.0,0,81.0,0,0.0,0,82.07,0,3.0,0,13.42,0,7.676,0,39.317,-76.586,45.0
2024-12-17 00:30:00,2024-12-17,2024-12-17 00:30:00,101.87,0,6.393,0,0.036,100.2,0,0.247,0.962,0,0.004,2.296,0,2.278,0,162.6,0,7.192,0.0,0,0.0,0,0.0,0,0.0,358.0,0,350.0,0,61.0,0,81.0,0,81.0,0,0.0,0,82.07,0,3.0,0,13.42,0,7.676,0,39.317,-76.586,45.0
2024-12-17 00:31:00,2024-12-17,2024-12-17 00:31:00,101.87,0,6.39,0,0.035,100.2,0,0.242,0.962,0,0.004,1.947,0,1.906,0,163.0,0,11.8,0.0,0,0.0,0,0.0,0,0.0,358.0,0,351.0,0,61.0,0,81.0,0,81.0,0,0.0,0,82.07,0,3.0,0,13.42,0,7.676,0,39.317,-76.586,45.0
2024-12-17 00:32:00,2024-12-17,2024-12-17 00:32:00,101.88,0,6.393,0,0.035,100.2,0,0.213,0.962,0,0.004,1.829,0,1.769,0,165.4,0,14.67,0.0,0,0.0,0,0.0,0,0.0,352.0,0,353.0,0,61.0,0,81.0,0,81.0,0,0.0,0,82.07,0,3.0,0,13.42,0,7.676,0,39.317,-76.586,45.0
2024-12-17 00:33:00,2024-12-17,2024-12-17 00:33:00,101.88,0,6.395,0,0.034,100.2,0,0.261,0.963,0,0.004,1.475,0,1.453,0,163.6,0,9.89,0.0,0,0.0,0,0.0,0,0.0,336.0,0,354.0,0,61.0,0,81.0,0,81.0,0,0.0,0,82.07,0,3.0,0,13.42,0,7.676,0,39.317,-76.586,45.0
2024-12-17 00:34:00,2024-12-17,2024-12-17 00:34:00,101.87,0,6.399,0,0.035,100.2,0,0.231,0.963,0,0.004,1.668,0,1.605,0,173.1,0,15.75,0.0,0,0.0,0,0.0,0,0.0,334.0,0,354.0,0,61.0,0,81.0,0,81.0,0,0.0,0,82.07,0,3.0,0,13.42,0,7.673,0,39.317,-76.586,45.0
2024-12-17 00:35:00,2024-12-17,2024-12-17 00:35:00,101.87,0,6.392,0,0.05,100.2,0,0.206,0.962,0,0.004,1.87,0,1.837,0,165.7,0,10.84,0.0,0,0.0,0,0.0,0,0.0,339.0,0,354.0,0,61.0,0,81.0,0,81.0,0,0.0,0,82.07,0,3.0,0,13.42,0,7.676,0,39.317,-76.586,45.0
2024-12-17 00:36:00,2024-12-17,2024-12-17 00:36:00,101.87,0,6.401,0,0.04,100.2,0,0.252,0.963,0,0.005,2.06,0,2.05,0,160.8,0,5.446,0.0,0,0.0,0,0.0,0,0.0,299.0,0,347.0,0,30.0,0,81.0,0,81.0,0,0.0,0,82.07,0,3.0,0,13.42,0,7.676,0,39.317,-76.586,45.0
2024-12-17 00:37:00,2024-12-17,2024-12-17 00:37:00,101.87,0,6.396,0,0.038,100.3,0,0.224,0.963,0,0.004,1.687,0,1.652,0,146.9,0,11.75,0.0,0,0.0,0,0.0,0,0.0,330.0,0,343.0,0,30.0,0,81.0,0,81.0,0,0.0,0,82.07,0,3.0,0,13.42,0,7.676,0,39.317,-76.586,45.0
2024-12-17 00:38:00,2024-12-17,2024-12-17 00:38:00,101.87,0,6.404,0,0.033,100.3,0,0.239,0.963,0,0.004,1.493,0,1.46,0,150.0,0,11.97,0.0,0,0.0,0,0.0,0,0.0,324.0,0,338.0,0,30.0,0,81.0,0,81.0,0,0.0,0,82.07,0,3.0,0,13.42,0,7.676,0,39.317,-76.586,45.0
2024-12-17 00:39:00,2024-12-17,2024-12-17 00:39:00,101.86,0,6.399,0,0.034,100.3,0,0.235,0.963,0,0.004,1.883,0,1.863,0,155.2,0,8.41,0.0,0,0.0,0,0.056,0,0.0,312.0,0,333.0,0,30.0,0,81.0,0,81.0,0,0.0,0,82.07,0,3.0,0,13.42,0,7.676,0,39.317,-76.586,45.0
2024-12-17 00:40:00,2024-12-17,2024-12-17 00:40:00,101.86,0,6.409,0,0.044,100.3,0,0.271,0.964,0,0.005,1.695,0,1.682,0,158.6,0,7.236,0.0,0,0.0,0,0.019,0,0.0,308.0,0,328.0,0,30.0,0,81.0,0,81.0,0,0.0,0,82.07,0,3.0,0,13.42,0,7.676,0,39.317,-76.586,45.0
2024-12-17 00:41:00,2024-12-17,2024-12-17 00:41:00,101.85,0,6.406,0,0.032,100.3,0,0.235,0.964,0,0.004,0.691,0,0.66,0,156.5,0,17.11,0.0,0,0.0,0,0.012,0,0.0,301.0,0,322.0,0,30.0,0,81.0,0,81.0,0,0.0,0,82.07,0,3.0,0,13.42,0,7.676,0,39.317,-76.586,45.0
2024-12-17 00:42:00,2024-12-17,2024-12-17 00:42:00,101.85,0,6.416,0,0.036,100.4,0,0.235,0.965,0,0.004,0.957,0,0.937,0,135.8,0,11.62,0.0,0,0.0,0,0.0,0,0.0,283.0,0,315.0,0,30.0,0,81.0,0,81.0,0,0.0,0,82.07,0,3.0,0,13.42,0,7.676,0,39.317,-76.586,45.0
2024-12-17 00:43:00,2024-12-17,2024-12-17 00:43:00,101.85,0,6.413,0,0.036,100.2,0,0.203,0.964,0,0.004,1.365,0,1.342,0,155.3,0,10.62,0.0,0,0.0,0,0.0,0,0.0,284.0,0,310.0,0,30.0,0,81.0,0,81.0,0,0.0,0,82.07,0,3.0,0,13.42,0,7.676,0,39.317,-76.586,45.0
2024-12-17 00:44:00,2024-12-17,2024-12-17 00:44:00,101.85,0,6.427,0,0.036,100.3,0,0.236,0.966,0,0.004,1.717,0,1.702,0,159.4,0,7.545,0.0,0,0.0,0,0.0,0,0.0,286.0,0,305.0,0,30.0,0,81.0,0,81.0,0,0.0,0,82.07,0,3.0,0,13.42,0,7.679,0,39.317,-76.586,45.0
2024-12-17 00:45:00,2024-12-17,2024-12-17 00:45:00,101.85,0,6.415,0,0.038,100.3,0,0.222,0.964,0,0.004,1.805,0,1.79,0,157.1,0,7.353,0.0,0,0.0,0,0.0,0,0.0,279.0,0,300.0,0,30.0,0,81.0,0,81.0,0,0.0,0,82.07,0,3.0,0,13.42,0,7.678,0,39.317,-76.586,45.0
2024-12-17 00:46:00,2024-12-17,2024-12-17 00:46:00,101.85,0,6.421,0,0.032,100.3,0,0.22,0.965,0,0.004,1.111,0,1.096,0,139.6,0,9.19,0.0,0,0.0,0,0.0,0,0.0,282.0,0,298.0,0,30.0,0,81.0,0,81.0,0,0.0,0,82.07,0,3.0,0,13.42,0,7.679,0,39.317,-76.586,45.0
2024-12-17 00:47:00,2024-12-17,2024-12-17 00:47:00,101.84,0,6.43,0,0.037,100.3,0,0.197,0.965,0,0.004,1.423,0,1.388,0,134.3,0,12.72,0.0,0,0.0,0,0.0,0,0.0,270.0,0,292.0,0,30.0,0,81.0,0,81.0,0,0.0,0,82.07,0,3.0,0,13.42,0,7.679,0,39.317,-76.586,45.0
2024-12-17 00:48:00,2024-12-17,2024-12-17 00:48:00,101.84,0,6.431,0,0.038,100.4,0,0.239,0.966,0,0.004,1.64,0,1.627,0,150.2,0,7.131,0.0,0,0.0,0,0.0,0,0.0,270.0,0,287.0,0,30.0,0,34.0,0,81.0,0,0.0,0,82.07,0,3.0,0,13.42,0,7.681,0,39.317,-76.586,45.0
2024-12-17 00:49:00,2024-12-17,2024-12-17 00:49:00,101.85,0,6.431,0,0.034,100.3,0,0.221,0.965,0,0.004,1.666,0,1.626,0,143.9,0,12.6,0.0,0,0.0,0,0.324,0,0.0,282.0,0,284.0,0,30.0,0,34.0,0,81.0,0,0.0,0,82.07,0,3.0,0,13.42,0,7.681,0,39.317,-76.586,45.0
2024-12-17 00:50:00,2024-12-17,2024-12-17 00:50:00,101.85,0,6.443,0,0.034,100.4,0,0.256,0.967,0,0.004,1.824,0,1.796,0,160.5,0,10.2,0.0,0,0.0,0,0.476,0,0.0,278.0,0,281.0,0,30.0,0,34.0,0,81.0,0,0.0,0,82.07,0,3.0,0,13.42,0,7.681,0,39.317,-76.586,45.0
2024-12-17 00:51:00,2024-12-17,2024-12-17 00:51:00,101.86,0,6.447,0,0.033,100.3,0,0.209,0.967,0,0.004,1.248,0,1.199,0,164.9,0,15.95,0.0,0,0.0,0,1.0,0,0.0,285.0,0,280.0,0,61.0,0,81.0,0,81.0,0,0.09,0,82.07,0,3.0,0,13.42,0,7.681,0,39.317,-76.586,45.0
2024-12-17 00:52:00,2024-12-17,2024-12-17 00:52:00,101.87,0,6.438,0,0.034,100.3,0,0.216,0.966,0,0.004,1.437,0,1.412,0,162.8,0,10.68,0.0,0,0.0,0,0.332,0,0.0,276.0,0,279.0,0,61.0,0,81.0,0,81.0,0,0.83,0,82.09,0,3.0,0,13.42,0,7.684,0,39.317,-76.586,45.0
2024-12-17 00:53:00,2024-12-17,2024-12-17 00:53:00,101.87,0,6.443,0,0.034,100.4,0,0.231,0.967,0,0.004,0.864,0,0.836,0,175.4,0,14.57,0.0,0,0.0,0,1.24,0,0.0,294.0,0,280.0,0,61.0,0,81.0,0,81.0,0,0.72,0,82.1,0,3.0,0,13.42,0,7.684,0,39.317,-76.586,45.0
2024-12-17 00:54:00,2024-12-17,2024-12-17 00:54:00,101.87,0,6.458,0,0.035,100.4,0,0.262,0.969,0,0.004,0.439,0,0.437,0,178.2,0,5.13,0.254,0,0.256,0,4.89,0,0.0,300.0,0,281.0,0,62.0,0,81.0,0,81.0,0,3.01,0,82.15,0,3.0,0,13.42,0,7.687,0,39.317,-76.586,45.0
2024-12-17 00:55:00,2024-12-17,2024-12-17 00:55:00,101.87,0,6.456,0,0.031,100.3,0,0.227,0.968,0,0.004,1.542,0,1.437,0,178.0,0,21.12,0.0,0,0.0,0,3.06,0,0.0,312.0,0,284.0,0,62.0,0,81.0,0,81.0,0,3.9,0,82.21,0,3.0,0,13.42,0,7.687,0,39.317,-76.586,45.0
2024-12-17 00:56:00,2024-12-17,2024-12-17 00:56:00,101.87,0,6.455,0,0.04,100.3,0,0.224,0.967,0,0.004,1.156,0,1.128,0,165.3,0,12.7,0.0,0,0.0,0,2.76,0,0.0,373.0,0,291.0,0,62.0,0,81.0,0,81.0,0,2.49,0,82.25,0,3.0,0,13.42,0,7.687,0,39.317,-76.586,45.0
2024-12-17 00:57:00,2024-12-17,2024-12-17 00:57:00,101.87,0,6.464,0,0.064,100.4,0,0.285,0.969,0,0.006,1.254,0,1.234,0,173.7,0,10.26,0.0,0,0.0,0,2.31,0,0.0,416.0,0,303.0,0,62.0,0,82.0,0,81.0,0,2.76,0,82.3,0,3.0,0,13.42,0,7.69,0,39.317,-76.586,45.0
2024-12-17 00:58:00,2024-12-17,2024-12-17 00:58:00,101.87,0,6.459,0,0.042,100.4,0,0.226,0.968,0,0.004,0.889,0,0.866,0,159.7,0,13.03,0.0,0,0.0,0,1.27,0,0.0,428.0,0,316.0,0,61.0,0,82.0,0,81.0,0,0.67,0,82.31,0,3.0,0,13.42,0,7.69,0,39.317,-76.586,45.0
2024-12-17 00:59:00,2024-12-17,2024-12-17 00:59:00,101.86,0,6.46,0,0.039,100.4,0,0.281,0.969,0,0.004,1.534,0,1.498,0,180.5,0,12.43,0.0,0,0.0,0,0.33,0,0.0,489.0,0,331.0,0,61.0,0,82.0,0,81.0,0,0.32,0,82.32,0,3.0,0,13.42,0,7.693,0,39.317,-76.586,45.0
2024-12-17 01:00:00,2024-12-17,2024-12-17 01:00:00,101.86,0,6.472,0,0.04,100.4,0,0.226,0.969,0,0.004,1.534,0,1.515,0,163.7,0,8.91,0.0,0,0.0,0,0.109,0,0.0,485.0,0,349.0,0,61.0,0,82.0,0,81.0,0,0.15,0,82.32,0,3.0,0,13.42,0,7.692,0,39.317,-76.586,45.0
2024-12-17 01:01:00,2024-12-17,2024-12-17 01:01:00,101.86,0,6.469,0,0.049,100.4,0,0.242,0.969,0,0.005,1.555,0,1.522,0,164.1,0,11.79,0.0,0,0.0,0,0.006,0,0.0,618.0,0,373.0,0,61.0,0,82.0,0,81.0,0,0.02,0,82.32,0,3.0,0,13.42,0,7.692,0,39.317,-76.586,45.0
2024-12-17 01:02:00,2024-12-17,2024-12-17 01:02:00,101.86,0,6.469,0,0.036,100.4,0,0.254,0.969,0,0.004,1.349,0,1.31,0,160.8,0,13.8,0.0,0,0.0,0,0.062,0,0.0,475.0,0,396.0,0,61.0,0,82.0,0,81.0,0,0.08,0,82.32,0,3.0,0,13.42,0,7.692,0,39.317,-76.586,45.0
2024-12-17 01:03:00,2024-12-17,2024-12-17 01:03:00,101.86,0,6.478,0,0.036,100.3,0,0.248,0.969,0,0.004,1.432,0,1.357,0,160.6,0,18.58,0.254,0,0.256,0,1.11,0,0.0,479.0,0,418.0,0,61.0,0,82.0,0,81.0,0,1.01,0,82.34,0,3.0,0,13.42,0,7.695,0,39.317,-76.586,45.0
2024-12-17 01:04:00,2024-12-17,2024-12-17 01:04:00,101.86,0,6.487,0,0.038,100.4,0,0.24,0.97,0,0.004,1.512,0,1.484,0,163.1,0,11.2,0.0,0,0.0,0,0.544,0,0.0,510.0,0,444.0,0,61.0,0,82.0,0,81.0,0,0.69,0,82.35,0,3.0,0,13.42,0,7.698,0,39.317,-76.586,45.0
2024-12-17 01:05:00,2024-12-17,2024-12-17 01:05:00,101.85,0,6.491,0,0.031,100.3,0,0.202,0.97,0,0.004,1.383,0,1.35,0,161.6,0,12.51,0.0,0,0.0,0,0.601,0,0.0,522.0,0,471.0,0,61.0,0,82.0,0,81.0,0,0.61,0,82.36,0,3.0,0,13.42,0,7.698,0,39.317,-76.586,45.0
2024-12-17 01:06:00,2024-12-17,2024-12-17 01:06:00,101.85,0,6.5,0,0.035,100.3,0,0.243,0.971,0,0.004,1.001,0,0.969,0,172.0,0,14.57,0.0,0,0.0,0,1.02,0,0.0,571.0,0,493.0,0,61.0,0,82.0,0,81.0,0,1.39,0,82.38,0,3.0,0,13.42,0,7.697,0,39.317,-76.586,45.0
2024-12-17 01:07:00,2024-12-17,2024-12-17 01:07:00,101.85,0,6.51,0,0.032,100.4,0,0.239,0.972,0,0.004,0.889,0,0.854,0,165.4,0,15.93,0.0,0,0.0,0,0.396,0,0.0,612.0,0,512.0,0,61.0,0,82.0,0,81.0,0,0.51,0,82.39,0,3.0,0,13.42,0,7.7,0,39.317,-76.586,45.0
2024-12-17 01:08:00,2024-12-17,2024-12-17 01:08:00,101.86,0,6.526,0,0.041,100.4,0,0.223,0.972,0,0.004,0.978,0,0.792,0,179.3,0,35.35,0.0,0,0.0,0,0.881,0,0.0,658.0,0,535.0,0,61.0,0,82.0,0,81.0,0,1.02,0,82.41,0,3.0,0,13.42,0,7.703,0,39.317,-76.586,45.0
2024-12-17 01:09:00,2024-12-17,2024-12-17 01:09:00,101.86,0,6.531,0,0.038,100.3,0,0.243,0.973,0,0.004,0.74,0,0.708,0,169.6,0,16.83,0.0,0,0.0,0,2.71,0,0.0,812.0,0,559.0,0,62.0,0,82.0,0,81.0,0,4.03,0,82.48,0,3.0,0,13.42,0,7.703,0,39.317,-76.586,45.0
2024-12-17 01:10:00,2024-12-17,2024-12-17 01:10:00,101.86,0,6.527,0,0.032,100.3,0,0.246,0.972,0,0.004,1.617,0,1.595,0,160.8,0,9.45,0.254,0,0.256,0,1.59,0,0.0,948.0,0,591.0,0,61.0,0,82.0,0,81.0,0,1.49,0,82.5,0,3.0,0,13.42,0,7.703,0,39.317,-76.586,45.0
2024-12-17 01:11:00,2024-12-17,2024-12-17 01:11:00,101.86,0,6.539,0,0.04,100.3,0,0.233,0.973,0,0.004,1.54,0,1.47,0,167.3,0,17.25,0.254,0,0.256,0,4.62,0,0.0,824.0,0,606.0,0,62.0,0,82.0,0,82.0,0,6.21,0,82.6,0,3.0,0,13.42,0,7.706,0,39.317,-76.586,45.0
2024-12-17 01:12:00,2024-12-17,2024-12-17 01:12:00,101.85,0,6.538,0,0.033,100.4,0,0.273,0.974,0,0.004,1.63,0,1.58,0,166.0,0,14.22,0.0,0,0.0,0,5.35,0,0.0,925.0,0,646.0,0,62.0,0,82.0,0,82.0,0,7.24,0,82.72,0,3.0,0,13.42,0,7.706,0,39.317,-76.586,45.0
2024-12-17 01:13:00,2024-12-17,2024-12-17 01:13:00,101.85,0,6.535,0,0.035,100.3,0,0.191,0.973,0,0.004,1.668,0,1.645,0,164.8,0,9.44,0.0,0,0.0,0,5.53,0,0.0,1079.0,0,698.0,0,62.0,0,82.0,0,82.0,0,6.91,0,82.84,0,3.0,0,13.42,0,7.709,0,39.317,-76.586,45.0
2024-12-17 01:14:00,2024-12-17,2024-12-17 01:14:00,101.85,0,6.539,0,0.036,100.3,0,0.215,0.973,0,0.004,1.289,0,1.263,0,150.8,0,11.4,0.0,0,0.0,0,2.1,0,0.0,1055.0,0,751.0,0,62.0,0,82.0,0,82.0,0,3.1,0,82.89,0,3.0,0,13.42,0,7.711,0,39.317,-76.586,45.0
2024-12-17 01:15:00,2024-12-17,2024-12-17 01:15:00,101.85,0,6.539,0,0.038,100.4,0,0.25,0.973,0,0.004,1.375,0,1.354,0,165.8,0,10.13,0.254,0,0.256,0,0.773,0,0.0,1017.0,0,808.0,0,61.0,0,82.0,0,82.0,0,1.89,0,82.92,0,3.0,0,13.42,0,7.711,0,39.317,-76.586,45.0
2024-12-17 01:16:00,2024-12-17,2024-12-17 01:16:00,101.85,0,6.545,0,0.039,100.4,0,0.265,0.974,0,0.004,1.063,0,1.036,0,151.3,0,12.98,0.0,0,0.0,0,1.34,0,0.0,1000.0,0,861.0,0,61.0,0,82.0,0,82.0,0,1.68,0,82.95,0,3.0,0,13.42,0,7.712,0,39.317,-76.586,45.0
2024-12-17 01:17:00,2024-12-17,2024-12-17 01:17:00,101.84,0,6.542,0,0.035,100.4,0,0.268,0.974,0,0.004,1.619,0,1.596,0,158.0,0,9.53,0.0,0,0.0,0,1.12,0,0.0,956.0,0,908.0,0,61.0,0,82.0,0,82.0,0,1.63,0,82.98,0,3.0,0,13.42,0,7.717,0,39.317,-76.586,45.0
2024-12-17 01:18:00,2024-12-17,2024-12-17 01:18:00,101.84,0,6.541,0,0.055,100.4,0,0.257,0.974,0,0.005,1.423,0,1.404,0,149.1,0,9.21,0.0,0,0.0,0,1.12,0,0.0,1103.0,0,962.0,0,61.0,0,82.0,0,82.0,0,1.66,0,83.01,0,3.0,0,13.42,0,7.72,0,39.317,-76.586,45.0
2024-12-17 01:19:00,2024-12-17,2024-12-17 01:19:00,101.84,0,6.546,0,0.035,100.4,0,0.186,0.974,0,0.004,1.952,0,1.921,0,156.4,0,10.13,0.0,0,0.0,0,1.15,0,0.0,1120.0,0,994.0,0,61.0,0,82.0,0,82.0,0,1.71,0,83.03,0,3.0,0,13.42,0,7.72,0,39.317,-76.586,45.0
2024-12-17 01:20:00,2024-12-17,2024-12-17 01:20:00,101.83,0,6.541,0,0.037,100.3,0,0.224,0.973,0,0.004,1.772,0,1.712,0,155.8,0,14.91,0.0,0,0.0,0,0.774,0,0.0,1374.0,0,1027.0,0,61.0,0,82.0,0,82.0,0,0.76,0,83.05,0,3.0,0,13.42,0,7.722,0,39.317,-76.586,45.0
2024-12-17 01:21:00,2024-12-17,2024-12-17 01:21:00,101.83,0,6.54,0,0.039,100.4,0,0.292,0.974,0,0.005,2.13,0,2.1,0,146.2,0,9.62,0.0,0,0.0,0,0.106,0,0.0,1742.0,0,1099.0,0,61.0,0,82.0,0,82.0,0,0.15,0,83.05,0,3.0,0,13.42,0,7.722,0,39.317,-76.586,45.0
2024-12-17 01:22:00,2024-12-17,2024-12-17 01:22:00,101.83,0,6.539,0,0.034,100.3,0,0.215,0.973,0,0.004,2.094,0,2.046,0,149.6,0,12.19,0.0,0,0.0,0,0.067,0,0.0,2173.0,0,1178.0,0,61.0,0,82.0,0,82.0,0,0.03,0,83.05,0,3.0,0,13.42,0,7.725,0,39.317,-76.586,45.0
2024-12-17 01:23:00,2024-12-17,2024-12-17 01:23:00,101.83,0,6.542,0,0.03,100.4,0,0.254,0.974,0,0.004,2.118,0,2.091,0,152.4,0,9.25,0.0,0,0.0,0,0.004,0,0.0,2348.0,0,1250.0,0,61.0,0,82.0,0,82.0,0,0.01,0,83.05,0,3.0,0,13.42,0,7.728,0,39.317,-76.586,45.0
2024-12-17 01:24:00,2024-12-17,2024-12-17 01:24:00,101.84,0,6.554,0,0.039,100.4,0,0.248,0.974,0,0.004,1.633,0,1.588,0,158.9,0,13.48,0.0,0,0.0,0,0.0,0,0.0,2408.0,0,1338.0,0,61.0,0,82.0,0,82.0,0,0.0,0,83.05,0,3.0,0,13.42,0,7.728,0,39.317,-76.586,45.0
2024-12-17 01:25:00,2024-12-17,2024-12-17 01:25:00,101.85,0,6.559,0,0.033,100.3,0,0.228,0.975,0,0.004,1.235,0,1.211,0,165.9,0,11.25,0.0,0,0.0,0,0.0,0,0.0,2516.0,0,1450.0,0,61.0,0,82.0,0,82.0,0,0.0,0,83.05,0,3.0,0,13.42,0,7.731,0,39.317,-76.586,45.0
2024-12-17 01:26:00,2024-12-17,2024-12-17 01:26:00,101.84,0,6.558,0,0.038,100.3,0,0.198,0.974,0,0.004,1.346,0,1.309,0,167.1,0,13.37,0.0,0,0.0,0,0.0,0,0.0,2397.0,0,1584.0,0,61.0,0,82.0,0,82.0,0,0.0,0,83.05,0,3.0,0,13.42,0,7.73,0,39.317,-76.586,45.0
2024-12-17 01:27:00,2024-12-17,2024-12-17 01:27:00,101.84,0,6.556,0,0.033,100.4,0,0.251,0.975,0,0.004,1.318,0,1.254,0,170.4,0,17.84,0.0,0,0.0,0,0.0,0,0.0,2345.0,0,1760.0,0,61.0,0,81.0,0,82.0,0,0.0,0,83.05,0,3.0,0,13.42,0,7.731,0,39.317,-76.586,45.0
2024-12-17 01:28:00,2024-12-17,2024-12-17 01:28:00,101.84,0,6.559,0,0.036,100.3,0,0.209,0.975,0,0.004,0.97,0,0.911,0,184.3,0,20.02,0.0,0,0.0,0,0.0,0,0.0,2340.0,0,1926.0,0,61.0,0,81.0,0,82.0,0,0.01,0,83.05,0,3.0,0,13.42,0,7.736,0,39.317,-76.586,45.0
2024-12-17 01:29:00,2024-12-17,2024-12-17 01:29:00,101.84,0,6.57,0,0.035,100.4,0,0.256,0.975,0,0.004,1.695,0,1.646,0,173.9,0,13.81,0.0,0,0.0,0,0.019,0,0.0,2419.0,0,2127.0,0,61.0,0,81.0,0,82.0,0,0.13,0,83.05,0,3.0,0,13.42,0,7.736,0,39.317,-76.586,45.0
2024-12-17 01:30:00,2024-12-17,2024-12-17 01:30:00,101.84,0,6.573,0,0.04,100.4,0,0.258,0.976,0,0.005,0.872,0,0.832,0,157.0,0,17.43,0.254,0,0.256,0,0.177,0,0.0,2441.0,0,2285.0,0,61.0,0,81.0,0,82.0,0,0.3,0,83.06,0,3.0,0,13.42,0,7.736,0,39.317,-76.586,45.0
2024-12-17 01:31:00,2024-12-17,2024-12-17 01:31:00,101.83,0,6.57,0,0.035,100.3,0,0.199,0.975,0,0.004,1.784,0,1.752,0,166.0,0,10.78,0.0,0,0.0,0,0.066,0,0.0,2583.0,0,2390.0,0,61.0,0,81.0,0,82.0,0,0.15,0,83.06,0,3.0,0,13.42,0,7.739,0,39.317,-76.586,45.0
2024-12-17 01:32:00,2024-12-17,2024-12-17 01:32:00,101.82,0,6.571,0,0.056,100.4,0,0.249,0.976,0,0.005,1.349,0,1.223,0,155.2,0,24.75,0.0,0,0.0,0,0.032,0,0.0,2802.0,0,2449.0,0,61.0,0,81.0,0,82.0,0,0.02,0,83.06,0,3.0,0,13.42,0,7.742,0,39.317,-76.586,45.0
2024-12-17 01:33:00,2024-12-17,2024-12-17 01:33:00,101.81,0,6.564,0,0.041,100.4,0,0.233,0.975,0,0.004,1.932,0,1.869,0,154.8,0,14.62,0.0,0,0.0,0,0.025,0,0.0,2970.0,0,2505.0,0,61.0,0,81.0,0,82.0,0,0.02,0,83.06,0,3.0,0,13.42,0,7.741,0,39.317,-76.586,45.0
2024-12-17 01:34:00,2024-12-17,2024-12-17 01:34:00,101.8,0,6.581,0,0.035,100.4,0,0.246,0.977,0,0.004,2.105,0,2.074,0,147.7,0,9.91,0.0,0,0.0,0,0.042,0,0.0,3521.0,0,2590.0,0,61.0,0,81.0,0,82.0,0,0.3,0,83.06,0,3.0,0,13.42,0,7.744,0,39.317,-76.586,45.0
2024-12-17 01:35:00,2024-12-17,2024-12-17 01:35:00,101.8,0,6.586,0,0.04,100.4,0,0.265,0.977,0,0.005,2.096,0,2.047,0,153.3,0,12.28,0.0,0,0.0,0,0.0,0,0.0,4386.0,0,2709.0,0,61.0,0,81.0,0,82.0,0,0.5,0,83.07,0,3.0,0,13.42,0,7.744,0,39.317,-76.586,45.0
2024-12-17 01:36:00,2024-12-17,2024-12-17 01:36:00,101.79,0,6.578,0,0.031,100.3,0,0.216,0.976,0,0.004,1.957,0,1.882,0,147.1,0,15.8,0.0,0,0.0,0,0.0,0,0.0,4657.0,0,2867.0,0,52.0,0,61.0,0,62.0,0,0.57,0,83.07,0,3.0,0,13.42,0,7.747,0,39.317,-76.586,45.0
2024-12-17 01:37:00,2024-12-17,2024-12-17 01:37:00,101.79,0,6.578,0,0.036,100.3,0,0.211,0.976,0,0.004,2.225,0,2.181,0,148.1,0,11.33,0.0,0,0.0,0,0.0,0,0.0,4177.0,0,3031.0,0,52.0,0,61.0,0,62.0,0,0.48,0,83.08,0,3.0,0,13.42,0,7.75,0,39.317,-76.586,45.0
2024-12-17 01:38:00,2024-12-17,2024-12-17 01:38:00,101.79,0,6.574,0,0.042,100.4,0,0.241,0.976,0,0.005,2.543,0,2.462,0,158.1,0,14.51,0.0,0,0.0,0,0.0,0,0.0,4132.0,0,3213.0,0,51.0,0,61.0,0,62.0,0,0.41,0,83.08,0,3.0,0,13.42,0,7.75,0,39.317,-76.586,45.0
2024-12-17 01:39:00,2024-12-17,2024-12-17 01:39:00,101.79,0,6.577,0,0.038,100.3,0,0.206,0.976,0,0.004,1.754,0,1.716,0,149.3,0,11.98,0.0,0,0.0,0,0.0,0,0.0,3477.0,0,3349.0,0,51.0,0,61.0,0,62.0,0,0.36,0,83.08,0,3.0,0,13.42,0,7.753,0,39.317,-76.586,45.0
2024-12-17 01:40:00,2024-12-17,2024-12-17 01:40:00,101.79,0,6.581,0,0.041,100.4,0,0.244,0.977,0,0.004,1.277,0,1.258,0,146.6,0,10.06,0.0,0,0.0,0,0.0,0,0.0,3616.0,0,3505.0,0,51.0,0,61.0,0,62.0,0,0.32,0,83.09,0,3.0,0,13.42,0,7.753,0,39.317,-76.586,45.0
2024-12-17 01:41:00,2024-12-17,2024-12-17 01:41:00,101.8,0,6.584,0,0.033,100.4,0,0.255,0.977,0,0.004,1.233,0,1.206,0,164.2,0,11.94,0.0,0,0.0,0,0.0,0,0.0,3939.0,0,3677.0,0,51.0,0,61.0,0,62.0,0,0.3,0,83.09,0,3.0,0,13.42,0,7.755,0,39.317,-76.586,45.0
2024-12-17 01:42:00,2024-12-17,2024-12-17 01:42:00,101.81,0,6.589,0,0.033,100.4,0,0.241,0.977,0,0.004,1.246,0,1.15,0,170.8,0,22.47,0.0,0,0.0,0,0.0,0,0.0,3939.0,0,3821.0,0,10.0,0,81.0,0,82.0,0,0.0,0,83.09,0,3.0,0,13.42,0,7.758,0,39.317,-76.586,45.0
2024-12-17 01:43:00,2024-12-17,2024-12-17 01:43:00,101.81,0,6.595,0,0.035,100.3,0,0.2,0.977,0,0.004,0.758,0,0.737,0,185.0,0,13.34,0.0,0,0.0,0,0.0,0,0.0,3804.0,0,3932.0,0,10.0,0,81.0,0,82.0,0,0.0,0,83.09,0,3.0,0,13.42,0,7.758,0,39.317,-76.586,45.0
2024-12-17 01:44:00,2024-12-17,2024-12-17 01:44:00,101.8,0,6.602,0,0.034,100.4,0,0.257,0.978,0,0.004,1.199,0,1.174,0,178.9,0,11.72,0.0,0,0.0,0,0.0,0,0.0,3642.0,0,3947.0,0,10.0,0,81.0,0,82.0,0,0.0,0,83.09,0,3.0,0,13.42,0,7.758,0,39.317,-76.586,45.0
2024-12-17 01:45:00,2024-12-17,2024-12-17 01:45:00,101.8,0,6.612,0,0.038,100.4,0,0.256,0.978,0,0.005,1.468,0,1.434,0,174.4,0,12.44,0.0,0,0.0,0,0.0,0,0.0,3739.0,0,3887.0,0,10.0,0,81.0,0,82.0,0,0.0,0,83.09,0,3.0,0,13.42,0,7.761,0,39.317,-76.586,45.0
2024-12-17 01:46:00,2024-12-17,2024-12-17 01:46:00,101.8,0,6.619,0,0.039,100.4,0,0.23,0.979,0,0.004,1.168,0,1.134,0,167.7,0,13.82,0.0,0,0.0,0,0.0,0,0.0,4152.0,0,3843.0,0,10.0,0,81.0,0,82.0,0,0.0,0,83.09,0,3.0,0,13.42,0,7.764,0,39.317,-76.586,45.0
2024-12-17 01:47:00,2024-12-17,2024-12-17 01:47:00,101.8,0,6.615,0,0.033,100.4,0,0.23,0.979,0,0.004,1.563,0,1.521,0,163.7,0,13.35,0.0,0,0.0,0,0.0,0,0.0,4336.0,0,3836.0,0,10.0,0,81.0,0,82.0,0,0.0,0,83.09,0,3.0,0,13.42,0,7.763,0,39.317,-76.586,45.0
2024-12-17 01:48:00,2024-12-17,2024-12-17 01:48:00,101.8,0,6.632,0,0.039,100.3,0,0.202,0.98,0,0.004,1.535,0,1.515,0,175.3,0,9.3,0.0,0,0.0,0,0.0,0,0.0,4607.0,0,3920.0,0,10.0,0,81.0,0,82.0,0,0.0,0,83.09,0,3.0,0,13.42,0,7.763,0,39.317,-76.586,45.0
2024-12-17 01:49:00,2024-12-17,2024-12-17 01:49:00,101.8,0,6.634,0,0.033,100.4,0,0.248,0.98,0,0.004,0.987,0,0.925,0,179.3,0,20.28,0.0,0,0.0,0,0.0,0,0.0,4449.0,0,4014.0,0,10.0,0,81.0,0,82.0,0,0.0,0,83.09,0,3.0,0,13.42,0,7.766,0,39.317,-76.586,45.0
2024-12-17 01:50:00,2024-12-17,2024-12-17 01:50:00,101.81,0,6.633,0,0.037,100.3,0,0.229,0.98,0,0.004,1.281,0,1.256,0,172.7,0,11.25,0.0,0,0.0,0,0.0,0,0.0,4569.0,0,4095.0,0,10.0,0,81.0,0,62.0,0,0.0,0,83.09,0,3.0,0,13.42,0,7.769,0,39.317,-76.586,45.0
2024-12-17 01:51:00,2024-12-17,2024-12-17 01:51:00,101.81,0,6.644,0,0.044,100.4,0,0.227,0.981,0,0.004,1.081,0,1.055,0,200.1,0,12.58,0.0,0,0.0,0,0.0,0,0.0,5439.0,0,4234.0,0,10.0,0,81.0,0,62.0,0,0.0,0,83.09,0,3.0,0,13.42,0,7.772,0,39.317,-76.586,45.0
2024-12-17 01:52:00,2024-12-17,2024-12-17 01:52:00,101.8,0,6.659,0,0.036,100.3,0,0.201,0.981,0,0.004,1.272,0,1.199,0,189.6,0,19.42,0.0,0,0.0,0,0.0,0,0.0,4809.0,0,4265.0,0,10.0,0,81.0,0,62.0,0,0.0,0,83.09,0,3.0,0,13.42,0,7.774,0,39.317,-76.586,45.0
2024-12-17 01:53:00,2024-12-17,2024-12-17 01:53:00,101.81,0,6.66,0,0.04,100.3,0,0.194,0.981,0,0.004,1.05,0,0.999,0,185.9,0,17.86,0.0,0,0.0,0,0.834,0,0.0,4104.0,0,4301.0,0,61.0,0,81.0,0,82.0,0,1.06,0,83.11,0,3.0,0,13.42,0,7.774,0,39.317,-76.586,45.0
2024-12-17 01:54:00,2024-12-17,2024-12-17 01:54:00,101.8,0,6.666,0,0.039,100.4,0,0.206,0.982,0,0.004,1.31,0,1.273,0,190.9,0,13.59,0.0,0,0.0,0,0.512,0,0.0,3664.0,0,4304.0,0,61.0,0,81.0,0,82.0,0,0.65,0,83.12,0,3.0,0,13.42,0,7.777,0,39.317,-76.586,45.0
2024-12-17 01:55:00,2024-12-17,2024-12-17 01:55:00,101.79,0,6.68,0,0.032,100.4,0,0.238,0.983,0,0.004,1.223,0,1.192,0,174.3,0,12.99,0.0,0,0.0,0,0.375,0,0.0,3977.0,0,4333.0,0,61.0,0,81.0,0,82.0,0,0.53,0,83.13,0,3.0,0,13.42,0,7.777,0,39.317,-76.586,45.0
2024-12-17 01:56:00,2024-12-17,2024-12-17 01:56:00,101.79,0,6.659,0,0.037,100.4,0,0.24,0.982,0,0.004,1.527,0,1.496,0,154.5,0,11.6,0.0,0,0.0,0,0.073,0,0.0,3851.0,0,4294.0,0,61.0,0,81.0,0,82.0,0,0.2,0,83.13,0,3.0,0,13.42,0,7.78,0,39.317,-76.586,45.0
2024-12-17 01:57:00,2024-12-17,2024-12-17 01:57:00,101.79,0,6.671,0,0.034,100.4,0,0.233,0.982,0,0.004,1.913,0,1.851,0,168.2,0,14.56,0.0,0,0.0,0,0.094,0,0.0,4174.0,0,4278.0,0,61.0,0,81.0,0,82.0,0,0.09,0,83.13,0,3.0,0,13.42,0,7.782,0,39.317,-76.586,45.0
2024-12-17 01:58:00,2024-12-17,2024-12-17 01:58:00,101.79,0,6.688,0,0.04,100.3,0,0.204,0.983,0,0.004,1.617,0,1.562,0,181.7,0,14.88,0.0,0,0.0,0,0.045,0,0.0,3772.0,0,4192.0,0,61.0,0,81.0,0,82.0,0,0.02,0,83.13,0,3.0,0,13.42,0,7.785,0,39.317,-76.586,45.0
2024-12-17 01:59:00,2024-12-17,2024-12-17 01:59:00,101.79,0,6.699,0,0.031,100.4,0,0.26,0.985,0,0.004,0.58,0,0.543,0,172.0,0,20.4,0.0,0,0.0,0,0.001,0,0.0,4084.0,0,4157.0,0,61.0,0,81.0,0,82.0,0,0.01,0,83.13,0,3.0,0,13.42,0,7.788,0,39.317,-76.586,45.0
2024-12-17 02:00:00,2024-12-17,2024-12-17 02:00:00,101.79,0,6.691,0,0.045,100.4,0,0.268,0.984,0,0.005,0.774,0,0.736,0,171.2,0,17.89,0.0,0,0.0,0,0.004,0,0.0,4474.0,0,4149.0,0,61.0,0,81.0,0,82.0,0,0.0,0,83.13,0,3.0,0,13.42,0,7.791,0,39.317,-76.586,45.0
2024-12-17 02:01:00,2024-12-17,2024-12-17 02:01:00,101.79,0,6.69,0,0.039,100.3,0,0.198,0.983,0,0.004,1.138,0,1.118,0,179.7,0,10.74,0.0,0,0.0,0,0.0,0,0.0,4356.0,0,4071.0,0,61.0,0,81.0,0,82.0,0,0.0,0,83.13,0,3.0,0,13.42,0,7.794,0,39.317,-76.586,45.0
2024-12-17 02:02:00,2024-12-17,2024-12-17 02:02:00,101.78,0,6.71,0,0.034,100.4,0,0.272,0.985,0,0.004,1.279,0,1.22,0,151.7,0,17.44,0.0,0,0.0,0,0.0,0,0.0,4681.0,0,4112.0,0,61.0,0,81.0,0,82.0,0,0.0,0,83.13,0,3.0,0,13.42,0,7.796,0,39.317,-76.586,45.0
2024-12-17 02:03:00,2024-12-17,2024-12-17 02:03:00,101.76,0,6.698,0,0.033,100.3,0,0.236,0.984,0,0.004,1.676,0,1.606,0,153.5,0,16.59,0.0,0,0.0,0,0.0,0,0.0,4265.0,0,4091.0,0,61.0,0,81.0,0,82.0,0,0.0,0,83.13,0,3.0,0,13.42,0,7.799,0,39.317,-76.586,45.0
2024-12-17 02:04:00,2024-12-17,2024-12-17 02:04:00,101.76,0,6.7,0,0.046,100.4,0,0.24,0.985,0,0.005,1.934,0,1.88,0,149.0,0,13.54,0.0,0,0.0,0,0.0,0,0.0,4092.0,0,4161.0,0,61.0,0,81.0,0,82.0,0,0.0,0,83.13,0,3.0,0,13.42,0,7.801,0,39.317,-76.586,45.0
2024-12-17 02:05:00,2024-12-17,2024-12-17 02:05:00,101.76,0,6.693,0,0.041,100.3,0,0.191,0.983,0,0.004,1.147,0,1.127,0,150.3,0,10.53,0.0,0,0.0,0,0.0,0,0.0,4059.0,0,4165.0,0,10.0,0,81.0,0,82.0,0,0.0,0,83.13,0,3.0,0,13.42,0,7.804,0,39.317,-76.586,45.0
2024-12-17 02:06:00,2024-12-17,2024-12-17 02:06:00,101.77,0,6.693,0,0.04,100.3,0,0.205,0.984,0,0.004,1.886,0,1.847,0,161.0,0,11.71,0.0,0,0.0,0,0.0,0,0.0,4179.0,0,4200.0,0,10.0,0,81.0,0,82.0,0,0.0,0,83.13,0,3.0,0,13.42,0,7.805,0,39.317,-76.586,45.0
2024-12-17 02:07:00,2024-12-17,2024-12-17 02:07:00,101.77,0,6.704,0,0.036,100.4,0,0.203,0.985,0,0.004,2.02,0,1.933,0,165.7,0,16.83,0.0,0,0.0,0,0.0,0,0.0,3964.0,0,4178.0,0,10.0,0,81.0,0,82.0,0,0.0,0,83.13,0,3.0,0,13.42,0,7.807,0,39.317,-76.586,45.0
2024-12-17 02:08:00,2024-12-17,2024-12-17 02:08:00,101.77,0,6.718,0,0.039,100.3,0,0.221,0.985,0,0.004,1.937,0,1.903,0,164.9,0,10.83,0.0,0,0.0,0,0.0,0,0.0,4279.0,0,4234.0,0,10.0,0,81.0,0,82.0,0,0.0,0,83.13,0,3.0,0,13.42,0,7.813,0,39.317,-76.586,45.0
2024-12-17 02:09:00,2024-12-17,2024-12-17 02:09:00,101.77,0,6.727,0,0.032,100.3,0,0.218,0.986,0,0.004,1.756,0,1.714,0,169.7,0,12.52,0.0,0,0.0,0,0.0,0,0.0,4040.0,0,4229.0,0,10.0,0,81.0,0,81.0,0,0.0,0,83.13,0,3.0,0,13.42,0,7.815,0,39.317,-76.586,45.0
2024-12-17 02:10:00,2024-12-17,2024-12-17 02:10:00,101.76,0,6.738,0,0.04,100.4,0,0.273,0.987,0,0.005,1.777,0,1.747,0,168.5,0,10.49,0.0,0,0.0,0,0.0,0,0.0,4557.0,0,4236.0,0,10.0,0,81.0,0,81.0,0,0.0,0,83.13,0,3.0,0,13.42,0,7.815,0,39.317,-76.586,45.0
2024-12-17 02:11:00,2024-12-17,2024-12-17 02:11:00,101.76,0,6.746,0,0.037,100.4,0,0.253,0.988,0,0.004,1.839,0,1.817,0,158.7,0,8.98,0.0,0,0.0,0,0.0,0,0.0,4344.0,0,4235.0,0,10.0,0,81.0,0,81.0,0,0.0,0,83.13,0,3.0,0,13.42,0,7.818,0,39.317,-76.586,45.0
2024-12-17 02:12:00,2024-12-17,2024-12-17 02:12:00,101.77,0,6.748,0,0.049,100.4,0,0.227,0.988,0,0.005,1.501,0,1.49,0,163.4,0,7.091,0.0,0,0.0,0,0.0,0,0.0,4244.0,0,4196.0,0,10.0,0,81.0,0,81.0,0,0.0,0,83.13,0,3.0,0,13.42,0,7.823,0,39.317,-76.586,45.0
2024-12-17 02:13:00,2024-12-17,2024-12-17 02:13:00,101.78,0,6.742,0,0.036,100.3,0,0.243,0.987,0,0.004,1.321,0,1.238,0,195.5,0,20.34,0.0,0,0.0,0,0.0,0,0.0,4102.0,0,4180.0,0,10.0,0,81.0,0,81.0,0,0.0,0,83.13,0,3.0,0,13.42,0,7.826,0,39.317,-76.586,45.0
2024-12-17 02:14:00,2024-12-17,2024-12-17 02:14:00,101.78,0,6.76,0,0.038,100.3,0,0.241,0.988,0,0.004,1.522,0,1.473,0,195.7,0,14.5,0.0,0,0.0,0,0.0,0,0.0,4189.0,0,4189.0,0,10.0,0,81.0,0,81.0,0,0.0,0,83.13,0,3.0,0,13.42,0,7.826,0,39.317,-76.586,45.0
2024-12-17 02:15:00,2024-12-17,2024-12-17 02:15:00,101.78,0,6.767,0,0.033,100.4,0,0.258,0.989,0,0.004,1.361,0,1.299,0,178.0,0,17.17,0.0,0,0.0,0,0.0,0,0.0,4386.0,0,4222.0,0,10.0,0,81.0,0,81.0,0,0.0,0,83.13,0,3.0,0,13.42,0,7.831,0,39.317,-76.586,45.0
2024-12-17 02:16:00,2024-12-17,2024-12-17 02:16:00,101.78,0,6.781,0,0.04,100.4,0,0.26,0.99,0,0.004,1.364,0,1.217,0,178.9,0,26.55,0.0,0,0.0,0,0.0,0,0.0,4311.0,0,4235.0,0,10.0,0,81.0,0,81.0,0,0.0,0,83.13,0,3.0,0,13.42,0,7.834,0,39.317,-76.586,45.0
2024-12-17 02:17:00,2024-12-17,2024-12-17 02:17:00,101.78,0,6.796,0,0.042,100.4,0,0.268,0.991,0,0.005,1.411,0,1.336,0,184.3,0,18.7,0.0,0,0.0,0,0.0,0,0.0,4288.0,0,4270.0,0,10.0,0,23.0,0,81.0,0,0.0,0,83.13,0,3.0,0,13.42,0,7.834,0,39.317,-76.586,45.0
2024-12-17 02:18:00,2024-12-17,2024-12-17 02:18:00,101.78,0,6.792,0,0.037,100.3,0,0.241,0.99,0,0.004,1.23,0,1.146,0,173.0,0,21.09,0.0,0,0.0,0,0.0,0,0.0,4383.0,0,4280.0,0,10.0,0,23.0,0,81.0,0,0.0,0,83.13,0,3.0,0,13.42,0,7.84,0,39.317,-76.586,45.0
2024-12-17 02:19:00,2024-12-17,2024-12-17 02:19:00,101.78,0,6.79,0,0.034,100.4,0,0.217,0.99,0,0.004,1.014,0,0.979,0,196.4,0,15.14,0.0,0,0.0,0,0.0,0,0.0,4172.0,0,4294.0,0,10.0,0,23.0,0,81.0,0,0.0,0,83.13,0,3.0,0,13.42,0,7.843,0,39.317,-76.586,45.0
2024-12-17 02:20:00,2024-12-17,2024-12-17 02:20:00,101.78,0,6.801,0,0.041,100.4,0,0.235,0.992,0,0.005,0.616,0,0.561,0,192.7,0,23.2,0.0,0,0.0,0,0.0,0,0.0,4188.0,0,4259.0,0,10.0,0,23.0,0,81.0,0,0.0,0,83.13,0,3.0,0,13.42,0,7.845,0,39.317,-76.586,45.0
2024-12-17 02:21:00,2024-12-17,2024-12-17 02:21:00,101.78,0,6.804,0,0.033,100.4,0,0.258,0.992,0,0.004,1.081,0,1.044,0,186.6,0,15.04,0.0,0,0.0,0,0.0,0,0.0,4123.0,0,4237.0,0,10.0,0,23.0,0,81.0,0,0.0,0,83.13,0,3.0,0,13.42,0,7.848,0,39.317,-76.586,45.0
2024-12-17 02:22:00,2024-12-17,2024-12-17 02:22:00,101.77,0,6.793,0,0.061,100.4,0,0.239,0.991,0,0.005,0.679,0,0.646,0,143.1,0,17.97,0.0,0,0.0,0,0.0,0,0.0,4144.0,0,4226.0,0,61.0,0,81.0,0,81.0,0,0.08,0,83.13,0,3.0,0,13.42,0,7.851,0,39.317,-76.586,45.0
2024-12-17 02:23:00,2024-12-17,2024-12-17 02:23:00,101.76,0,6.8,0,0.034,100.4,0,0.248,0.991,0,0.004,0.807,0,0.772,0,174.2,0,16.93,0.0,0,0.0,0,0.406,0,0.0,3918.0,0,4206.0,0,61.0,0,81.0,0,81.0,0,0.51,0,83.14,0,3.0,0,13.42,0,7.854,0,39.317,-76.586,45.0
2024-12-17 02:24:00,2024-12-17,2024-12-17 02:24:00,101.76,0,6.803,0,0.039,100.4,0,0.235,0.991,0,0.004,1.022,0,0.956,0,168.3,0,20.71,0.0,0,0.0,0,0.122,0,0.0,3964.0,0,4182.0,0,61.0,0,81.0,0,81.0,0,0.23,0,83.15,0,3.0,0,13.42,0,7.856,0,39.317,-76.586,45.0
2024-12-17 02:25:00,2024-12-17,2024-12-17 02:25:00,101.75,0,6.814,0,0.034,100.4,0,0.23,0.992,0,0.004,0.887,0,0.855,0,163.5,0,15.4,0.0,0,0.0,0,0.003,0,0.0,4065.0,0,4151.0,0,61.0,0,81.0,0,81.0,0,0.05,0,83.15,0,3.0,0,13.41,0,7.862,0,39.317,-76.586,45.0
2024-12-17 02:26:00,2024-12-17,2024-12-17 02:26:00,101.75,0,6.808,0,0.034,100.3,0,0.193,0.991,0,0.004,0.969,0,0.92,0,174.4,0,18.21,0.0,0,0.0,0,0.045,0,0.0,3747.0,0,4092.0,0,61.0,0,81.0,0,81.0,0,0.01,0,83.15,0,3.0,0,13.42,0,7.865,0,39.317,-76.586,45.0
2024-12-17 02:27:00,2024-12-17,2024-12-17 02:27:00,101.75,0,6.82,0,0.036,100.4,0,0.231,0.993,0,0.004,1.135,0,1.075,0,171.4,0,18.6,0.0,0,0.0,0,0.0,0,0.0,4055.0,0,4069.0,0,61.0,0,81.0,0,81.0,0,0.0,0,83.15,0,3.0,0,13.42,0,7.868,0,39.317,-76.586,45.0
2024-12-17 02:28:00,2024-12-17,2024-12-17 02:28:00,101.75,0,6.846,0,0.038,100.4,0,0.212,0.994,0,0.004,0.969,0,0.93,0,184.9,0,16.09,0.0,0,0.0,0,0.002,0,0.0,4202.0,0,4053.0,0,61.0,0,81.0,0,81.0,0,0.13,0,83.15,0,3.0,0,13.42,0,7.873,0,39.317,-76.586,45.0
2024-12-17 02:29:00,2024-12-17,2024-12-17 02:29:00,101.74,0,6.848,0,0.044,100.3,0,0.215,0.994,0,0.004,1.111,0,1.055,0,181.5,0,18.16,0.0,0,0.0,0,0.005,0,0.0,4501.0,0,4082.0,0,61.0,0,81.0,0,81.0,0,0.06,0,83.15,0,3.0,0,13.42,0,7.876,0,39.317,-76.586,45.0
2024-12-17 02:30:00,2024-12-17,2024-12-17 02:30:00,101.74,0,6.845,0,0.035,100.3,0,0.23,0.994,0,0.004,1.124,0,1.108,0,173.9,0,9.54,0.0,0,0.0,0,0.0,0,0.0,4117.0,0,4075.0,0,61.0,0,81.0,0,81.0,0,0.0,0,83.15,0,3.0,0,13.42,0,7.878,0,39.317,-76.586,45.0
2024-12-17 02:31:00,2024-12-17,2024-12-17 02:31:00,101.73,0,6.85,0,0.037,100.5,0,0.265,0.995,0,0.005,1.349,0,1.32,0,162.8,0,11.81,0.0,0,0.0,0,0.0,0,0.0,3844.0,0,4046.0,0,61.0,0,81.0,0,81.0,0,0.0,0,83.15,0,3.0,0,13.42,0,7.884,0,39.317,-76.586,45.0
2024-12-17 02:32:00,2024-12-17,2024-12-17 02:32:00,101.74,0,6.843,0,0.046,100.4,0,0.25,0.994,0,0.005,2.21,0,2.179,0,163.0,0,9.64,0.0,0,0.0,0,0.0,0,0.0,3632.0,0,3991.0,0,61.0,0,81.0,0,81.0,0,0.0,0,83.15,0,3.0,0,13.42,0,7.886,0,39.317,-76.586,45.0
2024-12-17 02:33:00,2024-12-17,2024-12-17 02:33:00,101.73,0,6.848,0,0.038,100.4,0,0.273,0.995,0,0.005,1.542,0,1.494,0,155.6,0,14.34,0.0,0,0.0,0,0.0,0,0.0,3570.0,0,3952.0,0,61.0,0,81.0,0,81.0,0,0.0,0,83.15,0,3.0,0,13.42,0,7.892,0,39.317,-76.586,45.0
2024-12-17 02:34:00,2024-12-17,2024-12-17 02:34:00,101.73,0,6.851,0,0.04,100.4,0,0.236,0.995,0,0.004,1.862,0,1.826,0,162.3,0,11.34,0.0,0,0.0,0,0.0,0,0.0,3305.0,0,3875.0,0,61.0,0,81.0,0,81.0,0,0.0,0,83.15,0,3.0,0,13.42,0,7.894,0,39.317,-76.586,45.0
2024-12-17 02:35:00,2024-12-17,2024-12-17 02:35:00,101.75,0,6.859,0,0.042,100.3,0,0.238,0.995,0,0.004,1.653,0,1.637,0,168.0,0,8.02,0.0,0,0.0,0,0.0,0,0.0,3105.0,0,3764.0,0,61.0,0,81.0,0,81.0,0,0.0,0,83.15,0,3.0,0,13.42,0,7.897,0,39.317,-76.586,45.0
2024-12-17 02:36:00,2024-12-17,2024-12-17 02:36:00,101.75,0,6.872,0,0.034,100.4,0,0.238,0.996,0,0.004,1.179,0,1.126,0,170.1,0,17.16,0.0,0,0.0,0,0.0,0,0.0,3487.0,0,3736.0,0,61.0,0,81.0,0,81.0,0,0.0,0,83.15,0,3.0,0,13.42,0,7.9,0,39.317,-76.586,45.0
2024-12-17 02:37:00,2024-12-17,2024-12-17 02:37:00,101.74,0,6.872,0,0.042,100.4,0,0.271,0.996,0,0.005,1.509,0,1.461,0,172.1,0,14.44,0.0,0,0.0,0,0.0,0,0.0,3511.0,0,3684.0,0,10.0,0,81.0,0,81.0,0,0.0,0,83.15,0,3.0,0,13.42,0,7.906,0,39.317,-76.586,45.0
2024-12-17 02:38:00,2024-12-17,2024-12-17 02:38:00,101.74,0,6.855,0,0.041,100.3,0,0.218,0.995,0,0.004,1.176,0,1.153,0,176.1,0,11.38,0.0,0,0.0,0,0.0,0,0.0,3251.0,0,3591.0,0,10.0,0,81.0,0,81.0,0,0.0,0,83.15,0,3.0,0,13.42,0,7.908,0,39.317,-76.586,45.0
2024-12-17 02:39:00,2024-12-17,2024-12-17 02:39:00,101.73,0,6.857,0,0.036,100.3,0,0.21,0.995,0,0.004,1.846,0,1.812,0,152.7,0,11.0,0.0,0,0.0,0,0.0,0,0.0,2938.0,0,3445.0,0,10.0,0,81.0,0,81.0,0,0.0,0,83.15,0,3.0,0,13.42,0,7.914,0,39.317,-76.586,45.0
2024-12-17 02:40:00,2024-12-17,2024-12-17 02:40:00,101.73,0,6.855,0,0.04,100.4,0,0.234,0.995,0,0.004,2.035,0,1.973,0,159.8,0,14.12,0.0,0,0.0,0,0.0,0,0.0,2909.0,0,3330.0,0,10.0,0,81.0,0,81.0,0,0.0,0,83.15,0,3.0,0,13.42,0,7.917,0,39.317,-76.586,45.0
2024-12-17 02:41:00,2024-12-17,2024-12-17 02:41:00,101.73,0,6.856,0,0.036,100.4,0,0.186,0.995,0,0.004,1.916,0,1.837,0,166.7,0,16.42,0.0,0,0.0,0,0.0,0,0.0,2839.0,0,3231.0,0,61.0,0,81.0,0,81.0,0,0.0,0,83.15,0,3.0,0,13.41,0,7.919,0,39.317,-76.586,45.0
2024-12-17 02:42:00,2024-12-17,2024-12-17 02:42:00,101.73,0,6.879,0,0.04,100.4,0,0.263,0.997,0,0.005,1.836,0,1.786,0,170.1,0,13.4,0.0,0,0.0,0,0.0,0,0.0,3275.0,0,3200.0,0,61.0,0,81.0,0,81.0,0,0.2,0,83.15,0,3.0,0,13.42,0,7.922,0,39.317,-76.586,45.0
2024-12-17 02:43:00,2024-12-17,2024-12-17 02:43:00,101.73,0,6.874,0,0.04,100.3,0,0.194,0.996,0,0.004,1.299,0,1.257,0,161.2,0,14.55,0.0,0,0.0,0,0.0,0,0.0,3551.0,0,3198.0,0,51.0,0,81.0,0,81.0,0,0.2,0,83.15,0,3.0,0,13.42,0,7.928,0,39.317,-76.586,45.0
2024-12-17 02:44:00,2024-12-17,2024-12-17 02:44:00,101.73,0,6.865,0,0.042,100.4,0,0.276,0.996,0,0.005,1.08,0,1.046,0,157.7,0,14.34,0.0,0,0.0,0,0.0,0,0.0,3246.0,0,3192.0,0,51.0,0,81.0,0,81.0,0,0.19,0,83.16,0,3.0,0,13.42,0,7.93,0,39.317,-76.586,45.0
2024-12-17 02:45:00,2024-12-17,2024-12-17 02:45:00,101.73,0,6.859,0,0.038,100.4,0,0.242,0.995,0,0.005,0.908,0,0.867,0,148.4,0,17.19,0.0,0,0.0,0,0.0,0,0.0,3138.0,0,3196.0,0,51.0,0,81.0,0,81.0,0,0.18,0,83.16,0,3.0,0,13.42,0,7.933,0,39.317,-76.586,45.0
2024-12-17 02:46:00,2024-12-17,2024-12-17 02:46:00,101.73,0,6.865,0,0.035,100.4,0,0.222,0.996,0,0.004,1.047,0,0.987,0,159.8,0,19.43,0.0,0,0.0,0,0.0,0,0.0,3019.0,0,3151.0,0,10.0,0,81.0,0,81.0,0,0.0,0,83.16,0,3.0,0,13.42,0,7.936,0,39.317,-76.586,45.0
2024-12-17 02:47:00,2024-12-17,2024-12-17 02:47:00,101.72,0,6.873,0,0.036,100.4,0,0.252,0.996,0,0.004,1.514,0,1.473,0,164.5,0,13.35,0.0,0,0.0,0,0.0,0,0.0,2692.0,0,3067.0,0,10.0,0,81.0,0,81.0,0,0.0,0,83.16,0,3.0,0,13.42,0,7.941,0,39.317,-76.586,45.0
2024-12-17 02:48:00,2024-12-17,2024-12-17 02:48:00,101.72,0,6.882,0,0.038,100.3,0,0.2,0.997,0,0.004,1.212,0,1.126,0,168.3,0,21.61,0.0,0,0.0,0,0.0,0,0.0,2833.0,0,3025.0,0,10.0,0,81.0,0,81.0,0,0.0,0,83.16,0,3.0,0,13.42,0,7.944,0,39.317,-76.586,45.0
2024-12-17 02:49:00,2024-12-17,2024-12-17 02:49:00,101.7,0,6.884,0,0.04,100.3,0,0.197,0.996,0,0.004,1.566,0,1.529,0,157.9,0,12.49,0.0,0,0.0,0,0.0,0,0.0,2980.0,0,3030.0,0,10.0,0,81.0,0,81.0,0,0.0,0,83.16,0,3.0,0,13.42,0,7.947,0,39.317,-76.586,45.0
2024-12-17 02:50:00,2024-12-17,2024-12-17 02:50:00,101.7,0,6.884,0,0.038,100.3,0,0.193,0.997,0,0.004,2.476,0,2.424,0,140.8,0,11.7,0.0,0,0.0,0,0.0,0,0.0,2644.0,0,2998.0,0,10.0,0,81.0,0,81.0,0,0.0,0,83.16,0,3.0,0,13.41,0,7.949,0,39.317,-76.586,45.0
2024-12-17 02:51:00,2024-12-17,2024-12-17 02:51:00,101.68,0,6.88,0,0.036,100.4,0,0.249,0.996,0,0.004,1.542,0,1.51,0,136.6,0,11.57,0.0,0,0.0,0,0.0,0,0.0,2380.0,0,2938.0,0,10.0,0,81.0,0,81.0,0,0.0,0,83.16,0,3.0,0,13.42,0,7.955,0,39.317,-76.586,45.0
2024-12-17 02:52:00,2024-12-17,2024-12-17 02:52:00,101.66,0,6.872,0,0.031,100.3,0,0.237,0.996,0,0.004,1.918,0,1.858,0,131.8,0,14.25,0.0,0,0.0,0,0.0,0,0.0,2236.0,0,2817.0,0,10.0,0,81.0,0,81.0,0,0.0,0,83.16,0,3.0,0,13.41,0,7.958,0,39.317,-76.586,45.0
2024-12-17 02:53:00,2024-12-17,2024-12-17 02:53:00,101.64,0,6.86,0,0.041,100.3,0,0.221,0.995,0,0.005,2.912,0,2.884,0,129.5,0,8.04,0.0,0,0.0,0,1.49,0,0.0,2005.0,0,2647.0,0,61.0,0,81.0,0,81.0,0,0.24,0,83.16,0,3.0,0,13.41,0,7.961,0,39.317,-76.586,45.0
2024-12-17 02:54:00,2024-12-17,2024-12-17 02:54:00,101.65,0,6.848,0,0.037,100.4,0,0.24,0.995,0,0.004,2.608,0,2.578,0,127.7,0,8.8,0.0,0,0.0,0,0.0,0,0.0,1802.0,0,2473.0,0,61.0,0,81.0,0,81.0,0,0.1,0,83.16,0,3.0,0,13.41,0,7.963,0,39.317,-76.586,45.0
2024-12-17 02:55:00,2024-12-17,2024-12-17 02:55:00,101.66,0,6.849,0,0.037,100.3,0,0.227,0.994,0,0.004,2.643,0,2.571,0,139.5,0,13.31,0.0,0,0.0,0,0.0,0,0.0,1741.0,0,2324.0,0,61.0,0,81.0,0,81.0,0,0.06,0,83.16,0,3.0,0,13.41,0,7.966,0,39.317,-76.586,45.0
2024-12-17 02:56:00,2024-12-17,2024-12-17 02:56:00,101.66,0,6.865,0,0.039,100.3,0,0.226,0.995,0,0.004,1.808,0,1.745,0,149.8,0,15.14,0.0,0,0.0,0,0.0,0,0.0,1777.0,0,2208.0,0,61.0,0,81.0,0,81.0,0,0.0,0,83.16,0,3.0,0,13.41,0,7.971,0,39.317,-76.586,45.0
2024-12-17 02:57:00,2024-12-17,2024-12-17 02:57:00,101.66,0,6.869,0,0.041,100.4,0,0.255,0.996,0,0.005,2.007,0,1.962,0,146.6,0,12.12,0.0,0,0.0,0,0.0,0,0.0,1763.0,0,2118.0,0,61.0,0,81.0,0,81.0,0,0.04,0,83.16,0,3.0,0,13.42,0,7.971,0,39.317,-76.586,45.0
2024-12-17 02:58:00,2024-12-17,2024-12-17 02:58:00,101.66,0,6.886,0,0.035,100.4,0,0.207,0.997,0,0.004,1.512,0,1.483,0,150.0,0,11.37,0.0,0,0.0,0,0.941,0,0.0,1690.0,0,2019.0,0,61.0,0,81.0,0,81.0,0,0.57,0,83.17,0,3.0,0,13.41,0,7.974,0,39.317,-76.586,45.0
2024-12-17 02:59:00,2024-12-17,2024-12-17 02:59:00,101.66,0,6.89,0,0.04,100.4,0,0.25,0.997,0,0.005,1.614,0,1.595,0,149.8,0,8.64,0.0,0,0.0,0,0.133,0,0.0,1795.0,0,1937.0,0,61.0,0,81.0,0,81.0,0,0.15,0,83.18,0,3.0,0,13.41,0,7.977,0,39.317,-76.586,45.0
2024-12-17 03:00:00,2024-12-17,2024-12-17 03:00:00,101.66,0,6.893,0,0.041,100.4,0,0.228,0.998,0,0.005,2.581,0,2.53,0,145.1,0,11.36,0.0,0,0.0,0,0.023,0,0.0,1692.0,0,1862.0,0,61.0,0,81.0,0,81.0,0,0.16,0,83.18,0,3.0,0,13.41,0,7.979,0,39.317,-76.586,45.0
2024-12-17 03:01:00,2024-12-17,2024-12-17 03:01:00,101.66,0,6.916,0,0.045,100.4,0,0.24,0.999,0,0.005,1.844,0,1.827,0,156.3,0,7.782,0.0,0,0.0,0,0.0,0,0.0,1685.0,0,1805.0,0,61.0,0,81.0,0,81.0,0,0.01,0,83.18,0,3.0,0,13.41,0,7.982,0,39.317,-76.586,45.0
2024-12-17 03:02:00,2024-12-17,2024-12-17 03:02:00,101.66,0,6.924,0,0.035,100.4,0,0.246,1.0,0,0.004,1.364,0,1.331,0,148.1,0,12.53,0.0,0,0.0,0,0.0,0,0.0,1874.0,0,1778.0,0,61.0,0,81.0,0,81.0,0,0.01,0,83.18,0,3.0,0,13.41,0,7.985,0,39.317,-76.586,45.0
2024-12-17 03:03:00,2024-12-17,2024-12-17 03:03:00,101.66,0,6.927,0,0.039,100.4,0,0.229,1.0,0,0.004,1.841,0,1.782,0,152.2,0,14.41,0.0,0,0.0,0,0.0,0,0.0,1734.0,0,1753.0,0,61.0,0,81.0,0,81.0,0,0.0,0,83.18,0,3.0,0,13.42,0,7.988,0,39.317,-76.586,45.0
2024-12-17 03:04:00,2024-12-17,2024-12-17 03:04:00,101.65,0,6.92,0,0.038,100.4,0,0.257,1.0,0,0.004,1.728,0,1.703,0,159.4,0,9.83,0.0,0,0.0,0,0.0,0,0.0,1508.0,0,1720.0,0,61.0,0,81.0,0,81.0,0,0.0,0,83.18,0,3.0,0,13.41,0,7.991,0,39.317,-76.586,45.0
2024-12-17 03:05:00,2024-12-17,2024-12-17 03:05:00,101.66,0,6.93,0,0.035,100.3,0,0.228,1.0,0,0.004,1.802,0,1.751,0,153.1,0,13.54,0.0,0,0.0,0,0.0,0,0.0,1561.0,0,1701.0,0,61.0,0,81.0,0,81.0,0,0.0,0,83.18,0,3.0,0,13.42,0,7.993,0,39.317,-76.586,45.0
2024-12-17 03:06:00,2024-12-17,2024-12-17 03:06:00,101.66,0,6.947,0,0.039,100.4,0,0.233,1.001,0,0.004,2.386,0,2.274,0,153.4,0,17.59,0.0,0,0.0,0,0.0,0,0.0,1606.0,0,1684.0,0,61.0,0,81.0,0,81.0,0,0.0,0,83.18,0,3.0,0,13.42,0,7.996,0,39.317,-76.586,45.0
2024-12-17 03:07:00,2024-12-17,2024-12-17 03:07:00,101.67,0,6.968,0,0.04,100.4,0,0.247,1.003,0,0.005,2.808,0,2.774,0,163.1,0,8.86,0.0,0,0.0,0,0.0,0,0.0,1513.0,0,1658.0,0,61.0,0,81.0,0,81.0,0,0.0,0,83.18,0,3.0,0,13.41,0,7.999,0,39.317,-76.586,45.0
2024-12-17 03:08:00,2024-12-17,2024-12-17 03:08:00,101.67,0,6.966,0,0.037,100.3,0,0.187,1.002,0,0.004,1.717,0,1.675,0,171.1,0,12.67,0.0,0,0.0,0,0.0,0,0.0,1530.0,0,1641.0,0,10.0,0,81.0,0,81.0,0,0.0,0,83.18,0,3.0,0,13.41,0,8.0,0,39.317,-76.586,45.0
2024-12-17 03:09:00,2024-12-17,2024-12-17 03:09:00,101.68,0,6.975,0,0.042,100.4,0,0.237,1.003,0,0.005,1.565,0,1.466,0,170.1,0,20.33,0.0,0,0.0,0,0.0,0,0.0,1517.0,0,1614.0,0,10.0,0,81.0,0,81.0,0,0.0,0,83.18,0,3.0,0,13.41,0,8.0,0,39.317,-76.586,45.0
2024-12-17 03:10:00,2024-12-17,2024-12-17 03:10:00,101.69,0,6.986,0,0.036,100.4,0,0.253,1.004,0,0.004,1.205,0,1.128,0,189.3,0,20.58,0.0,0,0.0,0,0.0,0,0.0,1426.0,0,1585.0,0,10.0,0,81.0,0,81.0,0,0.0,0,83.18,0,3.0,0,13.41,0,8.01,0,39.317,-76.586,45.0
2024-12-17 03:11:00,2024-12-17,2024-12-17 03:11:00,101.69,0,6.978,0,0.042,100.4,0,0.23,1.004,0,0.005,1.557,0,1.522,0,180.7,0,12.06,0.0,0,0.0,0,0.0,0,0.0,1568.0,0,1574.0,0,10.0,0,81.0,0,81.0,0,0.0,0,83.18,0,3.0,0,13.41,0,8.01,0,39.317,-76.586,45.0
2024-12-17 03:12:00,2024-12-17,2024-12-17 03:12:00,101.69,0,6.989,0,0.044,100.4,0,0.277,1.005,0,0.005,1.181,0,1.078,0,198.2,0,23.86,0.0,0,0.0,0,0.0,0,0.0,1418.0,0,1533.0,0,10.0,0,81.0,0,81.0,0,0.0,0,83.18,0,3.0,0,13.41,0,8.01,0,39.317,-76.586,45.0
2024-12-17 03:13:00,2024-12-17,2024-12-17 03:13:00,101.69,0,6.982,0,0.039,100.3,0,0.212,1.003,0,0.004,1.377,0,1.322,0,191.5,0,16.15,0.0,0,0.0,0,0.0,0,0.0,1464.0,0,1509.0,0,10.0,0,81.0,0,81.0,0,0.0,0,83.18,0,3.0,0,13.41,0,8.02,0,39.317,-76.586,45.0
2024-12-17 03:14:00,2024-12-17,2024-12-17 03:14:00,101.67,0,6.978,0,0.036,100.3,0,0.226,1.003,0,0.004,1.561,0,1.484,0,172.8,0,18.09,0.0,0,0.0,0,0.0,0,0.0,1261.0,0,1480.0,0,10.0,0,81.0,0,81.0,0,0.0,0,83.18,0,3.0,0,13.41,0,8.02,0,39.317,-76.586,45.0
2024-12-17 03:15:00,2024-12-17,2024-12-17 03:15:00,101.66,0,6.983,0,0.038,100.4,0,0.252,1.004,0,0.005,1.609,0,1.493,0,156.0,0,21.78,0.0,0,0.0,0,0.0,0,0.0,1309.0,0,1453.0,0,10.0,0,81.0,0,81.0,0,0.0,0,83.18,0,3.0,0,13.41,0,8.02,0,39.317,-76.586,45.0
2024-12-17 03:16:00,2024-12-17,2024-12-17 03:16:00,101.65,0,6.971,0,0.039,100.3,0,0.198,1.003,0,0.004,1.575,0,1.539,0,155.6,0,12.21,0.0,0,0.0,0,0.0,0,0.0,1144.0,0,1401.0,0,10.0,0,81.0,0,81.0,0,0.0,0,83.18,0,3.0,0,13.41,0,8.03,0,39.317,-76.586,45.0
2024-12-17 03:17:00,2024-12-17,2024-12-17 03:17:00,101.64,0,6.975,0,0.04,100.4,0,0.242,1.003,0,0.005,1.914,0,1.866,0,153.3,0,12.8,0.0,0,0.0,0,0.0,0,0.0,1037.0,0,1344.0,0,10.0,0,81.0,0,81.0,0,0.0,0,83.18,0,3.0,0,13.42,0,8.03,0,39.317,-76.586,45.0
2024-12-17 03:18:00,2024-12-17,2024-12-17 03:18:00,101.63,0,6.961,0,0.035,100.3,0,0.242,1.002,0,0.004,1.847,0,1.76,0,135.6,0,17.61,0.0,0,0.0,0,0.0,0,0.0,972.0,0,1279.0,0,10.0,0,81.0,0,81.0,0,0.0,0,83.18,0,3.0,0,13.41,0,8.03,0,39.317,-76.586,45.0
2024-12-17 03:19:00,2024-12-17,2024-12-17 03:19:00,101.63,0,6.964,0,0.037,100.3,0,0.219,1.002,0,0.004,1.824,0,1.77,0,141.9,0,13.95,0.0,0,0.0,0,0.0,0,0.0,942.0,0,1216.0,0,10.0,0,81.0,0,81.0,0,0.0,0,83.18,0,3.0,0,13.41,0,8.04,0,39.317,-76.586,45.0
2024-12-17 03:20:00,2024-12-17,2024-12-17 03:20:00,101.63,0,6.969,0,0.037,100.3,0,0.213,1.003,0,0.004,2.648,0,2.603,0,159.5,0,10.53,0.0,0,0.0,0,0.0,0,0.0,908.0,0,1159.0,0,10.0,0,23.0,0,81.0,0,0.0,0,83.18,0,3.0,0,13.41,0,8.04,0,39.317,-76.586,45.0
2024-12-17 03:21:00,2024-12-17,2024-12-17 03:21:00,101.64,0,6.967,0,0.037,100.4,0,0.209,1.003,0,0.004,1.519,0,1.492,0,141.9,0,10.83,0.0,0,0.0,0,0.0,0,0.0,844.0,0,1090.0,0,10.0,0,23.0,0,81.0,0,0.0,0,83.18,0,3.0,0,13.41,0,8.04,0,39.317,-76.586,45.0
2024-12-17 03:22:00,2024-12-17,2024-12-17 03:22:00,101.64,0,6.973,0,0.038,100.4,0,0.246,1.003,0,0.004,1.624,0,1.587,0,153.3,0,12.09,0.0,0,0.0,0,0.0,0,0.0,848.0,0,1036.0,0,10.0,0,23.0,0,81.0,0,0.0,0,83.18,0,3.0,0,13.41,0,8.05,0,39.317,-76.586,45.0
2024-12-17 03:23:00,2024-12-17,2024-12-17 03:23:00,101.64,0,6.974,0,0.039,100.4,0,0.27,1.003,0,0.005,2.305,0,2.287,0,169.5,0,7.154,0.0,0,0.0,0,0.0,0,0.0,837.0,0,985.0,0,10.0,0,34.0,0,81.0,0,0.0,0,83.18,0,3.0,0,13.41,0,8.05,0,39.317,-76.586,45.0
2024-12-17 03:24:00,2024-12-17,2024-12-17 03:24:00,101.64,0,6.978,0,0.038,100.3,0,0.232,1.003,0,0.004,2.35,0,2.295,0,157.9,0,12.45,0.0,0,0.0,0,0.0,0,0.0,842.0,0,948.0,0,30.0,0,34.0,0,81.0,0,0.0,0,83.18,0,3.0,0,13.41,0,8.05,0,39.317,-76.586,45.0
2024-12-17 03:25:00,2024-12-17,2024-12-17 03:25:00,101.64,0,6.975,0,0.039,100.4,0,0.243,1.003,0,0.005,1.692,0,1.663,0,147.7,0,10.56,0.0,0,0.0,0,0.0,0,0.0,941.0,0,922.0,0,30.0,0,34.0,0,81.0,0,0.0,0,83.18,0,3.0,0,13.41,0,8.05,0,39.317,-76.586,45.0
2024-12-17 03:26:00,2024-12-17,2024-12-17 03:26:00,101.65,0,6.978,0,0.036,100.3,0,0.221,1.003,0,0.004,1.271,0,1.192,0,162.1,0,20.19,0.0,0,0.0,0,0.0,0,0.0,844.0,0,897.0,0,61.0,0,81.0,0,81.0,0,0.0,0,83.18,0,3.0,0,13.41,0,8.06,0,39.317,-76.586,45.0
2024-12-17 03:27:00,2024-12-17,2024-12-17 03:27:00,101.66,0,6.98,0,0.033,100.3,0,0.273,1.003,0,0.004,1.563,0,1.511,0,175.7,0,14.82,0.0,0,0.0,0,0.0,0,0.0,719.0,0,864.0,0,30.0,0,81.0,0,81.0,0,0.0,0,83.18,0,3.0,0,13.41,0,8.06,0,39.317,-76.586,45.0
2024-12-17 03:28:00,2024-12-17,2024-12-17 03:28:00,101.67,0,6.982,0,0.045,100.3,0,0.22,1.003,0,0.005,1.428,0,1.379,0,193.6,0,14.93,0.0,0,0.0,0,0.0,0,0.0,769.0,0,844.0,0,30.0,0,81.0,0,81.0,0,0.0,0,83.18,0,3.0,0,13.42,0,8.06,0,39.317,-76.586,45.0
2024-12-17 03:29:00,2024-12-17,2024-12-17 03:29:00,101.66,0,6.998,0,0.044,100.4,0,0.212,1.005,0,0.005,1.797,0,1.693,0,194.9,0,19.46,0.0,0,0.0,0,0.0,0,0.0,777.0,0,828.0,0,30.0,0,81.0,0,81.0,0,0.0,0,83.18,0,3.0,0,13.41,0,8.07,0,39.317,-76.586,45.0
2024-12-17 03:30:00,2024-12-17,2024-12-17 03:30:00,101.66,0,7.001,0,0.037,100.4,0,0.217,1.005,0,0.004,1.687,0,1.634,0,173.7,0,14.44,0.0,0,0.0,0,0.0,0,0.0,717.0,0,808.0,0,30.0,0,81.0,0,81.0,0,0.0,0,83.18,0,3.0,0,13.41,0,8.07,0,39.317,-76.586,45.0
2024-12-17 03:31:00,2024-12-17,2024-12-17 03:31:00,101.67,0,6.995,0,0.037,100.3,0,0.212,1.004,0,0.004,2.149,0,2.107,0,194.4,0,11.41,0.0,0,0.0,0,0.0,0,0.0,774.0,0,801.0,0,30.0,0,81.0,0,81.0,0,0.0,0,83.18,0,3.0,0,13.41,0,8.07,0,39.317,-76.586,45.0
2024-12-17 03:32:00,2024-12-17,2024-12-17 03:32:00,101.66,0,6.991,0,0.054,100.3,0,0.239,1.004,0,0.005,1.259,0,1.173,0,200.5,0,21.19,0.0,0,0.0,0,0.0,0,0.0,703.0,0,786.0,0,30.0,0,34.0,0,81.0,0,0.0,0,83.18,0,3.0,0,13.41,0,8.08,0,39.317,-76.586,45.0
2024-12-17 03:33:00,2024-12-17,2024-12-17 03:33:00,101.66,0,7.002,0,0.041,100.4,0,0.25,1.006,0,0.005,1.147,0,1.109,0,177.9,0,14.71,0.0,0,0.0,0,0.0,0,0.0,667.0,0,768.0,0,30.0,0,34.0,0,81.0,0,0.0,0,83.18,0,3.0,0,13.41,0,8.08,0,39.317,-76.586,45.0
2024-12-17 03:34:00,2024-12-17,2024-12-17 03:34:00,101.66,0,6.999,0,0.037,100.3,0,0.21,1.005,0,0.004,1.026,0,0.997,0,181.3,0,13.55,0.0,0,0.0,0,0.0,0,0.0,640.0,0,746.0,0,30.0,0,34.0,0,81.0,0,0.0,0,83.18,0,3.0,0,13.41,0,8.08,0,39.317,-76.586,45.0
2024-12-17 03:35:00,2024-12-17,2024-12-17 03:35:00,101.66,0,6.999,0,0.034,100.3,0,0.213,1.005,0,0.004,1.08,0,1.042,0,183.1,0,15.19,0.0,0,0.0,0,0.0,0,0.0,646.0,0,720.0,0,61.0,0,81.0,0,81.0,0,0.02,0,83.18,0,3.0,0,13.41,0,8.08,0,39.317,-76.586,45.0
2024-12-17 03:36:00,2024-12-17,2024-12-17 03:36:00,101.66,0,6.996,0,0.037,100.4,0,0.231,1.004,0,0.004,0.771,0,0.692,0,180.7,0,25.86,0.0,0,0.0,0,0.238,0,0.0,650.0,0,702.0,0,61.0,0,81.0,0,81.0,0,0.39,0,83.19,0,3.0,0,13.41,0,8.09,0,39.317,-76.586,45.0
2024-12-17 03:37:00,2024-12-17,2024-12-17 03:37:00,101.65,0,6.992,0,0.041,100.4,0,0.229,1.004,0,0.004,1.277,0,1.239,0,167.3,0,14.05,0.0,0,0.0,0,0.577,0,0.0,614.0,0,691.0,0,61.0,0,81.0,0,81.0,0,0.63,0,83.2,0,3.0,0,13.41,0,8.09,0,39.317,-76.586,45.0
2024-12-17 03:38:00,2024-12-17,2024-12-17 03:38:00,101.65,0,6.991,0,0.037,100.3,0,0.217,1.004,0,0.004,1.653,0,1.589,0,157.9,0,15.97,0.0,0,0.0,0,0.456,0,0.0,567.0,0,669.0,0,61.0,0,81.0,0,81.0,0,0.83,0,83.21,0,3.0,0,13.41,0,8.09,0,39.317,-76.586,45.0
2024-12-17 03:39:00,2024-12-17,2024-12-17 03:39:00,101.65,0,6.986,0,0.044,100.4,0,0.233,1.004,0,0.005,1.539,0,1.503,0,156.1,0,12.27,0.0,0,0.0,0,1.07,0,0.0,593.0,0,652.0,0,61.0,0,81.0,0,81.0,0,1.52,0,83.24,0,3.0,0,13.41,0,8.09,0,39.317,-76.586,45.0
2024-12-17 03:40:00,2024-12-17,2024-12-17 03:40:00,101.64,0,6.977,0,0.041,100.3,0,0.21,1.003,0,0.004,1.498,0,1.486,0,152.1,0,7.227,0.254,0,0.256,0,1.96,0,0.0,622.0,0,643.0,0,62.0,0,81.0,0,81.0,0,2.06,0,83.27,0,3.0,0,13.41,0,8.1,0,39.317,-76.586,45.0
2024-12-17 03:41:00,2024-12-17,2024-12-17 03:41:00,101.63,0,6.984,0,0.039,100.4,0,0.233,1.004,0,0.004,2.145,0,2.081,0,150.4,0,13.91,0.0,0,0.0,0,1.32,0,0.0,634.0,0,631.0,0,61.0,0,81.0,0,81.0,0,1.48,0,83.3,0,3.0,0,13.41,0,8.1,0,39.317,-76.586,45.0
2024-12-17 03:42:00,2024-12-17,2024-12-17 03:42:00,101.62,0,6.981,0,0.035,100.4,0,0.251,1.004,0,0.004,1.87,0,1.829,0,153.4,0,12.02,0.0,0,0.0,0,0.37,0,0.0,663.0,0,628.0,0,61.0,0,81.0,0,81.0,0,0.39,0,83.3,0,3.0,0,13.41,0,8.1,0,39.317,-76.586,45.0
2024-12-17 03:43:00,2024-12-17,2024-12-17 03:43:00,101.62,0,6.98,0,0.039,100.3,0,0.218,1.003,0,0.004,2.115,0,2.041,0,147.1,0,15.15,0.0,0,0.0,0,0.163,0,0.0,648.0,0,626.0,0,61.0,0,81.0,0,81.0,0,0.1,0,83.3,0,3.0,0,13.41,0,8.11,0,39.317,-76.586,45.0
2024-12-17 03:44:00,2024-12-17,2024-12-17 03:44:00,101.62,0,6.983,0,0.038,100.4,0,0.255,1.004,0,0.005,1.821,0,1.759,0,148.2,0,14.96,0.0,0,0.0,0,0.002,0,0.0,629.0,0,625.0,0,61.0,0,81.0,0,81.0,0,0.09,0,83.3,0,3.0,0,13.41,0,8.11,0,39.317,-76.586,45.0
2024-12-17 03:45:00,2024-12-17,2024-12-17 03:45:00,101.62,0,6.971,0,0.04,100.4,0,0.264,1.003,0,0.005,2.243,0,2.203,0,152.9,0,10.72,0.0,0,0.0,0,0.443,0,0.0,615.0,0,622.0,0,61.0,0,81.0,0,81.0,0,0.26,0,83.31,0,3.0,0,13.41,0,8.11,0,39.317,-76.586,45.0
2024-12-17 03:46:00,2024-12-17,2024-12-17 03:46:00,101.62,0,6.979,0,0.04,100.3,0,0.21,1.003,0,0.004,2.184,0,2.133,0,152.3,0,12.36,0.0,0,0.0,0,0.461,0,0.0,622.0,0,620.0,0,61.0,0,81.0,0,81.0,0,0.66,0,83.32,0,3.0,0,13.41,0,8.12,0,39.317,-76.586,45.0
2024-12-17 03:47:00,2024-12-17,2024-12-17 03:47:00,101.62,0,6.985,0,0.04,100.4,0,0.243,1.004,0,0.005,2.301,0,2.222,0,152.1,0,15.03,0.0,0,0.0,0,0.207,0,0.0,640.0,0,622.0,0,61.0,0,81.0,0,81.0,0,0.23,0,83.32,0,3.0,0,13.41,0,8.12,0,39.317,-76.586,45.0
2024-12-17 03:48:00,2024-12-17,2024-12-17 03:48:00,101.62,0,7.0,0,0.035,100.4,0,0.21,1.005,0,0.004,2.664,0,2.619,0,153.7,0,10.57,0.0,0,0.0,0,0.009,0,0.0,653.0,0,631.0,0,61.0,0,81.0,0,81.0,0,0.02,0,83.32,0,3.0,0,13.41,0,8.12,0,39.317,-76.586,45.0
2024-12-17 03:49:00,2024-12-17,2024-12-17 03:49:00,101.63,0,7.006,0,0.045,100.3,0,0.227,1.005,0,0.005,2.51,0,2.473,0,157.3,0,9.95,0.0,0,0.0,0,0.006,0,0.0,610.0,0,633.0,0,61.0,0,81.0,0,81.0,0,0.02,0,83.32,0,3.0,0,13.41,0,8.12,0,39.317,-76.586,45.0
2024-12-17 03:50:00,2024-12-17,2024-12-17 03:50:00,101.62,0,7.01,0,0.042,100.4,0,0.23,1.005,0,0.004,1.713,0,1.676,0,164.9,0,11.94,0.0,0,0.0,0,0.025,0,0.0,607.0,0,632.0,0,61.0,0,81.0,0,81.0,0,0.01,0,83.32,0,3.0,0,13.41,0,8.12,0,39.317,-76.586,45.0
2024-12-17 03:51:00,2024-12-17,2024-12-17 03:51:00,101.62,0,7.014,0,0.035,100.4,0,0.247,1.006,0,0.004,1.13,0,1.099,0,153.9,0,13.55,0.0,0,0.0,0,0.0,0,0.0,610.0,0,629.0,0,61.0,0,81.0,0,81.0,0,0.0,0,83.32,0,3.0,0,13.41,0,8.13,0,39.317,-76.586,45.0
2024-12-17 03:52:00,2024-12-17,2024-12-17 03:52:00,101.62,0,7.006,0,0.038,100.4,0,0.244,1.005,0,0.004,1.414,0,1.372,0,164.3,0,13.98,0.0,0,0.0,0,0.0,0,0.0,513.0,0,612.0,0,61.0,0,81.0,0,81.0,0,0.0,0,83.32,0,3.0,0,13.41,0,8.13,0,39.317,-76.586,45.0
2024-12-17 03:53:00,2024-12-17,2024-12-17 03:53:00,101.62,0,7.012,0,0.036,100.3,0,0.198,1.005,0,0.004,1.31,0,1.261,0,164.0,0,15.7,0.0,0,0.0,0,0.0,0,0.0,468.0,0,590.0,0,61.0,0,81.0,0,81.0,0,0.0,0,83.32,0,3.0,0,13.41,0,8.13,0,39.317,-76.586,45.0
2024-12-17 03:54:00,2024-12-17,2024-12-17 03:54:00,101.63,0,7.014,0,0.038,100.4,0,0.227,1.006,0,0.004,2.452,0,2.36,0,168.2,0,15.67,0.0,0,0.0,0,0.0,0,0.0,438.0,0,567.0,0,61.0,0,81.0,0,81.0,0,0.0,0,83.32,0,3.0,0,13.41,0,8.14,0,39.317,-76.586,45.0
2024-12-17 03:55:00,2024-12-17,2024-12-17 03:55:00,101.63,0,7.029,0,0.034,100.4,0,0.23,1.007,0,0.004,2.666,0,2.62,0,168.2,0,10.65,0.0,0,0.0,0,0.0,0,0.0,418.0,0,543.0,0,61.0,0,81.0,0,81.0,0,0.0,0,83.32,0,3.0,0,13.41,0,8.14,0,39.317,-76.586,45.0
2024-12-17 03:56:00,2024-12-17,2024-12-17 03:56:00,101.62,0,7.03,0,0.039,100.4,0,0.257,1.007,0,0.005,1.565,0,1.519,0,185.9,0,13.8,0.0,0,0.0,0,0.0,0,0.0,398.0,0,517.0,0,61.0,0,81.0,0,81.0,0,0.0,0,83.32,0,3.0,0,13.41,0,8.14,0,39.317,-76.586,45.0
2024-12-17 03:57:00,2024-12-17,2024-12-17 03:57:00,101.62,0,7.027,0,0.032,100.3,0,0.226,1.006,0,0.004,1.878,0,1.816,0,167.5,0,14.75,0.0,0,0.0,0,0.0,0,0.0,433.0,0,498.0,0,61.0,0,81.0,0,81.0,0,0.0,0,83.32,0,3.0,0,13.41,0,8.14,0,39.317,-76.586,45.0
2024-12-17 03:58:00,2024-12-17,2024-12-17 03:58:00,101.62,0,7.024,0,0.035,100.3,0,0.231,1.006,0,0.004,1.779,0,1.713,0,158.5,0,15.51,0.0,0,0.0,0,0.0,0,0.0,399.0,0,475.0,0,61.0,0,81.0,0,81.0,0,0.0,0,83.32,0,3.0,0,13.41,0,8.14,0,39.317,-76.586,45.0
2024-12-17 03:59:00,2024-12-17,2024-12-17 03:59:00,101.62,0,7.026,0,0.039,100.4,0,0.253,1.007,0,0.005,1.372,0,1.346,0,171.5,0,11.16,0.0,0,0.0,0,0.0,0,0.0,365.0,0,452.0,0,61.0,0,81.0,0,81.0,0,0.0,0,83.32,0,3.0,0,13.41,0,8.15,0,39.317,-76.586,45.0
2024-12-17 04:00:00,2024-12-17,2024-12-17 04:00:00,101.61,0,7.026,0,0.039,100.4,0,0.223,1.007,0,0.004,1.21,0,1.165,0,162.6,0,15.62,0.0,0,0.0,0,0.0,0,0.0,377.0,0,432.0,0,61.0,0,81.0,0,81.0,0,0.0,0,83.32,0,3.0,0,13.41,0,8.15,0,39.317,-76.586,45.0
2024-12-17 04:01:00,2024-12-17,2024-12-17 04:01:00,101.61,0,7.022,0,0.056,100.4,0,0.224,1.007,0,0.005,0.737,0,0.603,0,149.3,0,34.51,0.0,0,0.0,0,0.0,0,0.0,375.0,0,414.0,0,61.0,0,81.0,0,81.0,0,0.0,0,83.32,0,3.0,0,13.41,0,8.15,0,39.317,-76.586,45.0
2024-12-17 04:02:00,2024-12-17,2024-12-17 04:02:00,101.61,0,7.036,0,0.04,100.4,0,0.204,1.007,0,0.004,1.236,0,1.191,0,159.1,0,15.56,0.0,0,0.0,0,0.0,0,0.0,369.0,0,401.0,0,61.0,0,81.0,0,81.0,0,0.0,0,83.32,0,3.0,0,13.41,0,8.16,0,39.317,-76.586,45.0
2024-12-17 04:03:00,2024-12-17,2024-12-17 04:03:00,101.61,0,7.041,0,0.043,100.3,0,0.197,1.007,0,0.005,2.045,0,2.004,0,161.6,0,11.44,0.0,0,0.0,0,0.0,0,0.0,363.0,0,392.0,0,61.0,0,81.0,0,81.0,0,0.0,0,83.32,0,3.0,0,13.41,0,8.16,0,39.317,-76.586,45.0
2024-12-17 04:04:00,2024-12-17,2024-12-17 04:04:00,101.61,0,7.051,0,0.038,100.3,0,0.184,1.008,0,0.004,2.177,0,2.127,0,178.6,0,12.24,0.0,0,0.0,0,0.0,0,0.0,413.0,0,390.0,0,61.0,0,81.0,0,81.0,0,0.0,0,83.32,0,3.0,0,13.41,0,8.16,0,39.317,-76.586,45.0
2024-12-17 04:05:00,2024-12-17,2024-12-17 04:05:00,101.61,0,7.059,0,0.038,100.4,0,0.286,1.009,0,0.005,1.865,0,1.795,0,175.7,0,15.69,0.0,0,0.0,0,0.0,0,0.0,400.0,0,388.0,0,61.0,0,81.0,0,81.0,0,0.0,0,83.32,0,3.0,0,13.41,0,8.16,0,39.317,-76.586,45.0
2024-12-17 04:06:00,2024-12-17,2024-12-17 04:06:00,101.61,0,7.062,0,0.037,100.4,0,0.232,1.009,0,0.004,1.099,0,1.066,0,168.3,0,14.09,0.0,0,0.0,0,0.0,0,0.0,414.0,0,389.0,0,61.0,0,81.0,0,81.0,0,0.0,0,83.32,0,3.0,0,13.41,0,8.16,0,39.317,-76.586,45.0
2024-12-17 04:07:00,2024-12-17,2024-12-17 04:07:00,101.61,0,7.067,0,0.041,100.4,0,0.248,1.01,0,0.005,1.449,0,1.405,0,167.9,0,14.14,0.0,0,0.0,0,0.0,0,0.0,414.0,0,388.0,0,61.0,0,81.0,0,81.0,0,0.0,0,83.32,0,3.0,0,13.41,0,8.17,0,39.317,-76.586,45.0
2024-12-17 04:08:00,2024-12-17,2024-12-17 04:08:00,101.61,0,7.059,0,0.039,100.4,0,0.229,1.009,0,0.004,0.828,0,0.812,0,178.9,0,11.26,0.0,0,0.0,0,0.0,0,0.0,430.0,0,391.0,0,61.0,0,81.0,0,81.0,0,0.0,0,83.32,0,3.0,0,13.41,0,8.17,0,39.317,-76.586,45.0
2024-12-17 04:09:00,2024-12-17,2024-12-17 04:09:00,101.61,0,7.077,0,0.066,100.4,0,0.234,1.01,0,0.006,2.029,0,2.005,0,176.6,0,8.77,0.0,0,0.0,0,0.0,0,0.0,438.0,0,398.0,0,61.0,0,81.0,0,81.0,0,0.0,0,83.32,0,3.0,0,13.41,0,8.17,0,39.317,-76.586,45.0
2024-12-17 04:10:00,2024-12-17,2024-12-17 04:10:00,101.6,0,7.086,0,0.051,100.4,0,0.287,1.011,0,0.006,1.014,0,0.962,0,151.1,0,18.43,0.0,0,0.0,0,0.0,0,0.0,426.0,0,403.0,0,61.0,0,81.0,0,81.0,0,0.01,0,83.33,0,3.0,0,13.41,0,8.17,0,39.317,-76.586,45.0
2024-12-17 04:11:00,2024-12-17,2024-12-17 04:11:00,101.6,0,7.078,0,0.051,100.4,0,0.204,1.01,0,0.005,1.055,0,0.98,0,170.1,0,21.62,0.0,0,0.0,0,0.0,0,0.0,449.0,0,410.0,0,61.0,0,81.0,0,81.0,0,0.0,0,83.33,0,3.0,0,13.41,0,8.18,0,39.317,-76.586,45.0
2024-12-17 04:12:00,2024-12-17,2024-12-17 04:12:00,101.6,0,7.083,0,0.04,100.4,0,0.26,1.011,0,0.005,1.148,0,1.102,0,183.0,0,16.21,0.0,0,0.0,0,0.0,0,0.0,419.0,0,415.0,0,61.0,0,81.0,0,81.0,0,0.0,0,83.33,0,3.0,0,13.41,0,8.18,0,39.317,-76.586,45.0
2024-12-17 04:13:00,2024-12-17,2024-12-17 04:13:00,101.6,0,7.083,0,0.045,100.4,0,0.22,1.011,0,0.004,1.12,0,1.013,0,162.6,0,25.13,0.0,0,0.0,0,0.0,0,0.0,416.0,0,422.0,0,61.0,0,81.0,0,81.0,0,0.0,0,83.33,0,3.0,0,13.41,0,8.18,0,39.317,-76.586,45.0
2024-12-17 04:14:00,2024-12-17,2024-12-17 04:14:00,101.61,0,7.09,0,0.041,100.4,0,0.266,1.011,0,0.005,0.727,0,0.711,0,176.0,0,11.85,0.0,0,0.0,0,0.0,0,0.0,438.0,0,424.0,0,61.0,0,81.0,0,81.0,0,0.0,0,83.33,0,3.0,0,13.41,0,8.19,0,39.317,-76.586,45.0
2024-12-17 04:15:00,2024-12-17,2024-12-17 04:15:00,101.61,0,7.107,0,0.038,100.4,0,0.253,1.012,0,0.004,0.381,0,0.345,0,189.4,0,24.76,0.0,0,0.0,0,0.0,0,0.0,486.0,0,432.0,0,61.0,0,81.0,0,81.0,0,0.0,0,83.33,0,3.0,0,13.41,0,8.19,0,39.317,-76.586,45.0
2024-12-17 04:16:00,2024-12-17,2024-12-17 04:16:00,101.61,0,7.122,0,0.039,100.4,0,0.231,1.014,0,0.004,1.359,0,1.326,0,189.8,0,11.7,0.0,0,0.0,0,0.0,0,0.0,514.0,0,441.0,0,30.0,0,81.0,0,81.0,0,0.0,0,83.33,0,3.0,0,13.41,0,8.19,0,39.317,-76.586,45.0
2024-12-17 04:17:00,2024-12-17,2024-12-17 04:17:00,101.6,0,7.152,0,0.041,100.4,0,0.212,1.015,0,0.004,1.454,0,1.394,0,192.1,0,16.34,0.0,0,0.0,0,0.0,0,0.0,538.0,0,452.0,0,30.0,0,81.0,0,81.0,0,0.0,0,83.33,0,3.0,0,13.41,0,8.2,0,39.317,-76.586,45.0
2024-12-17 04:18:00,2024-12-17,2024-12-17 04:18:00,101.59,0,7.169,0,0.039,100.4,0,0.231,1.017,0,0.004,0.733,0,0.544,0,200.7,0,41.18,0.0,0,0.0,0,0.0,0,0.0,717.0,0,472.0,0,30.0,0,81.0,0,81.0,0,0.0,0,83.33,0,3.0,0,13.41,0,8.2,0,39.317,-76.586,45.0
2024-12-17 04:19:00,2024-12-17,2024-12-17 04:19:00,101.59,0,7.171,0,0.043,100.4,0,0.255,1.017,0,0.005,0.812,0,0.771,0,174.9,0,18.09,0.0,0,0.0,0,0.0,0,0.0,826.0,0,496.0,0,30.0,0,81.0,0,81.0,0,0.0,0,83.33,0,3.0,0,13.41,0,8.2,0,39.317,-76.586,45.0
2024-12-17 04:20:00,2024-12-17,2024-12-17 04:20:00,101.58,0,7.17,0,0.046,100.3,0,0.243,1.016,0,0.005,0.614,0,0.583,0,179.7,0,18.29,0.0,0,0.0,0,0.0,0,0.0,883.0,0,528.0,0,30.0,0,81.0,0,81.0,0,0.0,0,83.33,0,3.0,0,13.41,0,8.2,0,39.317,-76.586,45.0
2024-12-17 04:21:00,2024-12-17,2024-12-17 04:21:00,101.57,0,7.19,0,0.055,100.4,0,0.229,1.018,0,0.006,1.132,0,1.097,0,178.5,0,14.29,0.0,0,0.0,0,0.0,0,0.0,980.0,0,563.0,0,30.0,0,81.0,0,81.0,0,0.0,0,83.33,0,3.0,0,13.41,0,8.21,0,39.317,-76.586,45.0
2024-12-17 04:22:00,2024-12-17,2024-12-17 04:22:00,101.56,0,7.208,0,0.04,100.4,0,0.25,1.019,0,0.005,0.848,0,0.755,0,153.3,0,26.85,0.0,0,0.0,0,0.0,0,0.0,970.0,0,609.0,0,30.0,0,81.0,0,81.0,0,0.0,0,83.33,0,3.0,0,13.41,0,8.21,0,39.317,-76.586,45.0
2024-12-17 04:23:00,2024-12-17,2024-12-17 04:23:00,101.56,0,7.228,0,0.041,100.4,0,0.253,1.021,0,0.005,0.662,0,0.598,0,175.7,0,24.51,0.0,0,0.0,0,0.0,0,0.0,1056.0,0,669.0,0,30.0,0,81.0,0,81.0,0,0.0,0,83.33,0,3.0,0,13.41,0,8.22,0,39.317,-76.586,45.0
2024-12-17 04:24:00,2024-12-17,2024-12-17 04:24:00,101.57,0,7.237,0,0.043,100.4,0,0.251,1.021,0,0.005,1.517,0,1.436,0,182.6,0,18.77,0.0,0,0.0,0,0.0,0,0.0,1129.0,0,738.0,0,30.0,0,81.0,0,81.0,0,0.0,0,83.33,0,3.0,0,13.41,0,8.22,0,39.317,-76.586,45.0
2024-12-17 04:25:00,2024-12-17,2024-12-17 04:25:00,101.57,0,7.24,0,0.04,100.3,0,0.212,1.021,0,0.004,0.879,0,0.795,0,198.2,0,25.01,0.0,0,0.0,0,0.0,0,0.0,1285.0,0,816.0,0,30.0,0,81.0,0,81.0,0,0.0,0,83.33,0,3.0,0,13.41,0,8.22,0,39.317,-76.586,45.0
2024-12-17 04:26:00,2024-12-17,2024-12-17 04:26:00,101.58,0,7.26,0,0.038,100.4,0,0.223,1.023,0,0.004,2.118,0,2.056,0,190.3,0,13.88,0.0,0,0.0,0,0.0,0,0.0,1325.0,0,905.0,0,30.0,0,81.0,0,81.0,0,0.0,0,83.33,0,3.0,0,13.41,0,8.23,0,39.317,-76.586,45.0
2024-12-17 04:27:00,2024-12-17,2024-12-17 04:27:00,101.59,0,7.315,0,0.046,100.3,0,0.191,1.026,0,0.005,1.743,0,1.661,0,196.2,0,17.58,0.0,0,0.0,0,0.0,0,0.0,1489.0,0,1015.0,0,30.0,0,81.0,0,81.0,0,0.0,0,83.33,0,3.0,0,13.41,0,8.23,0,39.317,-76.586,45.0
2024-12-17 04:28:00,2024-12-17,2024-12-17 04:28:00,101.58,0,7.347,0,0.035,100.4,0,0.234,1.029,0,0.004,1.944,0,1.863,0,200.9,0,16.45,0.0,0,0.0,0,0.452,0,0.0,1915.0,0,1114.0,0,61.0,0,81.0,0,81.0,0,0.0,0,83.33,0,3.0,0,13.41,0,8.24,0,39.317,-76.586,45.0
2024-12-17 04:29:00,2024-12-17,2024-12-17 04:29:00,101.58,0,7.384,0,0.043,100.4,0,0.26,1.032,0,0.005,1.485,0,1.384,0,171.5,0,21.05,0.0,0,0.0,0,0.86,0,0.0,3188.0,0,1233.0,0,61.0,0,81.0,0,81.0,0,0.7,0,83.34,0,3.0,0,13.41,0,8.24,0,39.317,-76.586,45.0
2024-12-17 04:30:00,2024-12-17,2024-12-17 04:30:00,101.58,0,7.416,0,0.044,100.4,0,0.241,1.034,0,0.005,1.006,0,0.911,0,186.1,0,24.95,0.0,0,0.0,0,0.135,0,0.0,3816.0,0,1376.0,0,61.0,0,81.0,0,81.0,0,0.09,0,83.34,0,3.0,0,13.41,0,8.25,0,39.317,-76.586,45.0
2024-12-17 04:31:00,2024-12-17,2024-12-17 04:31:00,101.57,0,7.453,0,0.041,100.4,0,0.234,1.036,0,0.005,2.216,0,2.093,0,202.7,0,19.1,0.0,0,0.0,0,0.0,0,0.0,3827.0,0,1532.0,0,61.0,0,81.0,0,81.0,0,0.0,0,83.34,0,3.0,0,13.41,0,8.25,0,39.317,-76.586,45.0
2024-12-17 04:32:00,2024-12-17,2024-12-17 04:32:00,101.57,0,7.49,0,0.043,100.4,0,0.218,1.039,0,0.005,2.261,0,2.19,0,190.0,0,14.36,0.0,0,0.0,0,0.0,0,0.0,4111.0,0,1737.0,0,61.0,0,81.0,0,81.0,0,0.0,0,83.34,0,3.0,0,13.41,0,8.26,0,39.317,-76.586,45.0
2024-12-17 04:33:00,2024-12-17,2024-12-17 04:33:00,101.56,0,7.49,0,0.038,100.3,0,0.204,1.039,0,0.004,1.637,0,1.429,0,192.3,0,28.87,0.0,0,0.0,0,0.0,0,0.0,4506.0,0,1981.0,0,61.0,0,81.0,0,81.0,0,0.0,0,83.34,0,3.0,0,13.41,0,8.26,0,39.317,-76.586,45.0
2024-12-17 04:34:00,2024-12-17,2024-12-17 04:34:00,101.55,0,7.52,0,0.035,100.4,0,0.261,1.042,0,0.005,3.481,0,3.415,0,180.0,0,11.15,0.0,0,0.0,0,0.0,0,0.0,4688.0,0,2280.0,0,61.0,0,81.0,0,81.0,0,0.0,0,83.34,0,3.0,0,13.41,0,8.27,0,39.317,-76.586,45.0
2024-12-17 04:35:00,2024-12-17,2024-12-17 04:35:00,101.56,0,7.529,0,0.052,100.4,0,0.233,1.042,0,0.005,1.86,0,1.781,0,186.2,0,16.76,0.0,0,0.0,0,0.0,0,0.0,4328.0,0,2629.0,0,61.0,0,81.0,0,81.0,0,0.01,0,83.34,0,3.0,0,13.41,0,8.28,0,39.317,-76.586,45.0
2024-12-17 04:36:00,2024-12-17,2024-12-17 04:36:00,101.56,0,7.531,0,0.041,100.4,0,0.21,1.042,0,0.004,1.932,0,1.772,0,205.1,0,23.32,0.0,0,0.0,0,0.023,0,0.0,4417.0,0,3105.0,0,61.0,0,81.0,0,81.0,0,0.0,0,83.34,0,3.0,0,13.41,0,8.29,0,39.317,-76.586,45.0
2024-12-17 04:37:00,2024-12-17,2024-12-17 04:37:00,101.56,0,7.58,0,0.045,100.4,0,0.28,1.046,0,0.005,2.236,0,2.192,0,204.7,0,11.31,0.0,0,0.0,0,0.0,0,0.0,3970.0,0,3622.0,0,61.0,0,81.0,0,81.0,0,0.0,0,83.34,0,3.0,0,13.41,0,8.29,0,39.317,-76.586,45.0
2024-12-17 04:38:00,2024-12-17,2024-12-17 04:38:00,101.56,0,7.641,0,0.041,100.4,0,0.213,1.05,0,0.005,1.695,0,1.602,0,208.5,0,18.97,0.0,0,0.0,0,0.0,0,0.0,5222.0,0,4139.0,0,10.0,0,81.0,0,81.0,0,0.0,0,83.34,0,3.0,0,13.4,0,8.3,0,39.317,-76.586,45.0
2024-12-17 04:39:00,2024-12-17,2024-12-17 04:39:00,101.56,0,7.665,0,0.041,100.3,0,0.248,1.051,0,0.005,1.779,0,1.613,0,200.6,0,24.75,0.0,0,0.0,0,0.0,0,0.0,5378.0,0,4370.0,0,10.0,0,81.0,0,81.0,0,0.0,0,83.34,0,3.0,0,13.41,0,8.31,0,39.317,-76.586,45.0
2024-12-17 04:40:00,2024-12-17,2024-12-17 04:40:00,101.57,0,7.679,0,0.041,100.4,0,0.219,1.053,0,0.005,2.032,0,1.973,0,209.2,0,13.76,0.0,0,0.0,0,0.0,0,0.0,5386.0,0,4520.0,0,10.0,0,81.0,0,81.0,0,0.0,0,83.34,0,3.0,0,13.41,0,8.31,0,39.317,-76.586,45.0
2024-12-17 04:41:00,2024-12-17,2024-12-17 04:41:00,101.57,0,7.687,0,0.034,100.4,0,0.252,1.053,0,0.004,1.599,0,1.403,0,204.5,0,28.35,0.0,0,0.0,0,0.0,0,0.0,5667.0,0,4701.0,0,10.0,0,81.0,0,81.0,0,0.0,0,83.34,0,3.0,0,13.41,0,8.32,0,39.317,-76.586,45.0
2024-12-17 04:42:00,2024-12-17,2024-12-17 04:42:00,101.56,0,7.737,0,0.042,100.4,0,0.246,1.057,0,0.005,2.073,0,2.001,0,197.7,0,15.08,0.0,0,0.0,0,0.0,0,0.0,5342.0,0,4828.0,0,10.0,0,81.0,0,81.0,0,0.0,0,83.34,0,3.0,0,13.41,0,8.33,0,39.317,-76.586,45.0
2024-12-17 04:43:00,2024-12-17,2024-12-17 04:43:00,101.56,0,7.757,0,0.04,100.4,0,0.239,1.058,0,0.005,1.403,0,1.332,0,197.4,0,18.25,0.0,0,0.0,0,0.0,0,0.0,5882.0,0,4952.0,0,10.0,0,81.0,0,81.0,0,0.0,0,83.34,0,3.0,0,13.41,0,8.34,0,39.317,-76.586,45.0
2024-12-17 04:44:00,2024-12-17,2024-12-17 04:44:00,101.55,0,7.759,0,0.046,100.4,0,0.204,1.058,0,0.005,2.639,0,2.456,0,200.5,0,21.33,0.0,0,0.0,0,0.0,0,0.0,5634.0,0,5041.0,0,10.0,0,81.0,0,81.0,0,0.0,0,83.34,0,3.0,0,13.4,0,8.35,0,39.317,-76.586,45.0
2024-12-17 04:45:00,2024-12-17,2024-12-17 04:45:00,101.55,0,7.796,0,0.041,100.3,0,0.208,1.061,0,0.004,2.635,0,2.559,0,205.4,0,13.74,0.0,0,0.0,0,0.0,0,0.0,5974.0,0,5209.0,0,10.0,0,81.0,0,81.0,0,0.0,0,83.34,0,3.0,0,13.41,0,8.36,0,39.317,-76.586,45.0
2024-12-17 04:46:00,2024-12-17,2024-12-17 04:46:00,101.55,0,7.837,0,0.046,100.4,0,0.223,1.064,0,0.005,2.615,0,2.516,0,207.3,0,15.78,0.0,0,0.0,0,0.0,0,0.0,6490.0,0,5412.0,0,10.0,0,81.0,0,81.0,0,0.0,0,83.34,0,3.0,0,13.4,0,8.37,0,39.317,-76.586,45.0
2024-12-17 04:47:00,2024-12-17,2024-12-17 04:47:00,101.55,0,7.866,0,0.074,100.3,0,0.247,1.066,0,0.007,2.326,0,2.259,0,196.4,0,13.72,0.0,0,0.0,0,0.0,0,0.0,7300.0,0,5771.0,0,10.0,0,81.0,0,81.0,0,0.0,0,83.34,0,3.0,0,13.41,0,8.38,0,39.317,-76.586,45.0
2024-12-17 04:48:00,2024-12-17,2024-12-17 04:48:00,101.55,0,7.874,0,0.042,100.4,0,0.213,1.067,0,0.005,1.867,0,1.775,0,220.4,0,17.95,0.0,0,0.0,0,0.0,0,0.0,6890.0,0,5930.0,0,10.0,0,81.0,0,81.0,0,0.0,0,83.34,0,3.0,0,13.4,0,8.39,0,39.317,-76.586,45.0
2024-12-17 04:49:00,2024-12-17,2024-12-17 04:49:00,101.56,0,7.877,0,0.038,100.4,0,0.256,1.067,0,0.005,2.461,0,2.309,0,215.8,0,20.16,0.0,0,0.0,0,0.0,0,0.0,5906.0,0,5989.0,0,10.0,0,81.0,0,81.0,0,0.0,0,83.34,0,3.0,0,13.4,0,8.4,0,39.317,-76.586,45.0
2024-12-17 04:50:00,2024-12-17,2024-12-17 04:50:00,101.57,0,7.895,0,0.04,100.4,0,0.235,1.069,0,0.005,1.493,0,1.348,0,224.3,0,25.27,0.0,0,0.0,0,0.0,0,0.0,6625.0,0,6116.0,0,10.0,0,23.0,0,81.0,0,0.0,0,83.34,0,3.0,0,13.4,0,8.41,0,39.317,-76.586,45.0
2024-12-17 04:51:00,2024-12-17,2024-12-17 04:51:00,101.57,0,7.902,0,0.053,100.4,0,0.266,1.069,0,0.006,3.231,0,3.117,0,228.8,0,15.2,0.0,0,0.0,0,0.0,0,0.0,6636.0,0,6214.0,0,10.0,0,23.0,0,81.0,0,0.0,0,83.34,0,3.0,0,13.4,0,8.42,0,39.317,-76.586,45.0
2024-12-17 04:52:00,2024-12-17,2024-12-17 04:52:00,101.56,0,7.952,0,0.042,100.3,0,0.213,1.072,0,0.005,2.912,0,2.839,0,214.0,0,12.81,0.0,0,0.0,0,0.0,0,0.0,6940.0,0,6385.0,0,10.0,0,23.0,0,81.0,0,0.0,0,83.34,0,3.0,0,13.4,0,8.43,0,39.317,-76.586,45.0
2024-12-17 04:53:00,2024-12-17,2024-12-17 04:53:00,101.56,0,7.968,0,0.042,100.4,0,0.212,1.074,0,0.005,2.435,0,2.261,0,228.7,0,21.7,0.0,0,0.0,0,0.0,0,0.0,8237.0,0,6589.0,0,10.0,0,23.0,0,81.0,0,0.0,0,83.34,0,3.0,0,13.4,0,8.44,0,39.317,-76.586,45.0
2024-12-17 04:54:00,2024-12-17,2024-12-17 04:54:00,101.56,0,8.0,0,0.048,100.4,0,0.24,1.077,0,0.006,2.457,0,2.359,0,213.3,0,16.18,0.0,0,0.0,0,0.0,0,0.0,7570.0,0,6793.0,0,10.0,0,23.0,0,81.0,0,0.0,0,83.34,0,3.0,0,13.4,0,8.45,0,39.317,-76.586,45.0
2024-12-17 04:55:00,2024-12-17,2024-12-17 04:55:00,101.56,0,8.02,0,0.061,100.4,0,0.281,1.078,0,0.007,2.391,0,2.232,0,222.5,0,20.89,0.0,0,0.0,0,0.0,0,0.0,8105.0,0,7002.0,0,10.0,0,23.0,0,81.0,0,0.0,0,83.34,0,3.0,0,13.4,0,8.47,0,39.317,-76.586,45.0
2024-12-17 04:56:00,2024-12-17,2024-12-17 04:56:00,101.56,0,8.06,0,0.044,100.4,0,0.23,1.081,0,0.005,2.922,0,2.83,0,211.1,0,14.35,0.0,0,0.0,0,0.0,0,0.0,7771.0,0,7129.0,0,10.0,0,23.0,0,81.0,0,0.0,0,83.34,0,3.0,0,13.4,0,8.48,0,39.317,-76.586,45.0
2024-12-17 04:57:00,2024-12-17,2024-12-17 04:57:00,101.55,0,8.1,0,0.041,100.4,0,0.24,1.083,0,0.005,2.835,0,2.671,0,224.0,0,19.54,0.0,0,0.0,0,0.0,0,0.0,8548.0,0,7232.0,0,10.0,0,23.0,0,81.0,0,0.0,0,83.34,0,3.0,0,13.4,0,8.49,0,39.317,-76.586,45.0
2024-12-17 04:58:00,2024-12-17,2024-12-17 04:58:00,101.54,0,8.1,0,0.038,100.4,0,0.198,1.083,0,0.004,1.679,0,1.567,0,208.9,0,20.9,0.0,0,0.0,0,0.0,0,0.0,8548.0,0,7382.0,0,10.0,0,23.0,0,81.0,0,0.0,0,83.34,0,3.0,0,13.4,0,8.5,0,39.317,-76.586,45.0
2024-12-17 04:59:00,2024-12-17,2024-12-17 04:59:00,101.55,0,8.11,0,0.038,100.4,0,0.217,1.084,0,0.005,3.257,0,3.205,0,218.2,0,10.25,0.0,0,0.0,0,0.0,0,0.0,8468.0,0,7672.0,0,10.0,0,23.0,0,81.0,0,0.0,0,83.34,0,3.0,0,13.4,0,8.52,0,39.317,-76.586,45.0
2024-12-17 05:00:00,2024-12-17,2024-12-17 05:00:00,101.55,0,8.15,0,0.036,100.4,0,0.247,1.087,0,0.005,3.126,0,3.007,0,220.1,0,15.84,0.0,0,0.0,0,0.0,0,0.0,7992.0,0,7828.0,0,10.0,0,23.0,0,81.0,0,0.0,0,83.34,0,3.0,0,13.4,0,8.53,0,39.317,-76.586,45.0
2024-12-17 05:01:00,2024-12-17,2024-12-17 05:01:00,101.56,0,8.21,0,0.048,100.3,0,0.206,1.092,0,0.005,3.316,0,3.081,0,240.8,0,21.55,0.0,0,0.0,0,0.0,0,0.0,8988.0,0,8077.0,0,10.0,0,23.0,0,81.0,0,0.0,0,83.34,0,3.0,0,13.4,0,8.54,0,39.317,-76.586,45.0
2024-12-17 05:02:00,2024-12-17,2024-12-17 05:02:00,101.57,0,8.26,0,0.072,100.5,0,0.283,1.096,0,0.008,2.693,0,2.579,0,215.6,0,16.67,0.0,0,0.0,0,0.0,0,0.0,9472.0,0,8336.0,0,10.0,0,23.0,0,81.0,0,0.0,0,83.34,0,3.0,0,13.4,0,8.55,0,39.317,-76.586,45.0
2024-12-17 05:03:00,2024-12-17,2024-12-17 05:03:00,101.57,0,8.25,0,0.04,100.4,0,0.254,1.095,0,0.005,2.548,0,2.461,0,231.4,0,14.95,0.0,0,0.0,0,0.0,0,0.0,8456.0,0,8358.0,0,10.0,0,23.0,0,81.0,0,0.0,0,83.34,0,3.0,0,13.4,0,8.57,0,39.317,-76.586,45.0
2024-12-17 05:04:00,2024-12-17,2024-12-17 05:04:00,101.56,0,8.26,0,0.043,100.4,0,0.225,1.095,0,0.005,1.782,0,1.723,0,215.1,0,14.75,0.0,0,0.0,0,0.0,0,0.0,7961.0,0,8404.0,0,10.0,0,23.0,0,81.0,0,0.0,0,83.34,0,3.0,0,13.4,0,8.58,0,39.317,-76.586,45.0
2024-12-17 05:05:00,2024-12-17,2024-12-17 05:05:00,101.56,0,8.28,0,0.044,100.4,0,0.236,1.097,0,0.005,1.958,0,1.786,0,238.6,0,24.04,0.0,0,0.0,0,0.0,0,0.0,9158.0,0,8505.0,0,10.0,0,23.0,0,81.0,0,0.0,0,83.34,0,3.0,0,13.4,0,8.59,0,39.317,-76.586,45.0
2024-12-17 05:06:00,2024-12-17,2024-12-17 05:06:00,101.57,0,8.31,0,0.043,100.4,0,0.232,1.099,0,0.005,2.899,0,2.757,0,242.2,0,17.95,0.0,0,0.0,0,0.0,0,0.0,8385.0,0,8574.0,0,10.0,0,23.0,0,81.0,0,0.0,0,83.34,0,3.0,0,13.4,0,8.61,0,39.317,-76.586,45.0
2024-12-17 05:07:00,2024-12-17,2024-12-17 05:07:00,101.56,0,8.35,0,0.04,100.3,0,0.208,1.102,0,0.005,2.492,0,2.369,0,251.9,0,18.0,0.0,0,0.0,0,0.0,0,0.0,9324.0,0,8646.0,0,10.0,0,23.0,0,23.0,0,0.0,0,83.34,0,3.0,0,13.4,0,8.62,0,39.317,-76.586,45.0
2024-12-17 05:08:00,2024-12-17,2024-12-17 05:08:00,101.56,0,8.39,0,0.044,100.4,0,0.242,1.106,0,0.005,2.004,0,1.846,0,227.1,0,22.73,0.0,0,0.0,0,0.0,0,0.0,8994.0,0,8689.0,0,10.0,0,23.0,0,23.0,0,0.0,0,83.34,0,3.0,0,13.4,0,8.64,0,39.317,-76.586,45.0
2024-12-17 05:09:00,2024-12-17,2024-12-17 05:09:00,101.55,0,8.42,0,0.053,100.4,0,0.274,1.107,0,0.006,2.06,0,1.917,0,227.2,0,21.35,0.0,0,0.0,0,0.0,0,0.0,9744.0,0,8808.0,0,10.0,0,23.0,0,23.0,0,0.0,0,83.34,0,3.0,0,13.4,0,8.65,0,39.317,-76.586,45.0
2024-12-17 05:10:00,2024-12-17,2024-12-17 05:10:00,101.55,0,8.45,0,0.05,100.4,0,0.242,1.11,0,0.006,2.937,0,2.733,0,218.1,0,21.33,0.0,0,0.0,0,0.0,0,0.0,9053.0,0,8923.0,0,10.0,0,23.0,0,23.0,0,0.0,0,83.34,0,3.0,0,13.4,0,8.67,0,39.317,-76.586,45.0
2024-12-17 05:11:00,2024-12-17,2024-12-17 05:11:00,101.55,0,8.5,0,0.042,100.4,0,0.243,1.114,0,0.005,3.43,0,3.277,0,221.4,0,17.09,0.0,0,0.0,0,0.0,0,0.0,9554.0,0,8976.0,0,10.0,0,23.0,0,23.0,0,0.0,0,83.34,0,3.0,0,13.4,0,8.68,0,39.317,-76.586,45.0
2024-12-17 05:12:00,2024-12-17,2024-12-17 05:12:00,101.54,0,8.55,0,0.044,100.4,0,0.204,1.117,0,0.005,2.571,0,2.376,0,210.1,0,22.29,0.0,0,0.0,0,0.0,0,0.0,10459.0,0,9057.0,0,10.0,0,23.0,0,23.0,0,0.0,0,83.34,0,3.0,0,13.4,0,8.69,0,39.317,-76.586,45.0
2024-12-17 05:13:00,2024-12-17,2024-12-17 05:13:00,101.54,0,8.58,0,0.042,100.4,0,0.275,1.12,0,0.005,2.499,0,2.303,0,244.6,0,22.69,0.0,0,0.0,0,0.0,0,0.0,10104.0,0,9218.0,0,10.0,0,23.0,0,23.0,0,0.0,0,83.34,0,3.0,0,13.4,0,8.71,0,39.317,-76.586,45.0
2024-12-17 05:14:00,2024-12-17,2024-12-17 05:14:00,101.53,0,8.58,0,0.044,100.3,0,0.194,1.119,0,0.005,2.009,0,1.91,0,217.4,0,17.95,0.0,0,0.0,0,0.0,0,0.0,11257.0,0,9541.0,0,10.0,0,23.0,0,23.0,0,0.0,0,83.34,0,3.0,0,13.39,0,8.72,0,39.317,-76.586,45.0
2024-12-17 05:15:00,2024-12-17,2024-12-17 05:15:00,101.51,0,8.59,0,0.052,100.4,0,0.268,1.12,0,0.006,1.671,0,1.575,0,204.7,0,19.43,0.0,0,0.0,0,0.0,0,0.0,10044.0,0,9630.0,0,10.0,0,23.0,0,23.0,0,0.0,0,83.34,0,3.0,0,13.39,0,8.74,0,39.317,-76.586,45.0
2024-12-17 05:16:00,2024-12-17,2024-12-17 05:16:00,101.5,0,8.58,0,0.041,100.3,0,0.191,1.119,0,0.004,2.581,0,2.454,0,193.3,0,17.93,0.0,0,0.0,0,0.0,0,0.0,10602.0,0,9867.0,0,10.0,0,23.0,0,23.0,0,0.0,0,83.34,0,3.0,0,13.39,0,8.76,0,39.317,-76.586,45.0
2024-12-17 05:17:00,2024-12-17,2024-12-17 05:17:00,101.5,0,8.65,0,0.05,100.4,0,0.24,1.125,0,0.006,3.984,0,3.906,0,201.9,0,11.33,0.0,0,0.0,0,0.0,0,0.0,11058.0,0,10033.0,0,10.0,0,23.0,0,23.0,0,0.0,0,83.34,0,3.0,0,13.39,0,8.77,0,39.317,-76.586,45.0
2024-12-17 05:18:00,2024-12-17,2024-12-17 05:18:00,101.51,0,8.68,0,0.06,100.4,0,0.237,1.128,0,0.006,1.72,0,1.592,0,199.9,0,22.08,0.0,0,0.0,0,0.0,0,0.0,11391.0,0,10275.0,0,0.0,0,23.0,0,23.0,0,0.0,0,83.34,0,3.0,0,13.4,0,8.79,0,39.317,-76.586,45.0
2024-12-17 05:19:00,2024-12-17,2024-12-17 05:19:00,101.51,0,8.69,0,0.044,100.4,0,0.282,1.128,0,0.006,1.218,0,1.164,0,253.8,0,17.14,0.0,0,0.0,0,0.0,0,0.0,11655.0,0,10455.0,0,0.0,0,23.0,0,23.0,0,0.0,0,83.34,0,3.0,0,13.39,0,8.81,0,39.317,-76.586,45.0
2024-12-17 05:20:00,2024-12-17,2024-12-17 05:20:00,101.51,0,8.68,0,0.044,100.4,0,0.259,1.127,0,0.006,2.398,0,2.309,0,233.3,0,15.58,0.0,0,0.0,0,0.0,0,0.0,10592.0,0,10634.0,0,0.0,0,23.0,0,23.0,0,0.0,0,83.34,0,3.0,0,13.39,0,8.82,0,39.317,-76.586,45.0
2024-12-17 05:21:00,2024-12-17,2024-12-17 05:21:00,101.51,0,8.7,0,0.036,100.3,0,0.228,1.128,0,0.005,1.935,0,1.826,0,233.5,0,19.31,0.0,0,0.0,0,0.0,0,0.0,11096.0,0,10801.0,0,0.0,0,23.0,0,23.0,0,0.0,0,83.34,0,3.0,0,13.39,0,8.84,0,39.317,-76.586,45.0
2024-12-17 05:22:00,2024-12-17,2024-12-17 05:22:00,101.51,0,8.7,0,0.042,100.3,0,0.248,1.128,0,0.005,2.847,0,2.676,0,220.6,0,19.86,0.0,0,0.0,0,0.0,0,0.0,11027.0,0,10859.0,0,0.0,0,23.0,0,23.0,0,0.0,0,83.34,0,3.0,0,13.4,0,8.86,0,39.317,-76.586,45.0
2024-12-17 05:23:00,2024-12-17,2024-12-17 05:23:00,101.5,0,8.72,0,0.039,100.2,0,0.238,1.128,0,0.005,1.772,0,1.593,0,239.2,0,25.76,0.0,0,0.0,0,0.0,0,0.0,10023.0,0,10849.0,0,0.0,0,23.0,0,23.0,0,0.0,0,83.34,0,3.0,0,13.39,0,8.87,0,39.317,-76.586,45.0
2024-12-17 05:24:00,2024-12-17,2024-12-17 05:24:00,101.5,0,8.73,0,0.042,100.2,0,0.222,1.129,0,0.005,2.13,0,2.013,0,248.4,0,18.96,0.0,0,0.0,0,0.0,0,0.0,9461.0,0,10654.0,0,0.0,0,23.0,0,23.0,0,0.0,0,83.34,0,3.0,0,13.39,0,8.89,0,39.317,-76.586,45.0
2024-12-17 05:25:00,2024-12-17,2024-12-17 05:25:00,101.5,0,8.75,0,0.064,100.2,0,0.246,1.131,0,0.006,3.417,0,3.238,0,231.7,0,18.52,0.0,0,0.0,0,0.0,0,0.0,11451.0,0,10795.0,0,0.0,0,23.0,0,23.0,0,0.0,0,83.34,0,3.0,0,13.39,0,8.91,0,39.317,-76.586,45.0
2024-12-17 05:26:00,2024-12-17,2024-12-17 05:26:00,101.51,0,8.79,0,0.041,100.2,0,0.208,1.133,0,0.005,3.794,0,3.75,0,226.0,0,8.77,0.0,0,0.0,0,0.0,0,0.0,10242.0,0,10756.0,0,0.0,0,23.0,0,23.0,0,0.0,0,83.34,0,3.0,0,13.39,0,8.92,0,39.317,-76.586,45.0
2024-12-17 05:27:00,2024-12-17,2024-12-17 05:27:00,101.51,0,8.8,0,0.036,100.1,0,0.196,1.134,0,0.004,3.136,0,3.061,0,230.7,0,12.55,0.0,0,0.0,0,0.0,0,0.0,11997.0,0,10839.0,0,0.0,0,23.0,0,23.0,0,0.0,0,83.34,0,3.0,0,13.39,0,8.94,0,39.317,-76.586,45.0
2024-12-17 05:28:00,2024-12-17,2024-12-17 05:28:00,101.51,0,8.83,0,0.044,100.1,0,0.284,1.136,0,0.006,3.21,0,3.066,0,240.8,0,17.1,0.0,0,0.0,0,0.0,0,0.0,10757.0,0,10778.0,0,0.0,0,23.0,0,23.0,0,0.0,0,83.34,0,3.0,0,13.39,0,8.96,0,39.317,-76.586,45.0
2024-12-17 05:29:00,2024-12-17,2024-12-17 05:29:00,101.51,0,8.86,0,0.036,100.1,0,0.208,1.137,0,0.005,1.949,0,1.852,0,237.6,0,18.06,0.0,0,0.0,0,0.0,0,0.0,11777.0,0,10789.0,0,0.0,0,23.0,0,23.0,0,0.0,0,83.34,0,3.0,0,13.39,0,8.97,0,39.317,-76.586,45.0
2024-12-17 05:30:00,2024-12-17,2024-12-17 05:30:00,101.51,0,8.87,0,0.049,100.0,0,0.231,1.138,0,0.006,3.028,0,2.864,0,236.5,0,18.86,0.0,0,0.0,0,0.0,0,0.0,10633.0,0,10793.0,0,0.0,0,23.0,0,23.0,0,0.0,0,83.34,0,3.0,0,13.39,0,8.99,0,39.317,-76.586,45.0
2024-12-17 05:31:00,2024-12-17,2024-12-17 05:31:00,101.51,0,8.89,0,0.041,100.0,0,0.269,1.138,0,0.005,2.434,0,2.249,0,226.0,0,22.32,0.0,0,0.0,0,0.0,0,0.0,10337.0,0,10717.0,0,0.0,0,23.0,0,23.0,0,0.0,0,83.34,0,3.0,0,13.39,0,9.01,0,39.317,-76.586,45.0
2024-12-17 05:32:00,2024-12-17,2024-12-17 05:32:00,101.51,0,8.91,0,0.039,100.0,0,0.239,1.14,0,0.005,2.555,0,2.34,0,228.2,0,23.5,0.0,0,0.0,0,0.0,0,0.0,11552.0,0,10764.0,0,0.0,0,23.0,0,23.0,0,0.0,0,83.34,0,3.0,0,13.38,0,9.02,0,39.317,-76.586,45.0
2024-12-17 05:33:00,2024-12-17,2024-12-17 05:33:00,101.52,0,8.93,0,0.073,99.9,0,0.226,1.141,0,0.007,2.06,0,1.924,0,237.6,0,20.76,0.0,0,0.0,0,0.0,0,0.0,10575.0,0,10825.0,0,0.0,0,0.0,0,23.0,0,0.0,0,83.34,0,3.0,0,13.39,0,9.04,0,39.317,-76.586,45.0
2024-12-17 05:34:00,2024-12-17,2024-12-17 05:34:00,101.51,0,8.93,0,0.04,99.9,0,0.261,1.141,0,0.005,2.391,0,2.254,0,237.8,0,19.41,0.0,0,0.0,0,0.0,0,0.0,11658.0,0,11063.0,0,0.0,0,0.0,0,23.0,0,0.0,0,83.34,0,3.0,0,13.39,0,9.06,0,39.317,-76.586,45.0
2024-12-17 05:35:00,2024-12-17,2024-12-17 05:35:00,101.5,0,8.94,0,0.045,99.8,0,0.231,1.141,0,0.005,2.811,0,2.712,0,230.6,0,15.21,0.0,0,0.0,0,0.0,0,0.0,12323.0,0,11139.0,0,0.0,0,0.0,0,23.0,0,0.0,0,83.34,0,3.0,0,13.39,0,9.08,0,39.317,-76.586,45.0
2024-12-17 05:36:00,2024-12-17,2024-12-17 05:36:00,101.5,0,8.95,0,0.039,99.8,0,0.231,1.141,0,0.005,2.51,0,2.295,0,225.2,0,23.73,0.0,0,0.0,0,0.0,0,0.0,12101.0,0,11329.0,0,0.0,0,0.0,0,23.0,0,0.0,0,83.34,0,3.0,0,13.39,0,9.09,0,39.317,-76.586,45.0
2024-12-17 05:37:00,2024-12-17,2024-12-17 05:37:00,101.5,0,8.94,0,0.042,99.7,0,0.211,1.14,0,0.005,2.017,0,1.857,0,237.9,0,22.84,0.0,0,0.0,0,0.0,0,0.0,13705.0,0,11464.0,0,0.0,0,0.0,0,0.0,0,0.0,0,83.34,0,3.0,0,13.39,0,9.11,0,39.317,-76.586,45.0
2024-12-17 05:38:00,2024-12-17,2024-12-17 05:38:00,101.51,0,8.96,0,0.041,99.7,0,0.209,1.141,0,0.005,2.421,0,2.309,0,241.8,0,17.38,0.0,0,0.0,0,0.0,0,0.0,12541.0,0,11640.0,0,0.0,0,0.0,0,0.0,0,0.0,0,83.34,0,3.0,0,13.38,0,9.13,0,39.317,-76.586,45.0
2024-12-17 05:39:00,2024-12-17,2024-12-17 05:39:00,101.5,0,8.94,0,0.039,99.6,0,0.258,1.139,0,0.005,3.482,0,3.285,0,239.6,0,19.3,0.0,0,0.0,0,0.0,0,0.0,10980.0,0,11557.0,0,0.0,0,0.0,0,0.0,0,0.0,0,83.34,0,3.0,0,13.38,0,9.14,0,39.317,-76.586,45.0
2024-12-17 05:40:00,2024-12-17,2024-12-17 05:40:00,101.5,0,8.97,0,0.037,99.7,0,0.234,1.142,0,0.005,2.437,0,2.37,0,227.1,0,13.38,0.0,0,0.0,0,0.0,0,0.0,12074.0,0,11709.0,0,0.0,0,0.0,0,0.0,0,0.0,0,83.34,0,3.0,0,13.39,0,9.16,0,39.317,-76.586,45.0
2024-12-17 05:41:00,2024-12-17,2024-12-17 05:41:00,101.5,0,8.97,0,0.039,99.7,0,0.244,1.141,0,0.005,2.117,0,1.98,0,233.7,0,20.42,0.0,0,0.0,0,0.0,0,0.0,11080.0,0,11799.0,0,0.0,0,0.0,0,0.0,0,0.0,0,83.34,0,3.0,0,13.39,0,9.17,0,39.317,-76.586,45.0
2024-12-17 05:42:00,2024-12-17,2024-12-17 05:42:00,101.5,0,8.97,0,0.043,99.6,0,0.231,1.141,0,0.005,2.272,0,2.124,0,243.8,0,20.7,0.0,0,0.0,0,0.0,0,0.0,12366.0,0,11879.0,0,0.0,0,0.0,0,0.0,0,0.0,0,83.34,0,3.0,0,13.38,0,9.19,0,39.317,-76.586,45.0
2024-12-17 05:43:00,2024-12-17,2024-12-17 05:43:00,101.49,0,8.98,0,0.039,99.5,0,0.245,1.14,0,0.005,3.01,0,2.712,0,224.9,0,25.48,0.0,0,0.0,0,0.0,0,0.0,11487.0,0,11986.0,0,0.0,0,0.0,0,0.0,0,0.0,0,83.34,0,3.0,0,13.39,0,9.21,0,39.317,-76.586,45.0
2024-12-17 05:44:00,2024-12-17,2024-12-17 05:44:00,101.49,0,8.98,0,0.041,99.5,0,0.225,1.14,0,0.005,2.697,0,2.593,0,238.3,0,15.85,0.0,0,0.0,0,0.0,0,0.0,11025.0,0,11915.0,0,0.0,0,0.0,0,0.0,0,0.0,0,83.34,0,3.0,0,13.38,0,9.22,0,39.317,-76.586,45.0
2024-12-17 05:45:00,2024-12-17,2024-12-17 05:45:00,101.5,0,8.98,0,0.043,99.6,0,0.234,1.14,0,0.005,2.283,0,2.145,0,223.1,0,19.91,0.0,0,0.0,0,0.0,0,0.0,11738.0,0,11858.0,0,0.0,0,0.0,0,0.0,0,0.0,0,83.34,0,3.0,0,13.38,0,9.24,0,39.317,-76.586,45.0
2024-12-17 05:46:00,2024-12-17,2024-12-17 05:46:00,101.49,0,8.98,0,0.049,99.5,0,0.242,1.14,0,0.006,2.496,0,2.287,0,237.1,0,23.44,0.0,0,0.0,0,0.0,0,0.0,10244.0,0,11651.0,0,0.0,0,0.0,0,0.0,0,0.0,0,83.34,0,3.0,0,13.38,0,9.26,0,39.317,-76.586,45.0
2024-12-17 05:47:00,2024-12-17,2024-12-17 05:47:00,101.49,0,8.98,0,0.044,99.5,0,0.257,1.14,0,0.005,2.045,0,1.976,0,239.7,0,14.82,0.0,0,0.0,0,0.0,0,0.0,10191.0,0,11319.0,0,0.0,0,0.0,0,0.0,0,0.0,0,83.34,0,3.0,0,13.38,0,9.27,0,39.317,-76.586,45.0
2024-12-17 05:48:00,2024-12-17,2024-12-17 05:48:00,101.49,0,8.98,0,0.043,99.5,0,0.24,1.14,0,0.005,1.844,0,1.777,0,228.0,0,15.39,0.0,0,0.0,0,0.0,0,0.0,10290.0,0,11100.0,0,0.0,0,0.0,0,0.0,0,0.0,0,83.34,0,3.0,0,13.38,0,9.29,0,39.317,-76.586,45.0
2024-12-17 05:49:00,2024-12-17,2024-12-17 05:49:00,101.48,0,8.97,0,0.04,99.5,0,0.257,1.139,0,0.005,2.383,0,2.11,0,224.0,0,27.43,0.0,0,0.0,0,0.0,0,0.0,9600.0,0,10941.0,0,0.0,0,0.0,0,0.0,0,0.0,0,83.34,0,3.0,0,13.38,0,9.3,0,39.317,-76.586,45.0
2024-12-17 05:50:00,2024-12-17,2024-12-17 05:50:00,101.48,0,8.98,0,0.04,99.4,0,0.238,1.14,0,0.005,4.06,0,3.869,0,228.3,0,17.59,0.0,0,0.0,0,0.0,0,0.0,9613.0,0,10693.0,0,0.0,0,0.0,0,0.0,0,0.0,0,83.34,0,3.0,0,13.39,0,9.32,0,39.317,-76.586,45.0
2024-12-17 05:51:00,2024-12-17,2024-12-17 05:51:00,101.48,0,9.01,0,0.04,99.5,0,0.247,1.142,0,0.005,3.28,0,3.113,0,233.8,0,18.27,0.0,0,0.0,0,0.0,0,0.0,10195.0,0,10604.0,0,0.0,0,0.0,0,0.0,0,0.0,0,83.34,0,3.0,0,13.38,0,9.33,0,39.317,-76.586,45.0
2024-12-17 05:52:00,2024-12-17,2024-12-17 05:52:00,101.49,0,9.03,0,0.035,99.5,0,0.248,1.143,0,0.005,3.427,0,3.27,0,225.0,0,17.32,0.0,0,0.0,0,0.0,0,0.0,9344.0,0,10318.0,0,0.0,0,0.0,0,0.0,0,0.0,0,83.34,0,3.0,0,13.38,0,9.35,0,39.317,-76.586,45.0
2024-12-17 05:53:00,2024-12-17,2024-12-17 05:53:00,101.49,0,9.04,0,0.04,99.5,0,0.219,1.144,0,0.005,2.862,0,2.734,0,236.2,0,17.13,0.0,0,0.0,0,0.0,0,0.0,9641.0,0,10144.0,0,0.0,0,0.0,0,0.0,0,0.0,0,83.34,0,3.0,0,13.38,0,9.36,0,39.317,-76.586,45.0
2024-12-17 05:54:00,2024-12-17,2024-12-17 05:54:00,101.49,0,9.03,0,0.046,99.4,0,0.23,1.142,0,0.005,2.884,0,2.764,0,244.8,0,16.55,0.0,0,0.0,0,0.0,0,0.0,9674.0,0,10015.0,0,0.0,0,0.0,0,0.0,0,0.0,0,83.34,0,3.0,0,13.38,0,9.38,0,39.317,-76.586,45.0
2024-12-17 05:55:00,2024-12-17,2024-12-17 05:55:00,101.48,0,9.03,0,0.036,99.4,0,0.242,1.143,0,0.005,4.518,0,4.199,0,212.5,0,21.51,0.0,0,0.0,0,0.0,0,0.0,9497.0,0,9817.0,0,10.0,0,10.0,0,10.0,0,0.0,0,83.34,0,3.0,0,13.38,0,9.39,0,39.317,-76.586,45.0
2024-12-17 05:56:00,2024-12-17,2024-12-17 05:56:00,101.49,0,9.07,0,0.035,99.4,0,0.247,1.145,0,0.005,4.439,0,4.147,0,220.1,0,20.8,0.0,0,0.0,0,0.0,0,0.0,8500.0,0,9628.0,0,10.0,0,10.0,0,10.0,0,0.0,0,83.34,0,3.0,0,13.38,0,9.41,0,39.317,-76.586,45.0
2024-12-17 05:57:00,2024-12-17,2024-12-17 05:57:00,101.49,0,9.05,0,0.041,99.4,0,0.28,1.144,0,0.006,2.401,0,2.277,0,237.4,0,18.4,0.0,0,0.0,0,0.0,0,0.0,10654.0,0,9668.0,0,10.0,0,10.0,0,10.0,0,0.0,0,83.34,0,3.0,0,13.38,0,9.42,0,39.317,-76.586,45.0
2024-12-17 05:58:00,2024-12-17,2024-12-17 05:58:00,101.49,0,9.04,0,0.035,99.3,0,0.225,1.143,0,0.005,2.205,0,2.044,0,238.9,0,21.89,0.0,0,0.0,0,0.0,0,0.0,8083.0,0,9426.0,0,10.0,0,10.0,0,10.0,0,0.0,0,83.34,0,3.0,0,13.38,0,9.43,0,39.317,-76.586,45.0
2024-12-17 05:59:00,2024-12-17,2024-12-17 05:59:00,101.49,0,9.03,0,0.038,99.3,0,0.233,1.142,0,0.005,2.53,0,2.296,0,241.1,0,24.65,0.0,0,0.0,0,0.0,0,0.0,8617.0,0,9321.0,0,10.0,0,10.0,0,10.0,0,0.0,0,83.34,0,3.0,0,13.38,0,9.45,0,39.317,-76.586,45.0
2024-12-17 06:00:00,2024-12-17,2024-12-17 06:00:00,101.49,0,9.03,0,0.04,99.4,0,0.265,1.142,0,0.005,2.073,0,1.979,0,254.4,0,17.21,0.0,0,0.0,0,0.0,0,0.0,8872.0,0,9247.0,0,10.0,0,10.0,0,10.0,0,0.0,0,83.34,0,3.0,0,13.38,0,9.46,0,39.317,-76.586,45.0
2024-12-17 06:01:00,2024-12-17,2024-12-17 06:01:00,101.49,0,9.01,0,0.035,99.3,0,0.239,1.14,0,0.005,2.401,0,2.302,0,225.9,0,16.44,0.0,0,0.0,0,0.0,0,0.0,8385.0,0,9069.0,0,10.0,0,10.0,0,10.0,0,0.0,0,83.34,0,3.0,0,13.38,0,9.47,0,39.317,-76.586,45.0
2024-12-17 06:02:00,2024-12-17,2024-12-17 06:02:00,101.48,0,9.02,0,0.037,99.3,0,0.235,1.141,0,0.005,1.919,0,1.845,0,237.3,0,15.87,0.0,0,0.0,0,0.0,0,0.0,7526.0,0,8861.0,0,10.0,0,10.0,0,10.0,0,0.0,0,83.34,0,3.0,0,13.38,0,9.49,0,39.317,-76.586,45.0
2024-12-17 06:03:00,2024-12-17,2024-12-17 06:03:00,101.48,0,9.03,0,0.035,99.3,0,0.24,1.142,0,0.005,2.203,0,2.074,0,237.9,0,19.62,0.0,0,0.0,0,0.0,0,0.0,7484.0,0,8633.0,0,10.0,0,10.0,0,10.0,0,0.0,0,83.34,0,3.0,0,13.38,0,9.5,0,39.317,-76.586,45.0
2024-12-17 06:04:00,2024-12-17,2024-12-17 06:04:00,101.48,0,9.03,0,0.04,99.3,0,0.228,1.142,0,0.005,2.434,0,2.248,0,234.4,0,22.37,0.0,0,0.0,0,0.0,0,0.0,7278.0,0,8386.0,0,10.0,0,10.0,0,10.0,0,0.0,0,83.34,0,3.0,0,13.37,0,9.51,0,39.317,-76.586,45.0
2024-12-17 06:05:00,2024-12-17,2024-12-17 06:05:00,101.48,0,9.04,0,0.068,99.3,0,0.244,1.142,0,0.007,4.132,0,3.985,0,231.4,0,15.31,0.0,0,0.0,0,0.0,0,0.0,7225.0,0,8160.0,0,10.0,0,10.0,0,10.0,0,0.0,0,83.34,0,3.0,0,13.37,0,9.52,0,39.317,-76.586,45.0
2024-12-17 06:06:00,2024-12-17,2024-12-17 06:06:00,101.48,0,9.04,0,0.041,99.3,0,0.257,1.143,0,0.005,2.979,0,2.834,0,220.1,0,17.91,0.0,0,0.0,0,0.0,0,0.0,6923.0,0,7985.0,0,10.0,0,10.0,0,10.0,0,0.0,0,83.34,0,3.0,0,13.37,0,9.54,0,39.317,-76.586,45.0
2024-12-17 06:07:00,2024-12-17,2024-12-17 06:07:00,101.48,0,9.06,0,0.033,99.4,0,0.241,1.144,0,0.005,3.29,0,3.077,0,223.1,0,20.6,0.0,0,0.0,0,0.0,0,0.0,6676.0,0,7644.0,0,10.0,0,10.0,0,10.0,0,0.0,0,83.34,0,3.0,0,13.38,0,9.55,0,39.317,-76.586,45.0
2024-12-17 06:08:00,2024-12-17,2024-12-17 06:08:00,101.47,0,9.05,0,0.065,99.4,0,0.253,1.144,0,0.006,2.243,0,2.105,0,232.0,0,20.04,0.0,0,0.0,0,0.0,0,0.0,6362.0,0,7453.0,0,10.0,0,10.0,0,10.0,0,0.0,0,83.34,0,3.0,0,13.38,0,9.56,0,39.317,-76.586,45.0
2024-12-17 06:09:00,2024-12-17,2024-12-17 06:09:00,101.47,0,9.05,0,0.041,99.3,0,0.213,1.144,0,0.005,2.711,0,2.627,0,240.1,0,14.25,0.0,0,0.0,0,0.0,0,0.0,6793.0,0,7284.0,0,10.0,0,10.0,0,10.0,0,0.0,0,83.34,0,3.0,0,13.37,0,9.57,0,39.317,-76.586,45.0
2024-12-17 06:10:00,2024-12-17,2024-12-17 06:10:00,101.47,0,9.05,0,0.044,99.4,0,0.252,1.144,0,0.005,2.703,0,2.51,0,226.1,0,21.63,0.0,0,0.0,0,0.0,0,0.0,6357.0,0,7055.0,0,10.0,0,10.0,0,10.0,0,0.0,0,83.34,0,3.0,0,13.38,0,9.59,0,39.317,-76.586,45.0
2024-12-17 06:11:00,2024-12-17,2024-12-17 06:11:00,101.47,0,9.06,0,0.039,99.3,0,0.242,1.144,0,0.005,2.981,0,2.684,0,228.4,0,25.54,0.0,0,0.0,0,0.0,0,0.0,6728.0,0,6911.0,0,10.0,0,10.0,0,10.0,0,0.0,0,83.34,0,3.0,0,13.37,0,9.6,0,39.317,-76.586,45.0
2024-12-17 06:12:00,2024-12-17,2024-12-17 06:12:00,101.47,0,9.08,0,0.036,99.3,0,0.23,1.145,0,0.005,3.463,0,3.067,0,243.8,0,27.39,0.0,0,0.0,0,0.0,0,0.0,6612.0,0,6825.0,0,10.0,0,10.0,0,10.0,0,0.0,0,83.34,0,3.0,0,13.37,0,9.61,0,39.317,-76.586,45.0
2024-12-17 06:13:00,2024-12-17,2024-12-17 06:13:00,101.47,0,9.09,0,0.039,99.4,0,0.233,1.147,0,0.005,3.887,0,3.674,0,239.7,0,18.96,0.0,0,0.0,0,0.0,0,0.0,7063.0,0,6788.0,0,10.0,0,10.0,0,10.0,0,0.0,0,83.34,0,3.0,0,13.37,0,9.62,0,39.317,-76.586,45.0
2024-12-17 06:14:00,2024-12-17,2024-12-17 06:14:00,101.47,0,9.09,0,0.045,99.4,0,0.267,1.147,0,0.006,2.633,0,2.472,0,249.3,0,20.03,0.0,0,0.0,0,0.0,0,0.0,6381.0,0,6700.0,0,10.0,0,10.0,0,10.0,0,0.0,0,83.34,0,3.0,0,13.37,0,9.63,0,39.317,-76.586,45.0
2024-12-17 06:15:00,2024-12-17,2024-12-17 06:15:00,101.47,0,9.08,0,0.037,99.4,0,0.23,1.146,0,0.005,2.92,0,2.823,0,229.3,0,14.78,0.0,0,0.0,0,0.0,0,0.0,6696.0,0,6651.0,0,10.0,0,10.0,0,10.0,0,0.0,0,83.34,0,3.0,0,13.37,0,9.64,0,39.317,-76.586,45.0
2024-12-17 06:16:00,2024-12-17,2024-12-17 06:16:00,101.47,0,9.09,0,0.037,99.4,0,0.247,1.147,0,0.005,2.12,0,1.98,0,233.9,0,20.8,0.0,0,0.0,0,0.0,0,0.0,6518.0,0,6612.0,0,10.0,0,10.0,0,10.0,0,0.0,0,83.34,0,3.0,0,13.37,0,9.65,0,39.317,-76.586,45.0
2024-12-17 06:17:00,2024-12-17,2024-12-17 06:17:00,101.46,0,9.08,0,0.033,99.4,0,0.214,1.146,0,0.005,2.218,0,2.035,0,236.5,0,23.27,0.0,0,0.0,0,0.0,0,0.0,6289.0,0,6572.0,0,10.0,0,10.0,0,10.0,0,0.0,0,83.34,0,3.0,0,13.37,0,9.66,0,39.317,-76.586,45.0
2024-12-17 06:18:00,2024-12-17,2024-12-17 06:18:00,101.46,0,9.08,0,0.049,99.4,0,0.23,1.146,0,0.005,1.79,0,1.679,0,244.9,0,20.15,0.0,0,0.0,0,0.0,0,0.0,6609.0,0,6597.0,0,10.0,0,10.0,0,10.0,0,0.0,0,83.34,0,3.0,0,13.37,0,9.68,0,39.317,-76.586,45.0
2024-12-17 06:19:00,2024-12-17,2024-12-17 06:19:00,101.45,0,9.08,0,0.039,99.4,0,0.241,1.146,0,0.005,2.182,0,2.083,0,247.9,0,17.29,0.0,0,0.0,0,0.0,0,0.0,6766.0,0,6595.0,0,10.0,0,10.0,0,10.0,0,0.0,0,83.34,0,3.0,0,13.37,0,9.69,0,39.317,-76.586,45.0
2024-12-17 06:20:00,2024-12-17,2024-12-17 06:20:00,101.46,0,9.08,0,0.04,99.4,0,0.214,1.146,0,0.005,3.938,0,3.733,0,218.4,0,18.5,0.0,0,0.0,0,0.0,0,0.0,6457.0,0,6605.0,0,10.0,0,10.0,0,10.0,0,0.0,0,83.34,0,3.0,0,13.37,0,9.69,0,39.317,-76.586,45.0
2024-12-17 06:21:00,2024-12-17,2024-12-17 06:21:00,101.46,0,9.08,0,0.039,99.4,0,0.237,1.146,0,0.005,3.9,0,3.647,0,235.8,0,20.65,0.0,0,0.0,0,0.0,0,0.0,5732.0,0,6495.0,0,10.0,0,10.0,0,10.0,0,0.0,0,83.34,0,3.0,0,13.37,0,9.71,0,39.317,-76.586,45.0
2024-12-17 06:22:00,2024-12-17,2024-12-17 06:22:00,101.46,0,9.11,0,0.04,99.4,0,0.234,1.149,0,0.005,3.523,0,3.384,0,241.7,0,16.11,0.0,0,0.0,0,0.0,0,0.0,6445.0,0,6478.0,0,10.0,0,10.0,0,10.0,0,0.0,0,83.34,0,3.0,0,13.37,0,9.72,0,39.317,-76.586,45.0
2024-12-17 06:23:00,2024-12-17,2024-12-17 06:23:00,101.46,0,9.1,0,0.042,99.4,0,0.188,1.147,0,0.005,3.192,0,3.045,0,249.6,0,17.35,0.0,0,0.0,0,0.0,0,0.0,6115.0,0,6387.0,0,10.0,0,10.0,0,10.0,0,0.0,0,83.34,0,3.0,0,13.37,0,9.73,0,39.317,-76.586,45.0
2024-12-17 06:24:00,2024-12-17,2024-12-17 06:24:00,101.47,0,9.11,0,0.041,99.4,0,0.226,1.149,0,0.005,4.552,0,4.294,0,223.4,0,19.3,0.0,0,0.0,0,0.0,0,0.0,6163.0,0,6365.0,0,10.0,0,10.0,0,10.0,0,0.0,0,83.34,0,3.0,0,13.37,0,9.74,0,39.317,-76.586,45.0
2024-12-17 06:25:00,2024-12-17,2024-12-17 06:25:00,101.47,0,9.12,0,0.037,99.4,0,0.232,1.15,0,0.005,5.349,0,5.158,0,217.3,0,15.32,0.0,0,0.0,0,0.0,0,0.0,6554.0,0,6352.0,0,10.0,0,10.0,0,10.0,0,0.0,0,83.34,0,3.0,0,13.37,0,9.75,0,39.317,-76.586,45.0
2024-12-17 06:26:00,2024-12-17,2024-12-17 06:26:00,101.47,0,9.11,0,0.035,99.4,0,0.23,1.149,0,0.005,3.105,0,2.92,0,209.2,0,19.79,0.0,0,0.0,0,0.0,0,0.0,6437.0,0,6344.0,0,10.0,0,10.0,0,10.0,0,0.0,0,83.34,0,3.0,0,13.37,0,9.76,0,39.317,-76.586,45.0
2024-12-17 06:27:00,2024-12-17,2024-12-17 06:27:00,101.47,0,9.12,0,0.04,99.4,0,0.231,1.15,0,0.005,4.059,0,3.929,0,215.3,0,14.47,0.0,0,0.0,0,0.0,0,0.0,6542.0,0,6369.0,0,10.0,0,10.0,0,10.0,0,0.0,0,83.34,0,3.0,0,13.37,0,9.76,0,39.317,-76.586,45.0
2024-12-17 06:28:00,2024-12-17,2024-12-17 06:28:00,101.47,0,9.15,0,0.037,99.5,0,0.233,1.153,0,0.005,2.997,0,2.78,0,217.3,0,21.82,0.0,0,0.0,0,0.0,0,0.0,6413.0,0,6350.0,0,10.0,0,10.0,0,10.0,0,0.0,0,83.34,0,3.0,0,13.37,0,9.78,0,39.317,-76.586,45.0
2024-12-17 06:29:00,2024-12-17,2024-12-17 06:29:00,101.47,0,9.14,0,0.037,99.5,0,0.259,1.152,0,0.005,2.881,0,2.69,0,218.5,0,20.86,0.0,0,0.0,0,0.0,0,0.0,6330.0,0,6309.0,0,10.0,0,10.0,0,10.0,0,0.0,0,83.34,0,3.0,0,13.37,0,9.78,0,39.317,-76.586,45.0
2024-12-17 06:30:00,2024-12-17,2024-12-17 06:30:00,101.47,0,9.14,0,0.036,99.5,0,0.231,1.152,0,0.004,2.187,0,2.036,0,237.0,0,21.32,0.0,0,0.0,0,0.0,0,0.0,7099.0,0,6365.0,0,10.0,0,10.0,0,10.0,0,0.0,0,83.34,0,3.0,0,13.37,0,9.79,0,39.317,-76.586,45.0
2024-12-17 06:31:00,2024-12-17,2024-12-17 06:31:00,101.46,0,9.14,0,0.036,99.5,0,0.207,1.151,0,0.005,3.864,0,3.731,0,222.9,0,15.06,0.0,0,0.0,0,0.0,0,0.0,6570.0,0,6457.0,0,10.0,0,10.0,0,10.0,0,0.0,0,83.34,0,3.0,0,13.37,0,9.8,0,39.317,-76.586,45.0
2024-12-17 06:32:00,2024-12-17,2024-12-17 06:32:00,101.46,0,9.14,0,0.039,99.5,0,0.241,1.152,0,0.005,2.932,0,2.809,0,246.1,0,16.56,0.0,0,0.0,0,0.0,0,0.0,6316.0,0,6444.0,0,10.0,0,10.0,0,10.0,0,0.0,0,83.34,0,3.0,0,13.37,0,9.81,0,39.317,-76.586,45.0
2024-12-17 06:33:00,2024-12-17,2024-12-17 06:33:00,101.46,0,9.13,0,0.037,99.5,0,0.246,1.152,0,0.005,3.08,0,2.827,0,232.5,0,23.22,0.0,0,0.0,0,0.0,0,0.0,6195.0,0,6452.0,0,10.0,0,10.0,0,10.0,0,0.0,0,83.34,0,3.0,0,13.37,0,9.82,0,39.317,-76.586,45.0
2024-12-17 06:34:00,2024-12-17,2024-12-17 06:34:00,101.46,0,9.14,0,0.037,99.4,0,0.212,1.151,0,0.005,2.463,0,2.264,0,222.8,0,23.01,0.0,0,0.0,0,0.0,0,0.0,6138.0,0,6450.0,0,10.0,0,10.0,0,10.0,0,0.0,0,83.34,0,3.0,0,13.37,0,9.83,0,39.317,-76.586,45.0
2024-12-17 06:35:00,2024-12-17,2024-12-17 06:35:00,101.46,0,9.16,0,0.044,99.5,0,0.242,1.154,0,0.005,3.458,0,3.366,0,234.8,0,13.18,0.0,0,0.0,0,0.0,0,0.0,6325.0,0,6427.0,0,10.0,0,10.0,0,10.0,0,0.0,0,83.34,0,3.0,0,13.37,0,9.84,0,39.317,-76.586,45.0
2024-12-17 06:36:00,2024-12-17,2024-12-17 06:36:00,101.46,0,9.18,0,0.034,99.5,0,0.258,1.155,0,0.005,1.677,0,1.549,0,243.3,0,22.38,0.0,0,0.0,0,0.0,0,0.0,6449.0,0,6428.0,0,10.0,0,10.0,0,10.0,0,0.0,0,83.34,0,3.0,0,13.37,0,9.85,0,39.317,-76.586,45.0
2024-12-17 06:37:00,2024-12-17,2024-12-17 06:37:00,101.46,0,9.17,0,0.044,99.5,0,0.23,1.154,0,0.005,2.855,0,2.651,0,220.4,0,21.63,0.0,0,0.0,0,0.0,0,0.0,6188.0,0,6392.0,0,10.0,0,10.0,0,10.0,0,0.0,0,83.34,0,3.0,0,13.36,0,9.86,0,39.317,-76.586,45.0
2024-12-17 06:38:00,2024-12-17,2024-12-17 06:38:00,101.47,0,9.17,0,0.035,99.5,0,0.239,1.154,0,0.005,2.615,0,2.516,0,249.7,0,15.75,0.0,0,0.0,0,0.0,0,0.0,5995.0,0,6348.0,0,10.0,0,10.0,0,10.0,0,0.0,0,83.34,0,3.0,0,13.37,0,9.87,0,39.317,-76.586,45.0
2024-12-17 06:39:00,2024-12-17,2024-12-17 06:39:00,101.47,0,9.16,0,0.038,99.5,0,0.253,1.154,0,0.005,2.288,0,2.157,0,227.8,0,19.44,0.0,0,0.0,0,0.0,0,0.0,5739.0,0,6283.0,0,10.0,0,10.0,0,10.0,0,0.0,0,83.34,0,3.0,0,13.37,0,9.88,0,39.317,-76.586,45.0
2024-12-17 06:40:00,2024-12-17,2024-12-17 06:40:00,101.46,0,9.17,0,0.04,99.5,0,0.232,1.155,0,0.005,3.221,0,3.062,0,242.2,0,17.97,0.0,0,0.0,0,0.0,0,0.0,5382.0,0,6111.0,0,10.0,0,10.0,0,10.0,0,0.0,0,83.34,0,3.0,0,13.37,0,9.89,0,39.317,-76.586,45.0
2024-12-17 06:41:00,2024-12-17,2024-12-17 06:41:00,101.46,0,9.17,0,0.038,99.5,0,0.215,1.155,0,0.005,3.378,0,3.296,0,244.2,0,12.64,0.0,0,0.0,0,0.0,0,0.0,5587.0,0,6012.0,0,10.0,0,10.0,0,10.0,0,0.0,0,83.34,0,3.0,0,13.37,0,9.9,0,39.317,-76.586,45.0
2024-12-17 06:42:00,2024-12-17,2024-12-17 06:42:00,101.46,0,9.18,0,0.04,99.5,0,0.266,1.156,0,0.005,1.61,0,1.487,0,237.5,0,22.45,0.0,0,0.0,0,0.0,0,0.0,5820.0,0,5964.0,0,10.0,0,10.0,0,10.0,0,0.0,0,83.34,0,3.0,0,13.36,0,9.9,0,39.317,-76.586,45.0
2024-12-17 06:43:00,2024-12-17,2024-12-17 06:43:00,101.46,0,9.18,0,0.037,99.6,0,0.282,1.156,0,0.005,3.52,0,3.409,0,230.6,0,14.4,0.0,0,0.0,0,0.0,0,0.0,5858.0,0,5931.0,0,10.0,0,10.0,0,10.0,0,0.0,0,83.34,0,3.0,0,13.37,0,9.91,0,39.317,-76.586,45.0
2024-12-17 06:44:00,2024-12-17,2024-12-17 06:44:00,101.45,0,9.18,0,0.035,99.6,0,0.23,1.156,0,0.005,3.84,0,3.683,0,240.9,0,16.39,0.0,0,0.0,0,0.0,0,0.0,5459.0,0,5861.0,0,10.0,0,10.0,0,10.0,0,0.0,0,83.34,0,3.0,0,13.36,0,9.92,0,39.317,-76.586,45.0
2024-12-17 06:45:00,2024-12-17,2024-12-17 06:45:00,101.46,0,9.19,0,0.035,99.5,0,0.22,1.157,0,0.005,2.559,0,2.407,0,216.1,0,19.74,0.0,0,0.0,0,0.0,0,0.0,5293.0,0,5757.0,0,10.0,0,10.0,0,10.0,0,0.0,0,83.34,0,3.0,0,13.36,0,9.93,0,39.317,-76.586,45.0
2024-12-17 06:46:00,2024-12-17,2024-12-17 06:46:00,101.46,0,9.19,0,0.038,99.5,0,0.209,1.156,0,0.005,1.911,0,1.823,0,224.5,0,17.38,0.0,0,0.0,0,0.0,0,0.0,5442.0,0,5663.0,0,10.0,0,10.0,0,10.0,0,0.0,0,83.34,0,3.0,0,13.37,0,9.94,0,39.317,-76.586,45.0
2024-12-17 06:47:00,2024-12-17,2024-12-17 06:47:00,101.46,0,9.19,0,0.052,99.6,0,0.27,1.157,0,0.006,3.296,0,3.096,0,234.6,0,19.95,0.0,0,0.0,0,0.0,0,0.0,5358.0,0,5584.0,0,10.0,0,10.0,0,10.0,0,0.0,0,83.34,0,3.0,0,13.36,0,9.95,0,39.317,-76.586,45.0
2024-12-17 06:48:00,2024-12-17,2024-12-17 06:48:00,101.46,0,9.22,0,0.042,99.6,0,0.247,1.16,0,0.005,3.685,0,3.488,0,237.7,0,18.71,0.0,0,0.0,0,0.0,0,0.0,5701.0,0,5557.0,0,10.0,0,10.0,0,10.0,0,0.0,0,83.34,0,3.0,0,13.36,0,9.96,0,39.317,-76.586,45.0
2024-12-17 06:49:00,2024-12-17,2024-12-17 06:49:00,101.45,0,9.23,0,0.038,99.6,0,0.243,1.161,0,0.005,2.884,0,2.61,0,236.2,0,25.01,0.0,0,0.0,0,0.0,0,0.0,5619.0,0,5546.0,0,10.0,0,10.0,0,10.0,0,0.0,0,83.34,0,3.0,0,13.36,0,9.97,0,39.317,-76.586,45.0
2024-12-17 06:50:00,2024-12-17,2024-12-17 06:50:00,101.45,0,9.22,0,0.045,99.6,0,0.242,1.16,0,0.005,2.357,0,2.165,0,241.3,0,23.13,0.0,0,0.0,0,0.0,0,0.0,5594.0,0,5567.0,0,10.0,0,10.0,0,10.0,0,0.0,0,83.34,0,3.0,0,13.36,0,9.97,0,39.317,-76.586,45.0
2024-12-17 06:51:00,2024-12-17,2024-12-17 06:51:00,101.44,0,9.22,0,0.034,99.6,0,0.248,1.16,0,0.005,2.563,0,2.496,0,248.1,0,13.11,0.0,0,0.0,0,0.0,0,0.0,5720.0,0,5580.0,0,10.0,0,10.0,0,10.0,0,0.0,0,83.34,0,3.0,0,13.36,0,9.98,0,39.317,-76.586,45.0
2024-12-17 06:52:00,2024-12-17,2024-12-17 06:52:00,101.45,0,9.23,0,0.036,99.6,0,0.258,1.161,0,0.005,2.184,0,2.034,0,243.9,0,21.24,0.0,0,0.0,0,0.0,0,0.0,5756.0,0,5574.0,0,10.0,0,10.0,0,10.0,0,0.0,0,83.34,0,3.0,0,13.36,0,9.99,0,39.317,-76.586,45.0
2024-12-17 06:53:00,2024-12-17,2024-12-17 06:53:00,101.45,0,9.24,0,0.04,99.6,0,0.234,1.161,0,0.005,3.37,0,3.266,0,237.5,0,14.22,0.0,0,0.0,0,0.0,0,0.0,5354.0,0,5525.0,0,10.0,0,10.0,0,10.0,0,0.0,0,83.34,0,3.0,0,13.36,0,10.0,0,39.317,-76.586,45.0
2024-12-17 06:54:00,2024-12-17,2024-12-17 06:54:00,101.45,0,9.24,0,0.034,99.6,0,0.222,1.161,0,0.005,2.218,0,2.069,0,247.4,0,20.8,0.0,0,0.0,0,0.0,0,0.0,5547.0,0,5534.0,0,10.0,0,10.0,0,10.0,0,0.0,0,83.34,0,3.0,0,13.36,0,10.01,0,39.317,-76.586,45.0
2024-12-17 06:55:00,2024-12-17,2024-12-17 06:55:00,101.46,0,9.25,0,0.037,99.6,0,0.25,1.163,0,0.005,2.605,0,2.45,0,233.8,0,19.77,0.0,0,0.0,0,0.0,0,0.0,5150.0,0,5518.0,0,10.0,0,10.0,0,10.0,0,0.0,0,83.34,0,3.0,0,13.36,0,10.02,0,39.317,-76.586,45.0
2024-12-17 06:56:00,2024-12-17,2024-12-17 06:56:00,101.46,0,9.28,0,0.037,99.6,0,0.246,1.165,0,0.005,2.713,0,2.603,0,240.0,0,16.33,0.0,0,0.0,0,0.0,0,0.0,5704.0,0,5544.0,0,10.0,0,10.0,0,10.0,0,0.0,0,83.34,0,3.0,0,13.36,0,10.02,0,39.317,-76.586,45.0
2024-12-17 06:57:00,2024-12-17,2024-12-17 06:57:00,101.46,0,9.28,0,0.047,99.6,0,0.249,1.165,0,0.006,3.673,0,3.541,0,238.3,0,15.4,0.0,0,0.0,0,0.0,0,0.0,5843.0,0,5592.0,0,10.0,0,10.0,0,10.0,0,0.0,0,83.34,0,3.0,0,13.36,0,10.03,0,39.317,-76.586,45.0
2024-12-17 06:58:00,2024-12-17,2024-12-17 06:58:00,101.46,0,9.31,0,0.039,99.7,0,0.232,1.168,0,0.005,3.167,0,2.929,0,228.0,0,22.22,0.0,0,0.0,0,0.0,0,0.0,5369.0,0,5558.0,0,10.0,0,10.0,0,10.0,0,0.0,0,83.34,0,3.0,0,13.36,0,10.04,0,39.317,-76.586,45.0
2024-12-17 06:59:00,2024-12-17,2024-12-17 06:59:00,101.46,0,9.33,0,0.037,99.7,0,0.262,1.169,0,0.005,3.195,0,2.992,0,242.8,0,20.41,0.0,0,0.0,0,0.0,0,0.0,5816.0,0,5577.0,0,10.0,0,10.0,0,10.0,0,0.0,0,83.34,0,3.0,0,13.36,0,10.05,0,39.317,-76.586,45.0
2024-12-17 07:00:00,2024-12-17,2024-12-17 07:00:00,101.46,0,9.33,0,0.04,99.6,0,0.22,1.169,0,0.005,2.104,0,1.861,0,238.8,0,27.51,0.0,0,0.0,0,0.0,0,0.0,5685.0,0,5586.0,0,10.0,0,10.0,0,10.0,0,0.0,0,83.34,0,3.0,0,13.36,0,10.06,0,39.317,-76.586,45.0
2024-12-17 07:01:00,2024-12-17,2024-12-17 07:01:00,101.46,0,9.32,0,0.049,99.6,0,0.214,1.168,0,0.005,1.833,0,1.7,0,230.1,0,21.76,0.0,0,0.0,0,0.0,0,0.0,5515.0,0,5565.0,0,10.0,0,10.0,0,10.0,0,0.0,0,83.34,0,3.0,0,13.36,0,10.07,0,39.317,-76.586,45.0
2024-12-17 07:02:00,2024-12-17,2024-12-17 07:02:00,101.46,0,9.31,0,0.039,99.6,0,0.207,1.167,0,0.005,3.172,0,3.01,0,250.5,0,18.3,0.0,0,0.0,0,0.0,0,0.0,5754.0,0,5565.0,0,10.0,0,10.0,0,10.0,0,0.0,0,83.34,0,3.0,0,13.36,0,10.07,0,39.317,-76.586,45.0
2024-12-17 07:03:00,2024-12-17,2024-12-17 07:03:00,101.46,0,9.3,0,0.038,99.7,0,0.229,1.167,0,0.005,3.861,0,3.757,0,247.4,0,13.32,0.0,0,0.0,0,0.0,0,0.0,5257.0,0,5555.0,0,10.0,0,10.0,0,10.0,0,0.0,0,83.34,0,3.0,0,13.36,0,10.08,0,39.317,-76.586,45.0
2024-12-17 07:04:00,2024-12-17,2024-12-17 07:04:00,101.46,0,9.3,0,0.038,99.6,0,0.217,1.166,0,0.005,2.711,0,2.499,0,257.4,0,22.67,0.0,0,0.0,0,0.0,0,0.0,5330.0,0,5532.0,0,10.0,0,10.0,0,10.0,0,0.0,0,83.34,0,3.0,0,13.36,0,10.09,0,39.317,-76.586,45.0
2024-12-17 07:05:00,2024-12-17,2024-12-17 07:05:00,101.46,0,9.31,0,0.05,99.6,0,0.248,1.167,0,0.005,4.189,0,3.983,0,237.9,0,17.99,0.0,0,0.0,0,0.0,0,0.0,5258.0,0,5544.0,0,10.0,0,10.0,0,10.0,0,0.0,0,83.34,0,3.0,0,13.36,0,10.1,0,39.317,-76.586,45.0
2024-12-17 07:06:00,2024-12-17,2024-12-17 07:06:00,101.46,0,9.32,0,0.039,99.7,0,0.263,1.168,0,0.005,2.731,0,2.536,0,254.3,0,21.64,0.0,0,0.0,0,0.0,0,0.0,5093.0,0,5480.0,0,10.0,0,10.0,0,10.0,0,0.0,0,83.34,0,3.0,0,13.36,0,10.11,0,39.317,-76.586,45.0
2024-12-17 07:07:00,2024-12-17,2024-12-17 07:07:00,101.46,0,9.33,0,0.039,99.6,0,0.225,1.168,0,0.005,3.296,0,3.127,0,246.2,0,18.35,0.0,0,0.0,0,0.0,0,0.0,5216.0,0,5419.0,0,10.0,0,10.0,0,10.0,0,0.0,0,83.34,0,3.0,0,13.36,0,10.12,0,39.317,-76.586,45.0
2024-12-17 07:08:00,2024-12-17,2024-12-17 07:08:00,101.47,0,9.33,0,0.036,99.6,0,0.251,1.169,0,0.005,2.422,0,2.334,0,240.0,0,15.47,0.0,0,0.0,0,0.0,0,0.0,5555.0,0,5438.0,0,10.0,0,10.0,0,10.0,0,0.0,0,83.34,0,3.0,0,13.36,0,10.12,0,39.317,-76.586,45.0
2024-12-17 07:09:00,2024-12-17,2024-12-17 07:09:00,101.46,0,9.33,0,0.036,99.7,0,0.239,1.169,0,0.005,2.011,0,1.891,0,260.6,0,19.74,0.0,0,0.0,0,0.0,0,0.0,5848.0,0,5440.0,0,10.0,0,10.0,0,10.0,0,0.0,0,83.34,0,3.0,0,13.36,0,10.13,0,39.317,-76.586,45.0
2024-12-17 07:10:00,2024-12-17,2024-12-17 07:10:00,101.46,0,9.33,0,0.038,99.6,0,0.227,1.169,0,0.005,2.128,0,1.945,0,234.1,0,23.79,0.0,0,0.0,0,0.0,0,0.0,5557.0,0,5429.0,0,10.0,0,10.0,0,10.0,0,0.0,0,83.34,0,3.0,0,13.36,0,10.14,0,39.317,-76.586,45.0
2024-12-17 07:11:00,2024-12-17,2024-12-17 07:11:00,101.46,0,9.34,0,0.043,99.7,0,0.263,1.17,0,0.006,2.252,0,2.018,0,263.2,0,26.15,0.0,0,0.0,0,0.0,0,0.0,5764.0,0,5452.0,0,10.0,0,10.0,0,10.0,0,0.0,0,83.34,0,3.0,0,13.36,0,10.15,0,39.317,-76.586,45.0
2024-12-17 07:12:00,2024-12-17,2024-12-17 07:12:00,101.46,0,9.33,0,0.034,99.6,0,0.252,1.169,0,0.005,2.115,0,2.031,0,249.3,0,16.16,0.0,0,0.0,0,0.0,0,0.0,5575.0,0,5435.0,0,10.0,0,10.0,0,10.0,0,0.0,0,83.34,0,3.0,0,13.36,0,10.16,0,39.317,-76.586,45.0
2024-12-17 07:13:00,2024-12-17,2024-12-17 07:13:00,101.46,0,9.34,0,0.064,99.7,0,0.279,1.17,0,0.007,2.166,0,2.038,0,240.8,0,19.64,0.0,0,0.0,0,0.0,0,0.0,5536.0,0,5464.0,0,10.0,0,10.0,0,10.0,0,0.0,0,83.34,0,3.0,0,13.36,0,10.17,0,39.317,-76.586,45.0
2024-12-17 07:14:00,2024-12-17,2024-12-17 07:14:00,101.46,0,9.33,0,0.035,99.6,0,0.245,1.169,0,0.005,1.952,0,1.89,0,239.3,0,14.47,0.0,0,0.0,0,0.0,0,0.0,5454.0,0,5476.0,0,10.0,0,10.0,0,10.0,0,0.0,0,83.34,0,3.0,0,13.36,0,10.18,0,39.317,-76.586,45.0
2024-12-17 07:15:00,2024-12-17,2024-12-17 07:15:00,101.46,0,9.32,0,0.036,99.7,0,0.246,1.169,0,0.005,1.519,0,1.411,0,251.2,0,21.57,0.0,0,0.0,0,0.0,0,0.0,5335.0,0,5485.0,0,10.0,0,10.0,0,10.0,0,0.0,0,83.34,0,3.0,0,13.35,0,10.18,0,39.317,-76.586,45.0
2024-12-17 07:16:00,2024-12-17,2024-12-17 07:16:00,101.46,0,9.33,0,0.064,99.7,0,0.253,1.169,0,0.007,1.006,0,0.901,0,247.7,0,26.24,0.0,0,0.0,0,0.0,0,0.0,5204.0,0,5497.0,0,10.0,0,10.0,0,10.0,0,0.0,0,83.34,0,3.0,0,13.36,0,10.19,0,39.317,-76.586,45.0
2024-12-17 07:17:00,2024-12-17,2024-12-17 07:17:00,101.47,0,9.31,0,0.037,99.6,0,0.237,1.167,0,0.005,1.94,0,1.887,0,250.5,0,13.49,0.0,0,0.0,0,0.0,0,0.0,5031.0,0,5476.0,0,10.0,0,10.0,0,10.0,0,0.0,0,83.34,0,3.0,0,13.36,0,10.2,0,39.317,-76.586,45.0
2024-12-17 07:18:00,2024-12-17,2024-12-17 07:18:00,101.47,0,9.3,0,0.037,99.6,0,0.22,1.166,0,0.005,2.524,0,2.423,0,259.0,0,16.18,0.0,0,0.0,0,0.0,0,0.0,5358.0,0,5456.0,0,10.0,0,10.0,0,10.0,0,0.0,0,83.34,0,3.0,0,13.35,0,10.21,0,39.317,-76.586,45.0
2024-12-17 07:19:00,2024-12-17,2024-12-17 07:19:00,101.47,0,9.32,0,0.032,99.7,0,0.261,1.168,0,0.005,2.546,0,2.48,0,242.4,0,13.06,0.0,0,0.0,0,0.0,0,0.0,5131.0,0,5386.0,0,10.0,0,10.0,0,10.0,0,0.0,0,83.34,0,3.0,0,13.36,0,10.21,0,39.317,-76.586,45.0
2024-12-17 07:20:00,2024-12-17,2024-12-17 07:20:00,101.47,0,9.31,0,0.029,99.6,0,0.221,1.167,0,0.004,1.068,0,1.019,0,235.5,0,17.41,0.0,0,0.0,0,0.0,0,0.0,5348.0,0,5365.0,0,10.0,0,10.0,0,10.0,0,0.0,0,83.34,0,3.0,0,13.36,0,10.22,0,39.317,-76.586,45.0
2024-12-17 07:21:00,2024-12-17,2024-12-17 07:21:00,101.46,0,9.31,0,0.037,99.6,0,0.206,1.167,0,0.005,1.671,0,1.613,0,255.6,0,15.05,0.0,0,0.0,0,0.0,0,0.0,5313.0,0,5323.0,0,10.0,0,10.0,0,10.0,0,0.0,0,83.34,0,3.0,0,13.35,0,10.23,0,39.317,-76.586,45.0
2024-12-17 07:22:00,2024-12-17,2024-12-17 07:22:00,101.46,0,9.33,0,0.034,99.7,0,0.25,1.169,0,0.005,1.073,0,0.928,0,233.5,0,29.24,0.0,0,0.0,0,0.0,0,0.0,5595.0,0,5325.0,0,10.0,0,10.0,0,10.0,0,0.0,0,83.34,0,3.0,0,13.35,0,10.24,0,39.317,-76.586,45.0
2024-12-17 07:23:00,2024-12-17,2024-12-17 07:23:00,101.46,0,9.33,0,0.034,99.7,0,0.257,1.17,0,0.005,2.463,0,2.331,0,231.6,0,18.78,0.0,0,0.0,0,0.0,0,0.0,5222.0,0,5295.0,0,10.0,0,10.0,0,10.0,0,0.0,0,83.34,0,3.0,0,13.35,0,10.24,0,39.317,-76.586,45.0
2024-12-17 07:24:00,2024-12-17,2024-12-17 07:24:00,101.47,0,9.37,0,0.043,99.7,0,0.236,1.173,0,0.005,2.368,0,2.256,0,248.0,0,17.65,0.0,0,0.0,0,0.0,0,0.0,5193.0,0,5269.0,0,10.0,0,10.0,0,10.0,0,0.0,0,83.34,0,3.0,0,13.35,0,10.25,0,39.317,-76.586,45.0
2024-12-17 07:25:00,2024-12-17,2024-12-17 07:25:00,101.47,0,9.38,0,0.034,99.8,0,0.267,1.174,0,0.005,2.061,0,1.907,0,236.4,0,22.18,0.0,0,0.0,0,0.0,0,0.0,5219.0,0,5257.0,0,10.0,0,10.0,0,10.0,0,0.0,0,83.34,0,3.0,0,13.35,0,10.26,0,39.317,-76.586,45.0
2024-12-17 07:26:00,2024-12-17,2024-12-17 07:26:00,101.47,0,9.38,0,0.072,99.8,0,0.27,1.174,0,0.008,2.87,0,2.738,0,244.8,0,17.34,0.0,0,0.0,0,0.0,0,0.0,5671.0,0,5301.0,0,10.0,0,10.0,0,10.0,0,0.0,0,83.34,0,3.0,0,13.35,0,10.26,0,39.317,-76.586,45.0
2024-12-17 07:27:00,2024-12-17,2024-12-17 07:27:00,101.47,0,9.39,0,0.042,99.8,0,0.237,1.175,0,0.005,1.965,0,1.544,0,248.2,0,37.49,0.0,0,0.0,0,0.0,0,0.0,5626.0,0,5361.0,0,10.0,0,10.0,0,10.0,0,0.0,0,83.34,0,3.0,0,13.35,0,10.27,0,39.317,-76.586,45.0
2024-12-17 07:28:00,2024-12-17,2024-12-17 07:28:00,101.47,0,9.41,0,0.035,99.8,0,0.243,1.177,0,0.005,2.568,0,2.418,0,230.2,0,19.53,0.0,0,0.0,0,0.0,0,0.0,5697.0,0,5393.0,0,10.0,0,10.0,0,10.0,0,0.0,0,83.34,0,3.0,0,13.35,0,10.28,0,39.317,-76.586,45.0
2024-12-17 07:29:00,2024-12-17,2024-12-17 07:29:00,101.46,0,9.44,0,0.047,99.7,0,0.242,1.178,0,0.005,1.395,0,1.261,0,233.8,0,25.12,0.0,0,0.0,0,0.0,0,0.0,5749.0,0,5455.0,0,10.0,0,10.0,0,10.0,0,0.0,0,83.34,0,3.0,0,13.35,0,10.28,0,39.317,-76.586,45.0
2024-12-17 07:30:00,2024-12-17,2024-12-17 07:30:00,101.47,0,9.43,0,0.033,99.8,0,0.263,1.179,0,0.005,2.741,0,2.551,0,235.8,0,21.29,0.0,0,0.0,0,0.0,0,0.0,5536.0,0,5474.0,0,10.0,0,10.0,0,10.0,0,0.0,0,83.34,0,3.0,0,13.35,0,10.29,0,39.317,-76.586,45.0
2024-12-17 07:31:00,2024-12-17,2024-12-17 07:31:00,101.47,0,9.44,0,0.044,99.7,0,0.236,1.179,0,0.006,2.723,0,2.601,0,228.0,0,17.16,0.0,0,0.0,0,0.0,0,0.0,5942.0,0,5534.0,0,10.0,0,10.0,0,10.0,0,0.0,0,83.34,0,3.0,0,13.35,0,10.3,0,39.317,-76.586,45.0
2024-12-17 07:32:00,2024-12-17,2024-12-17 07:32:00,101.47,0,9.44,0,0.048,99.7,0,0.261,1.179,0,0.006,1.996,0,1.758,0,242.7,0,27.96,0.0,0,0.0,0,0.0,0,0.0,5678.0,0,5542.0,0,10.0,0,10.0,0,10.0,0,0.0,0,83.34,0,3.0,0,13.35,0,10.31,0,39.317,-76.586,45.0
2024-12-17 07:33:00,2024-12-17,2024-12-17 07:33:00,101.47,0,9.44,0,0.039,99.7,0,0.232,1.179,0,0.005,2.367,0,2.274,0,243.0,0,16.06,0.0,0,0.0,0,0.0,0,0.0,5649.0,0,5587.0,0,10.0,0,10.0,0,10.0,0,0.0,0,83.34,0,3.0,0,13.36,0,10.31,0,39.317,-76.586,45.0
2024-12-17 07:34:00,2024-12-17,2024-12-17 07:34:00,101.48,0,9.46,0,0.035,99.8,0,0.254,1.18,0,0.005,2.363,0,2.181,0,240.0,0,22.48,0.0,0,0.0,0,0.0,0,0.0,6009.0,0,5670.0,0,10.0,0,10.0,0,10.0,0,0.0,0,83.34,0,3.0,0,13.35,0,10.32,0,39.317,-76.586,45.0
2024-12-17 07:35:00,2024-12-17,2024-12-17 07:35:00,101.47,0,9.46,0,0.036,99.7,0,0.217,1.18,0,0.005,2.427,0,2.343,0,243.8,0,15.08,0.0,0,0.0,0,0.0,0,0.0,5612.0,0,5713.0,0,10.0,0,10.0,0,10.0,0,0.0,0,83.34,0,3.0,0,13.35,0,10.33,0,39.317,-76.586,45.0
2024-12-17 07:36:00,2024-12-17,2024-12-17 07:36:00,101.47,0,9.47,0,0.039,99.7,0,0.236,1.181,0,0.005,2.904,0,2.656,0,224.2,0,23.65,0.0,0,0.0,0,0.0,0,0.0,5679.0,0,5714.0,0,10.0,0,10.0,0,10.0,0,0.0,0,83.34,0,3.0,0,13.36,0,10.33,0,39.317,-76.586,45.0
2024-12-17 07:37:00,2024-12-17,2024-12-17 07:37:00,101.47,0,9.49,0,0.033,99.7,0,0.243,1.182,0,0.005,1.604,0,1.544,0,234.9,0,15.71,0.0,0,0.0,0,0.0,0,0.0,5555.0,0,5707.0,0,10.0,0,10.0,0,10.0,0,0.0,0,83.34,0,3.0,0,13.35,0,10.34,0,39.317,-76.586,45.0
2024-12-17 07:38:00,2024-12-17,2024-12-17 07:38:00,101.47,0,9.49,0,0.038,99.7,0,0.214,1.182,0,0.005,1.715,0,1.501,0,234.2,0,28.64,0.0,0,0.0,0,0.0,0,0.0,5379.0,0,5673.0,0,10.0,0,10.0,0,10.0,0,0.0,0,83.34,0,3.0,0,13.35,0,10.35,0,39.317,-76.586,45.0
2024-12-17 07:39:00,2024-12-17,2024-12-17 07:39:00,101.46,0,9.49,0,0.041,99.7,0,0.239,1.182,0,0.006,1.529,0,1.388,0,243.7,0,24.6,0.0,0,0.0,0,0.0,0,0.0,5191.0,0,5614.0,0,10.0,0,10.0,0,10.0,0,0.0,0,83.34,0,3.0,0,13.35,0,10.36,0,39.317,-76.586,45.0
2024-12-17 07:40:00,2024-12-17,2024-12-17 07:40:00,101.46,0,9.47,0,0.05,99.7,0,0.24,1.18,0,0.006,2.097,0,2.005,0,261.2,0,17.0,0.0,0,0.0,0,0.0,0,0.0,5240.0,0,5582.0,0,10.0,0,10.0,0,10.0,0,0.0,0,83.34,0,3.0,0,13.35,0,10.37,0,39.317,-76.586,45.0
2024-12-17 07:41:00,2024-12-17,2024-12-17 07:41:00,101.46,0,9.48,0,0.039,99.7,0,0.262,1.181,0,0.005,1.602,0,1.427,0,224.0,0,26.81,0.0,0,0.0,0,0.0,0,0.0,5575.0,0,5547.0,0,10.0,0,10.0,0,10.0,0,0.0,0,83.34,0,3.0,0,13.35,0,10.37,0,39.317,-76.586,45.0
2024-12-17 07:42:00,2024-12-17,2024-12-17 07:42:00,101.45,0,9.48,0,0.033,99.7,0,0.245,1.181,0,0.005,0.97,0,0.888,0,223.5,0,23.62,0.0,0,0.0,0,0.0,0,0.0,5519.0,0,5532.0,0,10.0,0,10.0,0,10.0,0,0.0,0,83.34,0,3.0,0,13.35,0,10.38,0,39.317,-76.586,45.0
2024-12-17 07:43:00,2024-12-17,2024-12-17 07:43:00,101.46,0,9.49,0,0.039,99.7,0,0.244,1.182,0,0.005,1.852,0,1.635,0,232.1,0,27.76,0.0,0,0.0,0,0.0,0,0.0,4993.0,0,5462.0,0,10.0,0,10.0,0,10.0,0,0.0,0,83.34,0,3.0,0,13.35,0,10.39,0,39.317,-76.586,45.0
2024-12-17 07:44:00,2024-12-17,2024-12-17 07:44:00,101.46,0,9.52,0,0.038,99.7,0,0.246,1.184,0,0.005,1.976,0,1.832,0,229.3,0,21.88,0.0,0,0.0,0,0.0,0,0.0,5036.0,0,5367.0,0,10.0,0,10.0,0,10.0,0,0.0,0,83.34,0,3.0,0,13.35,0,10.39,0,39.317,-76.586,45.0
2024-12-17 07:45:00,2024-12-17,2024-12-17 07:45:00,101.45,0,9.52,0,0.043,99.7,0,0.269,1.184,0,0.006,2.925,0,2.812,0,233.8,0,15.95,0.0,0,0.0,0,0.0,0,0.0,5284.0,0,5336.0,0,10.0,0,10.0,0,10.0,0,0.0,0,83.34,0,3.0,0,13.35,0,10.4,0,39.317,-76.586,45.0
2024-12-17 07:46:00,2024-12-17,2024-12-17 07:46:00,101.45,0,9.51,0,0.032,99.6,0,0.205,1.183,0,0.004,1.511,0,1.411,0,222.8,0,20.81,0.0,0,0.0,0,0.0,0,0.0,5145.0,0,5284.0,0,10.0,0,10.0,0,10.0,0,0.0,0,83.34,0,3.0,0,13.35,0,10.41,0,39.317,-76.586,45.0
2024-12-17 07:47:00,2024-12-17,2024-12-17 07:47:00,101.45,0,9.52,0,0.041,99.6,0,0.219,1.184,0,0.005,0.982,0,0.87,0,217.0,0,27.26,0.0,0,0.0,0,0.0,0,0.0,5168.0,0,5247.0,0,10.0,0,10.0,0,10.0,0,0.0,0,83.34,0,3.0,0,13.35,0,10.42,0,39.317,-76.586,45.0
2024-12-17 07:48:00,2024-12-17,2024-12-17 07:48:00,101.45,0,9.53,0,0.046,99.7,0,0.227,1.185,0,0.005,1.831,0,1.746,0,260.9,0,17.4,0.0,0,0.0,0,0.0,0,0.0,5519.0,0,5260.0,0,10.0,0,10.0,0,10.0,0,0.0,0,83.34,0,3.0,0,13.35,0,10.42,0,39.317,-76.586,45.0
2024-12-17 07:49:00,2024-12-17,2024-12-17 07:49:00,101.45,0,9.53,0,0.051,99.7,0,0.256,1.185,0,0.006,1.975,0,1.896,0,238.2,0,16.22,0.0,0,0.0,0,0.0,0,0.0,5355.0,0,5276.0,0,10.0,0,10.0,0,10.0,0,0.0,0,83.34,0,3.0,0,13.35,0,10.43,0,39.317,-76.586,45.0
2024-12-17 07:50:00,2024-12-17,2024-12-17 07:50:00,101.44,0,9.52,0,0.035,99.6,0,0.226,1.184,0,0.005,1.125,0,1.059,0,239.6,0,19.67,0.0,0,0.0,0,0.0,0,0.0,5275.0,0,5280.0,0,10.0,0,10.0,0,10.0,0,0.0,0,83.34,0,3.0,0,13.35,0,10.44,0,39.317,-76.586,45.0
2024-12-17 07:51:00,2024-12-17,2024-12-17 07:51:00,101.45,0,9.54,0,0.08,99.6,0,0.246,1.186,0,0.007,2.311,0,2.239,0,220.3,0,14.32,0.0,0,0.0,0,0.0,0,0.0,5427.0,0,5266.0,0,10.0,0,10.0,0,10.0,0,0.0,0,83.34,0,3.0,0,13.35,0,10.44,0,39.317,-76.586,45.0
2024-12-17 07:52:00,2024-12-17,2024-12-17 07:52:00,101.45,0,9.58,0,0.037,99.7,0,0.263,1.19,0,0.005,2.319,0,2.23,0,245.8,0,15.94,0.0,0,0.0,0,0.0,0,0.0,5201.0,0,5236.0,0,10.0,0,10.0,0,10.0,0,0.0,0,83.34,0,3.0,0,13.35,0,10.45,0,39.317,-76.586,45.0
2024-12-17 07:53:00,2024-12-17,2024-12-17 07:53:00,101.45,0,9.61,0,0.036,99.7,0,0.248,1.191,0,0.005,2.29,0,2.126,0,228.7,0,21.71,0.0,0,0.0,0,0.0,0,0.0,5565.0,0,5293.0,0,10.0,0,10.0,0,10.0,0,0.0,0,83.34,0,3.0,0,13.35,0,10.46,0,39.317,-76.586,45.0
2024-12-17 07:54:00,2024-12-17,2024-12-17 07:54:00,101.45,0,9.62,0,0.047,99.7,0,0.256,1.193,0,0.006,3.095,0,2.999,0,225.4,0,14.28,0.0,0,0.0,0,0.0,0,0.0,5802.0,0,5367.0,0,10.0,0,10.0,0,10.0,0,0.0,0,83.34,0,3.0,0,13.35,0,10.47,0,39.317,-76.586,45.0
2024-12-17 07:55:00,2024-12-17,2024-12-17 07:55:00,101.46,0,9.64,0,0.037,99.7,0,0.245,1.194,0,0.005,2.679,0,2.519,0,234.3,0,19.79,0.0,0,0.0,0,0.0,0,0.0,5545.0,0,5393.0,0,10.0,0,10.0,0,10.0,0,0.0,0,83.34,0,3.0,0,13.35,0,10.48,0,39.317,-76.586,45.0
2024-12-17 07:56:00,2024-12-17,2024-12-17 07:56:00,101.46,0,9.64,0,0.039,99.6,0,0.231,1.194,0,0.005,2.409,0,2.298,0,241.4,0,17.37,0.0,0,0.0,0,0.0,0,0.0,5619.0,0,5441.0,0,10.0,0,10.0,0,10.0,0,0.0,0,83.34,0,3.0,0,13.35,0,10.48,0,39.317,-76.586,45.0
2024-12-17 07:57:00,2024-12-17,2024-12-17 07:57:00,101.46,0,9.66,0,0.038,99.7,0,0.259,1.195,0,0.005,2.107,0,1.927,0,239.0,0,23.65,0.0,0,0.0,0,0.0,0,0.0,5620.0,0,5488.0,0,10.0,0,10.0,0,10.0,0,0.0,0,83.34,0,3.0,0,13.35,0,10.49,0,39.317,-76.586,45.0
2024-12-17 07:58:00,2024-12-17,2024-12-17 07:58:00,101.45,0,9.66,0,0.039,99.7,0,0.24,1.195,0,0.005,2.078,0,1.982,0,229.4,0,17.36,0.0,0,0.0,0,0.0,0,0.0,5411.0,0,5477.0,0,10.0,0,10.0,0,10.0,0,0.0,0,83.34,0,3.0,0,13.34,0,10.5,0,39.317,-76.586,45.0
2024-12-17 07:59:00,2024-12-17,2024-12-17 07:59:00,101.45,0,9.65,0,0.037,99.6,0,0.238,1.194,0,0.005,2.007,0,1.903,0,247.8,0,18.51,0.0,0,0.0,0,0.0,0,0.0,5393.0,0,5481.0,0,10.0,0,10.0,0,10.0,0,0.0,0,83.34,0,3.0,0,13.35,0,10.51,0,39.317,-76.586,45.0
2024-12-17 08:00:00,2024-12-17,2024-12-17 08:00:00,101.45,0,9.65,0,0.035,99.6,0,0.24,1.194,0,0.005,3.031,0,2.709,0,227.6,0,26.41,0.0,0,0.0,0,0.0,0,0.0,5215.0,0,5474.0,0,10.0,0,10.0,0,10.0,0,0.0,0,83.34,0,3.0,0,13.35,0,10.51,0,39.317,-76.586,45.0
2024-12-17 08:01:00,2024-12-17,2024-12-17 08:01:00,101.45,0,9.66,0,0.038,99.6,0,0.264,1.195,0,0.005,2.698,0,2.562,0,229.7,0,18.21,0.0,0,0.0,0,0.0,0,0.0,5419.0,0,5473.0,0,10.0,0,10.0,0,10.0,0,0.0,0,83.34,0,3.0,0,13.35,0,10.52,0,39.317,-76.586,45.0
2024-12-17 08:02:00,2024-12-17,2024-12-17 08:02:00,101.45,0,9.69,0,0.034,99.6,0,0.224,1.197,0,0.005,2.029,0,1.896,0,226.3,0,20.67,0.0,0,0.0,0,0.0,0,0.0,5541.0,0,5509.0,0,10.0,0,10.0,0,10.0,0,0.0,0,83.34,0,3.0,0,13.35,0,10.53,0,39.317,-76.586,45.0
2024-12-17 08:03:00,2024-12-17,2024-12-17 08:03:00,101.45,0,9.7,0,0.038,99.6,0,0.237,1.198,0,0.005,2.285,0,2.137,0,232.1,0,20.62,0.0,0,0.0,0,0.0,0,0.0,5366.0,0,5489.0,0,10.0,0,10.0,0,10.0,0,0.0,0,83.34,0,3.0,0,13.35,0,10.54,0,39.317,-76.586,45.0
2024-12-17 08:04:00,2024-12-17,2024-12-17 08:04:00,101.45,0,9.71,0,0.041,99.5,0,0.199,1.197,0,0.005,1.661,0,1.588,0,249.7,0,16.96,0.0,0,0.0,0,0.0,0,0.0,5325.0,0,5443.0,0,10.0,0,10.0,0,10.0,0,0.0,0,83.34,0,3.0,0,13.35,0,10.55,0,39.317,-76.586,45.0
2024-12-17 08:05:00,2024-12-17,2024-12-17 08:05:00,101.45,0,9.71,0,0.038,99.5,0,0.228,1.197,0,0.005,1.207,0,1.117,0,245.1,0,22.08,0.0,0,0.0,0,0.0,0,0.0,5621.0,0,5450.0,0,10.0,0,10.0,0,10.0,0,0.0,0,83.34,0,3.0,0,13.34,0,10.55,0,39.317,-76.586,45.0
2024-12-17 08:06:00,2024-12-17,2024-12-17 08:06:00,101.45,0,9.72,0,0.039,99.5,0,0.272,1.198,0,0.006,1.596,0,1.496,0,257.1,0,20.23,0.0,0,0.0,0,0.0,0,0.0,5563.0,0,5445.0,0,10.0,0,10.0,0,10.0,0,0.0,0,83.34,0,3.0,0,13.35,0,10.56,0,39.317,-76.586,45.0
2024-12-17 08:07:00,2024-12-17,2024-12-17 08:07:00,101.44,0,9.72,0,0.035,99.5,0,0.217,1.198,0,0.005,2.711,0,2.506,0,230.7,0,22.28,0.0,0,0.0,0,0.0,0,0.0,5358.0,0,5419.0,0,10.0,0,10.0,0,10.0,0,0.0,0,83.34,0,3.0,0,13.34,0,10.57,0,39.317,-76.586,45.0
2024-12-17 08:08:00,2024-12-17,2024-12-17 08:08:00,101.45,0,9.75,0,0.042,99.5,0,0.256,1.2,0,0.006,3.649,0,3.464,0,243.6,0,18.24,0.0,0,0.0,0,0.0,0,0.0,5403.0,0,5418.0,0,10.0,0,10.0,0,10.0,0,0.0,0,83.34,0,3.0,0,13.34,0,10.58,0,39.317,-76.586,45.0
2024-12-17 08:09:00,2024-12-17,2024-12-17 08:09:00,101.45,0,9.78,0,0.038,99.5,0,0.27,1.203,0,0.005,2.381,0,2.273,0,238.1,0,17.3,0.0,0,0.0,0,0.0,0,0.0,5495.0,0,5428.0,0,10.0,0,10.0,0,10.0,0,0.0,0,83.34,0,3.0,0,13.34,0,10.58,0,39.317,-76.586,45.0
2024-12-17 08:10:00,2024-12-17,2024-12-17 08:10:00,101.46,0,9.81,0,0.044,99.5,0,0.239,1.206,0,0.005,2.612,0,2.56,0,238.8,0,11.4,0.0,0,0.0,0,0.0,0,0.0,5690.0,0,5476.0,0,10.0,0,10.0,0,10.0,0,0.0,0,83.34,0,3.0,0,13.34,0,10.59,0,39.317,-76.586,45.0
2024-12-17 08:11:00,2024-12-17,2024-12-17 08:11:00,101.46,0,9.8,0,0.041,99.5,0,0.228,1.204,0,0.005,2.394,0,2.27,0,239.1,0,18.44,0.0,0,0.0,0,0.0,0,0.0,5752.0,0,5508.0,0,10.0,0,10.0,0,10.0,0,0.0,0,83.34,0,3.0,0,13.34,0,10.6,0,39.317,-76.586,45.0
2024-12-17 08:12:00,2024-12-17,2024-12-17 08:12:00,101.46,0,9.82,0,0.044,99.5,0,0.239,1.206,0,0.006,2.982,0,2.886,0,242.8,0,14.58,0.0,0,0.0,0,0.0,0,0.0,5817.0,0,5534.0,0,10.0,0,10.0,0,10.0,0,0.0,0,83.34,0,3.0,0,13.34,0,10.61,0,39.317,-76.586,45.0
2024-12-17 08:13:00,2024-12-17,2024-12-17 08:13:00,101.46,0,9.83,0,0.035,99.5,0,0.256,1.206,0,0.005,3.151,0,3.045,0,253.1,0,14.81,0.0,0,0.0,0,0.0,0,0.0,6547.0,0,5639.0,0,10.0,0,10.0,0,10.0,0,0.0,0,83.34,0,3.0,0,13.34,0,10.62,0,39.317,-76.586,45.0
2024-12-17 08:14:00,2024-12-17,2024-12-17 08:14:00,101.45,0,9.84,0,0.043,99.4,0,0.265,1.207,0,0.006,2.595,0,2.426,0,238.5,0,20.67,0.0,0,0.0,0,0.0,0,0.0,6033.0,0,5710.0,0,10.0,0,10.0,0,10.0,0,0.0,0,83.34,0,3.0,0,13.34,0,10.62,0,39.317,-76.586,45.0
2024-12-17 08:15:00,2024-12-17,2024-12-17 08:15:00,101.45,0,9.86,0,0.04,99.4,0,0.213,1.208,0,0.005,1.904,0,1.772,0,234.5,0,21.37,0.0,0,0.0,0,0.0,0,0.0,5816.0,0,5729.0,0,10.0,0,10.0,0,10.0,0,0.0,0,83.34,0,3.0,0,13.34,0,10.63,0,39.317,-76.586,45.0
2024-12-17 08:16:00,2024-12-17,2024-12-17 08:16:00,101.44,0,9.86,0,0.044,99.4,0,0.24,1.208,0,0.006,3.298,0,3.17,0,209.9,0,15.96,0.0,0,0.0,0,0.0,0,0.0,6165.0,0,5788.0,0,10.0,0,10.0,0,10.0,0,0.0,0,83.34,0,3.0,0,13.34,0,10.64,0,39.317,-76.586,45.0
2024-12-17 08:17:00,2024-12-17,2024-12-17 08:17:00,101.44,0,9.92,0,0.042,99.4,0,0.237,1.213,0,0.006,1.885,0,1.768,0,227.2,0,20.14,0.0,0,0.0,0,0.0,0,0.0,5999.0,0,5855.0,0,10.0,0,10.0,0,10.0,0,0.0,0,83.34,0,3.0,0,13.34,0,10.65,0,39.317,-76.586,45.0
2024-12-17 08:18:00,2024-12-17,2024-12-17 08:18:00,101.44,0,9.88,0,0.035,99.3,0,0.201,1.209,0,0.005,1.104,0,1.06,0,270.1,0,16.21,0.0,0,0.0,0,0.0,0,0.0,6088.0,0,5927.0,0,10.0,0,10.0,0,10.0,0,0.0,0,83.34,0,3.0,0,13.34,0,10.66,0,39.317,-76.586,45.0
2024-12-17 08:19:00,2024-12-17,2024-12-17 08:19:00,101.45,0,9.86,0,0.042,99.3,0,0.256,1.207,0,0.006,1.671,0,1.55,0,248.8,0,21.79,0.0,0,0.0,0,0.0,0,0.0,5635.0,0,5943.0,0,10.0,0,10.0,0,10.0,0,0.0,0,83.34,0,3.0,0,13.34,0,10.67,0,39.317,-76.586,45.0
2024-12-17 08:20:00,2024-12-17,2024-12-17 08:20:00,101.45,0,9.85,0,0.039,99.3,0,0.229,1.206,0,0.005,2.078,0,2.004,0,265.4,0,15.26,0.0,0,0.0,0,0.0,0,0.0,6121.0,0,5987.0,0,10.0,0,10.0,0,10.0,0,0.0,0,83.34,0,3.0,0,13.34,0,10.67,0,39.317,-76.586,45.0
2024-12-17 08:21:00,2024-12-17,2024-12-17 08:21:00,101.44,0,9.86,0,0.039,99.3,0,0.292,1.207,0,0.006,1.878,0,1.79,0,262.0,0,17.61,0.0,0,0.0,0,0.0,0,0.0,6054.0,0,6019.0,0,10.0,0,10.0,0,10.0,0,0.0,0,83.34,0,3.0,0,13.34,0,10.68,0,39.317,-76.586,45.0
2024-12-17 08:22:00,2024-12-17,2024-12-17 08:22:00,101.44,0,9.85,0,0.037,99.2,0,0.248,1.206,0,0.005,1.775,0,1.717,0,259.4,0,14.73,0.0,0,0.0,0,0.0,0,0.0,6060.0,0,6044.0,0,10.0,0,10.0,0,10.0,0,0.0,0,83.34,0,3.0,0,13.35,0,10.69,0,39.317,-76.586,45.0
2024-12-17 08:23:00,2024-12-17,2024-12-17 08:23:00,101.44,0,9.83,0,0.036,99.2,0,0.208,1.204,0,0.005,1.463,0,1.371,0,263.5,0,20.36,0.0,0,0.0,0,0.0,0,0.0,5673.0,0,5959.0,0,10.0,0,10.0,0,10.0,0,0.0,0,83.34,0,3.0,0,13.34,0,10.7,0,39.317,-76.586,45.0
2024-12-17 08:24:00,2024-12-17,2024-12-17 08:24:00,101.44,0,9.84,0,0.035,99.2,0,0.247,1.204,0,0.005,1.904,0,1.753,0,256.1,0,22.85,0.0,0,0.0,0,0.0,0,0.0,5954.0,0,5951.0,0,10.0,0,10.0,0,10.0,0,0.0,0,83.34,0,3.0,0,13.34,0,10.71,0,39.317,-76.586,45.0
2024-12-17 08:25:00,2024-12-17,2024-12-17 08:25:00,101.44,0,9.87,0,0.041,99.2,0,0.209,1.206,0,0.005,2.491,0,2.385,0,244.2,0,16.69,0.0,0,0.0,0,0.0,0,0.0,5539.0,0,5921.0,0,10.0,0,10.0,0,10.0,0,0.0,0,83.34,0,3.0,0,13.34,0,10.72,0,39.317,-76.586,45.0
2024-12-17 08:26:00,2024-12-17,2024-12-17 08:26:00,101.44,0,9.86,0,0.04,99.2,0,0.259,1.206,0,0.005,1.614,0,1.478,0,252.4,0,23.48,0.0,0,0.0,0,0.0,0,0.0,5932.0,0,5899.0,0,10.0,0,10.0,0,10.0,0,0.0,0,83.34,0,3.0,0,13.34,0,10.73,0,39.317,-76.586,45.0
2024-12-17 08:27:00,2024-12-17,2024-12-17 08:27:00,101.44,0,9.88,0,0.037,99.2,0,0.21,1.207,0,0.005,2.582,0,2.463,0,244.9,0,17.43,0.0,0,0.0,0,0.0,0,0.0,5607.0,0,5858.0,0,10.0,0,10.0,0,10.0,0,0.0,0,83.34,0,3.0,0,13.35,0,10.73,0,39.317,-76.586,45.0
2024-12-17 08:28:00,2024-12-17,2024-12-17 08:28:00,101.45,0,9.9,0,0.04,99.2,0,0.234,1.21,0,0.006,2.05,0,1.992,0,242.6,0,13.59,0.0,0,0.0,0,0.0,0,0.0,6216.0,0,5870.0,0,10.0,0,10.0,0,10.0,0,0.0,0,83.34,0,3.0,0,13.34,0,10.74,0,39.317,-76.586,45.0
2024-12-17 08:29:00,2024-12-17,2024-12-17 08:29:00,101.45,0,9.92,0,0.036,99.2,0,0.209,1.21,0,0.005,2.695,0,2.578,0,251.3,0,16.9,0.0,0,0.0,0,0.0,0,0.0,6213.0,0,5927.0,0,10.0,0,10.0,0,10.0,0,0.0,0,83.34,0,3.0,0,13.34,0,10.75,0,39.317,-76.586,45.0
2024-12-17 08:30:00,2024-12-17,2024-12-17 08:30:00,101.45,0,9.91,0,0.037,99.2,0,0.22,1.211,0,0.005,1.841,0,1.715,0,263.3,0,21.17,0.0,0,0.0,0,0.0,0,0.0,6317.0,0,5945.0,0,10.0,0,10.0,0,10.0,0,0.0,0,83.34,0,3.0,0,13.34,0,10.76,0,39.317,-76.586,45.0
2024-12-17 08:31:00,2024-12-17,2024-12-17 08:31:00,101.44,0,9.92,0,0.034,99.2,0,0.257,1.211,0,0.005,2.814,0,2.732,0,265.0,0,13.81,0.0,0,0.0,0,0.0,0,0.0,6195.0,0,5959.0,0,10.0,0,10.0,0,10.0,0,0.0,0,83.34,0,3.0,0,13.34,0,10.77,0,39.317,-76.586,45.0
2024-12-17 08:32:00,2024-12-17,2024-12-17 08:32:00,101.45,0,9.93,0,0.036,99.2,0,0.219,1.211,0,0.005,2.408,0,2.356,0,260.3,0,11.83,0.0,0,0.0,0,0.0,0,0.0,5956.0,0,5948.0,0,10.0,0,10.0,0,10.0,0,0.0,0,83.34,0,3.0,0,13.34,0,10.78,0,39.317,-76.586,45.0
2024-12-17 08:33:00,2024-12-17,2024-12-17 08:33:00,101.44,0,9.92,0,0.033,99.1,0,0.229,1.21,0,0.005,2.822,0,2.765,0,263.7,0,11.51,0.0,0,0.0,0,0.0,0,0.0,5864.0,0,5969.0,0,10.0,0,10.0,0,10.0,0,0.0,0,83.34,0,3.0,0,13.34,0,10.79,0,39.317,-76.586,45.0
2024-12-17 08:34:00,2024-12-17,2024-12-17 08:34:00,101.45,0,9.94,0,0.031,99.1,0,0.243,1.211,0,0.005,2.184,0,2.077,0,243.2,0,17.88,0.0,0,0.0,0,0.0,0,0.0,6232.0,0,5996.0,0,10.0,0,10.0,0,10.0,0,0.0,0,83.34,0,3.0,0,13.34,0,10.79,0,39.317,-76.586,45.0
2024-12-17 08:35:00,2024-12-17,2024-12-17 08:35:00,101.44,0,9.93,0,0.044,99.1,0,0.252,1.21,0,0.006,2.643,0,2.531,0,245.7,0,16.69,0.0,0,0.0,0,0.0,0,0.0,6616.0,0,6103.0,0,10.0,0,10.0,0,10.0,0,0.0,0,83.34,0,3.0,0,13.34,0,10.8,0,39.317,-76.586,45.0
2024-12-17 08:36:00,2024-12-17,2024-12-17 08:36:00,101.44,0,9.97,0,0.037,99.1,0,0.224,1.214,0,0.005,2.359,0,2.319,0,238.4,0,10.55,0.0,0,0.0,0,0.0,0,0.0,6026.0,0,6113.0,0,10.0,0,10.0,0,10.0,0,0.0,0,83.34,0,3.0,0,13.34,0,10.81,0,39.317,-76.586,45.0
2024-12-17 08:37:00,2024-12-17,2024-12-17 08:37:00,101.44,0,9.98,0,0.041,99.1,0,0.227,1.215,0,0.005,2.283,0,2.1,0,225.8,0,22.98,0.0,0,0.0,0,0.0,0,0.0,6641.0,0,6219.0,0,10.0,0,10.0,0,10.0,0,0.0,0,83.34,0,3.0,0,13.34,0,10.82,0,39.317,-76.586,45.0
2024-12-17 08:38:00,2024-12-17,2024-12-17 08:38:00,101.44,0,9.99,0,0.04,99.1,0,0.235,1.215,0,0.005,1.746,0,1.639,0,242.5,0,20.02,0.0,0,0.0,0,0.0,0,0.0,6613.0,0,6256.0,0,10.0,0,10.0,0,10.0,0,0.0,0,83.34,0,3.0,0,13.34,0,10.83,0,39.317,-76.586,45.0
2024-12-17 08:39:00,2024-12-17,2024-12-17 08:39:00,101.44,0,10.01,0,0.033,99.1,0,0.228,1.216,0,0.005,1.893,0,1.86,0,259.9,0,10.77,0.0,0,0.0,0,0.0,0,0.0,6087.0,0,6243.0,0,10.0,0,10.0,0,10.0,0,0.0,0,83.34,0,3.0,0,13.34,0,10.83,0,39.317,-76.586,45.0
2024-12-17 08:40:00,2024-12-17,2024-12-17 08:40:00,101.44,0,10.0,0,0.034,99.1,0,0.245,1.215,0,0.005,2.368,0,2.271,0,251.1,0,16.46,0.0,0,0.0,0,0.0,0,0.0,5982.0,0,6209.0,0,10.0,0,10.0,0,10.0,0,0.0,0,83.34,0,3.0,0,13.34,0,10.84,0,39.317,-76.586,45.0
2024-12-17 08:41:00,2024-12-17,2024-12-17 08:41:00,101.44,0,10.0,0,0.033,99.0,0,0.234,1.214,0,0.005,1.664,0,1.597,0,250.8,0,16.25,0.0,0,0.0,0,0.0,0,0.0,6544.0,0,6242.0,0,10.0,0,10.0,0,10.0,0,0.0,0,83.34,0,3.0,0,13.34,0,10.85,0,39.317,-76.586,45.0
2024-12-17 08:42:00,2024-12-17,2024-12-17 08:42:00,101.44,0,9.99,0,0.052,99.0,0,0.243,1.214,0,0.006,1.455,0,1.411,0,243.0,0,14.16,0.0,0,0.0,0,0.0,0,0.0,6075.0,0,6255.0,0,10.0,0,10.0,0,10.0,0,0.0,0,83.34,0,3.0,0,13.34,0,10.86,0,39.317,-76.586,45.0
2024-12-17 08:43:00,2024-12-17,2024-12-17 08:43:00,101.43,0,9.98,0,0.044,99.0,0,0.209,1.213,0,0.005,1.171,0,1.067,0,242.3,0,24.11,0.0,0,0.0,0,0.0,0,0.0,6066.0,0,6277.0,0,10.0,0,10.0,0,10.0,0,0.0,0,83.34,0,3.0,0,13.34,0,10.87,0,39.317,-76.586,45.0
2024-12-17 08:44:00,2024-12-17,2024-12-17 08:44:00,101.43,0,9.98,0,0.065,99.0,0,0.25,1.213,0,0.007,2.703,0,2.615,0,251.0,0,14.64,0.0,0,0.0,0,0.0,0,0.0,6441.0,0,6298.0,0,10.0,0,10.0,0,10.0,0,0.0,0,83.34,0,3.0,0,13.34,0,10.87,0,39.317,-76.586,45.0
2024-12-17 08:45:00,2024-12-17,2024-12-17 08:45:00,101.43,0,10.05,0,0.04,99.1,0,0.306,1.22,0,0.006,2.46,0,2.36,0,251.4,0,16.34,0.0,0,0.0,0,0.0,0,0.0,6568.0,0,6293.0,0,10.0,0,10.0,0,10.0,0,0.0,0,83.34,0,3.0,0,13.34,0,10.88,0,39.317,-76.586,45.0
2024-12-17 08:46:00,2024-12-17,2024-12-17 08:46:00,101.43,0,10.06,0,0.039,99.0,0,0.244,1.22,0,0.005,1.944,0,1.873,0,235.6,0,15.39,0.0,0,0.0,0,0.0,0,0.0,7077.0,0,6392.0,0,10.0,0,10.0,0,10.0,0,0.0,0,83.34,0,3.0,0,13.34,0,10.89,0,39.317,-76.586,45.0
2024-12-17 08:47:00,2024-12-17,2024-12-17 08:47:00,101.42,0,10.05,0,0.037,99.0,0,0.241,1.219,0,0.005,1.826,0,1.75,0,232.3,0,16.5,0.0,0,0.0,0,0.0,0,0.0,6813.0,0,6408.0,0,10.0,0,10.0,0,10.0,0,0.0,0,83.34,0,3.0,0,13.34,0,10.9,0,39.317,-76.586,45.0
2024-12-17 08:48:00,2024-12-17,2024-12-17 08:48:00,101.42,0,10.05,0,0.035,98.9,0,0.214,1.218,0,0.005,1.465,0,1.406,0,255.6,0,16.26,0.0,0,0.0,0,0.0,0,0.0,6364.0,0,6384.0,0,10.0,0,10.0,0,10.0,0,0.0,0,83.34,0,3.0,0,13.34,0,10.91,0,39.317,-76.586,45.0
2024-12-17 08:49:00,2024-12-17,2024-12-17 08:49:00,101.42,0,10.07,0,0.035,98.9,0,0.24,1.219,0,0.005,2.109,0,1.908,0,242.6,0,25.01,0.0,0,0.0,0,0.0,0,0.0,6117.0,0,6387.0,0,10.0,0,10.0,0,10.0,0,0.0,0,83.34,0,3.0,0,13.34,0,10.92,0,39.317,-76.586,45.0
2024-12-17 08:50:00,2024-12-17,2024-12-17 08:50:00,101.42,0,10.09,0,0.037,99.0,0,0.238,1.222,0,0.005,1.707,0,1.655,0,251.5,0,14.13,0.0,0,0.0,0,0.0,0,0.0,6644.0,0,6456.0,0,10.0,0,10.0,0,10.0,0,0.0,0,83.34,0,3.0,0,13.34,0,10.92,0,39.317,-76.586,45.0
2024-12-17 08:51:00,2024-12-17,2024-12-17 08:51:00,101.42,0,10.09,0,0.036,99.0,0,0.247,1.221,0,0.005,1.436,0,1.393,0,246.7,0,13.95,0.0,0,0.0,0,0.0,0,0.0,5991.0,0,6397.0,0,10.0,0,10.0,0,10.0,0,0.0,0,83.34,0,3.0,0,13.34,0,10.93,0,39.317,-76.586,45.0
2024-12-17 08:52:00,2024-12-17,2024-12-17 08:52:00,101.42,0,10.08,0,0.04,98.8,0,0.204,1.219,0,0.005,2.004,0,1.89,0,246.5,0,19.31,0.0,0,0.0,0,0.0,0,0.0,5939.0,0,6382.0,0,10.0,0,10.0,0,10.0,0,0.0,0,83.34,0,3.0,0,13.34,0,10.94,0,39.317,-76.586,45.0
2024-12-17 08:53:00,2024-12-17,2024-12-17 08:53:00,101.42,0,10.08,0,0.035,98.8,0,0.227,1.22,0,0.005,2.381,0,2.204,0,241.7,0,22.08,0.0,0,0.0,0,0.0,0,0.0,5730.0,0,6343.0,0,10.0,0,10.0,0,10.0,0,0.0,0,83.34,0,3.0,0,13.34,0,10.95,0,39.317,-76.586,45.0
2024-12-17 08:54:00,2024-12-17,2024-12-17 08:54:00,101.42,0,10.1,0,0.035,98.9,0,0.223,1.221,0,0.005,1.622,0,1.521,0,251.8,0,20.22,0.0,0,0.0,0,0.0,0,0.0,6668.0,0,6364.0,0,10.0,0,10.0,0,10.0,0,0.0,0,83.34,0,3.0,0,13.33,0,10.95,0,39.317,-76.586,45.0
2024-12-17 08:55:00,2024-12-17,2024-12-17 08:55:00,101.42,0,10.13,0,0.04,98.9,0,0.236,1.224,0,0.005,2.091,0,1.99,0,256.1,0,17.82,0.0,0,0.0,0,0.0,0,0.0,6704.0,0,6377.0,0,10.0,0,10.0,0,10.0,0,0.0,0,83.34,0,3.0,0,13.34,0,10.96,0,39.317,-76.586,45.0
2024-12-17 08:56:00,2024-12-17,2024-12-17 08:56:00,101.42,0,10.17,0,0.041,99.0,0,0.263,1.228,0,0.006,2.813,0,2.734,0,235.5,0,13.55,0.0,0,0.0,0,0.0,0,0.0,6516.0,0,6328.0,0,10.0,0,10.0,0,10.0,0,0.0,0,83.34,0,3.0,0,13.33,0,10.97,0,39.317,-76.586,45.0
2024-12-17 08:57:00,2024-12-17,2024-12-17 08:57:00,101.42,0,10.17,0,0.041,98.9,0,0.232,1.228,0,0.005,1.82,0,1.767,0,259.1,0,13.75,0.0,0,0.0,0,0.0,0,0.0,6876.0,0,6333.0,0,10.0,0,10.0,0,10.0,0,0.0,0,83.34,0,3.0,0,13.33,0,10.98,0,39.317,-76.586,45.0
2024-12-17 08:58:00,2024-12-17,2024-12-17 08:58:00,101.43,0,10.15,0,0.045,98.8,0,0.221,1.225,0,0.005,2.094,0,2.015,0,249.6,0,15.7,0.0,0,0.0,0,0.0,0,0.0,6333.0,0,6330.0,0,10.0,0,10.0,0,10.0,0,0.0,0,83.34,0,3.0,0,13.34,0,10.99,0,39.317,-76.586,45.0
2024-12-17 08:59:00,2024-12-17,2024-12-17 08:59:00,101.43,0,10.16,0,0.036,98.8,0,0.252,1.226,0,0.005,2.422,0,2.357,0,241.4,0,13.33,0.0,0,0.0,0,0.0,0,0.0,6365.0,0,6356.0,0,10.0,0,10.0,0,10.0,0,0.0,0,83.34,0,3.0,0,13.33,0,10.99,0,39.317,-76.586,45.0
2024-12-17 09:00:00,2024-12-17,2024-12-17 09:00:00,101.43,0,10.18,0,0.041,98.7,0,0.236,1.226,0,0.005,2.465,0,2.378,0,228.7,0,15.23,0.0,0,0.0,0,0.0,0,0.0,5999.0,0,6291.0,0,10.0,0,10.0,0,10.0,0,0.0,0,83.34,0,3.0,0,13.34,0,11.0,0,39.317,-76.586,45.0
2024-12-17 09:01:00,2024-12-17,2024-12-17 09:01:00,101.43,0,10.2,0,0.043,98.8,0,0.26,1.228,0,0.006,1.085,0,1.017,0,258.3,0,20.2,0.0,0,0.0,0,0.0,0,0.0,6448.0,0,6338.0,0,10.0,0,10.0,0,10.0,0,0.0,0,83.34,0,3.0,0,13.33,0,11.01,0,39.317,-76.586,45.0
2024-12-17 09:02:00,2024-12-17,2024-12-17 09:02:00,101.43,0,10.18,0,0.038,98.7,0,0.268,1.226,0,0.005,1.53,0,1.513,0,245.2,0,8.69,0.0,0,0.0,0,0.0,0,0.0,6420.0,0,6389.0,0,10.0,0,10.0,0,10.0,0,0.0,0,83.34,0,3.0,0,13.33,0,11.02,0,39.317,-76.586,45.0
2024-12-17 09:03:00,2024-12-17,2024-12-17 09:03:00,101.43,0,10.17,0,0.037,98.7,0,0.268,1.225,0,0.006,2.182,0,2.095,0,250.5,0,16.21,0.0,0,0.0,0,0.0,0,0.0,6035.0,0,6425.0,0,10.0,0,10.0,0,10.0,0,0.0,0,83.34,0,3.0,0,13.33,0,11.03,0,39.317,-76.586,45.0
2024-12-17 09:04:00,2024-12-17,2024-12-17 09:04:00,101.43,0,10.18,0,0.034,98.7,0,0.273,1.226,0,0.005,2.435,0,2.278,0,252.5,0,20.59,0.0,0,0.0,0,0.0,0,0.0,6745.0,0,6433.0,0,10.0,0,10.0,0,10.0,0,0.0,0,83.34,0,3.0,0,13.33,0,11.04,0,39.317,-76.586,45.0
2024-12-17 09:05:00,2024-12-17,2024-12-17 09:05:00,101.43,0,10.18,0,0.047,98.7,0,0.223,1.225,0,0.005,1.656,0,1.569,0,246.9,0,18.6,0.0,0,0.0,0,0.0,0,0.0,6696.0,0,6432.0,0,10.0,0,10.0,0,10.0,0,0.0,0,83.34,0,3.0,0,13.33,0,11.04,0,39.317,-76.586,45.0
2024-12-17 09:06:00,2024-12-17,2024-12-17 09:06:00,101.43,0,10.2,0,0.035,98.6,0,0.205,1.227,0,0.005,2.38,0,2.269,0,243.7,0,17.47,0.0,0,0.0,0,0.0,0,0.0,6453.0,0,6426.0,0,10.0,0,10.0,0,10.0,0,0.0,0,83.34,0,3.0,0,13.33,0,11.05,0,39.317,-76.586,45.0
2024-12-17 09:07:00,2024-12-17,2024-12-17 09:07:00,101.43,0,10.22,0,0.037,98.7,0,0.262,1.229,0,0.005,2.675,0,2.631,0,248.9,0,10.48,0.0,0,0.0,0,0.0,0,0.0,6863.0,0,6424.0,0,10.0,0,10.0,0,10.0,0,0.0,0,83.34,0,3.0,0,13.34,0,11.06,0,39.317,-76.586,45.0
2024-12-17 09:08:00,2024-12-17,2024-12-17 09:08:00,101.43,0,10.22,0,0.036,98.6,0,0.197,1.228,0,0.005,2.145,0,2.042,0,257.3,0,17.71,0.0,0,0.0,0,0.0,0,0.0,6995.0,0,6487.0,0,10.0,0,10.0,0,10.0,0,0.0,0,83.34,0,3.0,0,13.33,0,11.07,0,39.317,-76.586,45.0
2024-12-17 09:09:00,2024-12-17,2024-12-17 09:09:00,101.43,0,10.19,0,0.036,98.6,0,0.231,1.226,0,0.005,2.708,0,2.661,0,253.2,0,10.71,0.0,0,0.0,0,0.0,0,0.0,6628.0,0,6513.0,0,10.0,0,10.0,0,10.0,0,0.0,0,83.34,0,3.0,0,13.33,0,11.08,0,39.317,-76.586,45.0
2024-12-17 09:10:00,2024-12-17,2024-12-17 09:10:00,101.43,0,10.19,0,0.036,98.6,0,0.253,1.225,0,0.005,1.865,0,1.779,0,239.0,0,17.37,0.0,0,0.0,0,0.0,0,0.0,5965.0,0,6509.0,0,10.0,0,10.0,0,10.0,0,0.0,0,83.34,0,3.0,0,13.33,0,11.09,0,39.317,-76.586,45.0
2024-12-17 09:11:00,2024-12-17,2024-12-17 09:11:00,101.43,0,10.19,0,0.052,98.6,0,0.272,1.225,0,0.006,2.618,0,2.534,0,248.8,0,14.49,0.0,0,0.0,0,0.0,0,0.0,6228.0,0,6486.0,0,10.0,0,10.0,0,10.0,0,0.0,0,83.34,0,3.0,0,13.33,0,11.09,0,39.317,-76.586,45.0
2024-12-17 09:12:00,2024-12-17,2024-12-17 09:12:00,101.43,0,10.2,0,0.037,98.6,0,0.232,1.226,0,0.005,2.806,0,2.751,0,252.4,0,11.31,0.0,0,0.0,0,0.0,0,0.0,5986.0,0,6439.0,0,10.0,0,10.0,0,10.0,0,0.0,0,83.34,0,3.0,0,13.33,0,11.1,0,39.317,-76.586,45.0
2024-12-17 09:13:00,2024-12-17,2024-12-17 09:13:00,101.43,0,10.21,0,0.035,98.6,0,0.228,1.227,0,0.005,2.241,0,2.178,0,236.7,0,13.55,0.0,0,0.0,0,0.0,0,0.0,6310.0,0,6469.0,0,10.0,0,10.0,0,10.0,0,0.0,0,83.34,0,3.0,0,13.33,0,11.11,0,39.317,-76.586,45.0
2024-12-17 09:14:00,2024-12-17,2024-12-17 09:14:00,101.43,0,10.19,0,0.037,98.5,0,0.225,1.225,0,0.005,1.805,0,1.739,0,251.4,0,15.46,0.0,0,0.0,0,0.0,0,0.0,6528.0,0,6448.0,0,10.0,0,10.0,0,10.0,0,0.0,0,83.34,0,3.0,0,13.33,0,11.12,0,39.317,-76.586,45.0
2024-12-17 09:15:00,2024-12-17,2024-12-17 09:15:00,101.43,0,10.19,0,0.033,98.6,0,0.285,1.225,0,0.005,1.717,0,1.651,0,262.9,0,15.8,0.0,0,0.0,0,0.0,0,0.0,5864.0,0,6361.0,0,10.0,0,10.0,0,10.0,0,0.0,0,83.34,0,3.0,0,13.33,0,11.12,0,39.317,-76.586,45.0
2024-12-17 09:16:00,2024-12-17,2024-12-17 09:16:00,101.43,0,10.18,0,0.036,98.6,0,0.274,1.225,0,0.006,2.295,0,2.248,0,254.5,0,11.57,0.0,0,0.0,0,0.0,0,0.0,6158.0,0,6331.0,0,10.0,0,10.0,0,10.0,0,0.0,0,83.34,0,3.0,0,13.33,0,11.13,0,39.317,-76.586,45.0
2024-12-17 09:17:00,2024-12-17,2024-12-17 09:17:00,101.42,0,10.19,0,0.039,98.6,0,0.203,1.225,0,0.005,2.416,0,2.331,0,258.0,0,15.19,0.0,0,0.0,0,0.0,0,0.0,5482.0,0,6188.0,0,10.0,0,10.0,0,10.0,0,0.0,0,83.34,0,3.0,0,13.33,0,11.14,0,39.317,-76.586,45.0
2024-12-17 09:18:00,2024-12-17,2024-12-17 09:18:00,101.42,0,10.2,0,0.034,98.6,0,0.229,1.227,0,0.005,2.301,0,2.231,0,248.5,0,14.15,0.0,0,0.0,0,0.0,0,0.0,6296.0,0,6127.0,0,10.0,0,10.0,0,10.0,0,0.0,0,83.34,0,3.0,0,13.33,0,11.15,0,39.317,-76.586,45.0
2024-12-17 09:19:00,2024-12-17,2024-12-17 09:19:00,101.42,0,10.21,0,0.04,98.6,0,0.22,1.227,0,0.005,3.879,0,3.728,0,240.6,0,15.97,0.0,0,0.0,0,0.0,0,0.0,6110.0,0,6080.0,0,10.0,0,10.0,0,10.0,0,0.0,0,83.34,0,3.0,0,13.33,0,11.15,0,39.317,-76.586,45.0
2024-12-17 09:20:00,2024-12-17,2024-12-17 09:20:00,101.41,0,10.26,0,0.038,98.7,0,0.265,1.232,0,0.005,2.893,0,2.835,0,251.3,0,11.44,0.0,0,0.0,0,0.0,0,0.0,6813.0,0,6158.0,0,10.0,0,10.0,0,10.0,0,0.0,0,83.34,0,3.0,0,13.33,0,11.16,0,39.317,-76.586,45.0
2024-12-17 09:21:00,2024-12-17,2024-12-17 09:21:00,101.41,0,10.27,0,0.039,98.7,0,0.259,1.233,0,0.005,3.154,0,3.034,0,240.6,0,15.79,0.0,0,0.0,0,0.0,0,0.0,6294.0,0,6164.0,0,10.0,0,10.0,0,10.0,0,0.0,0,83.34,0,3.0,0,13.33,0,11.17,0,39.317,-76.586,45.0
2024-12-17 09:22:00,2024-12-17,2024-12-17 09:22:00,101.4,0,10.3,0,0.032,98.6,0,0.276,1.235,0,0.005,1.681,0,1.615,0,234.8,0,16.01,0.0,0,0.0,0,0.0,0,0.0,7092.0,0,6265.0,0,10.0,0,10.0,0,10.0,0,0.0,0,83.34,0,3.0,0,13.33,0,11.17,0,39.317,-76.586,45.0
2024-12-17 09:23:00,2024-12-17,2024-12-17 09:23:00,101.4,0,10.29,0,0.036,98.6,0,0.223,1.233,0,0.005,1.989,0,1.887,0,240.9,0,18.42,0.0,0,0.0,0,0.0,0,0.0,6849.0,0,6314.0,0,10.0,0,10.0,0,10.0,0,0.0,0,83.34,0,3.0,0,13.33,0,11.18,0,39.317,-76.586,45.0
2024-12-17 09:24:00,2024-12-17,2024-12-17 09:24:00,101.4,0,10.31,0,0.038,98.5,0,0.224,1.235,0,0.005,2.587,0,2.466,0,250.6,0,17.54,0.0,0,0.0,0,0.0,0,0.0,6320.0,0,6294.0,0,10.0,0,10.0,0,10.0,0,0.0,0,83.34,0,3.0,0,13.33,0,11.19,0,39.317,-76.586,45.0
2024-12-17 09:25:00,2024-12-17,2024-12-17 09:25:00,101.4,0,10.33,0,0.033,98.5,0,0.212,1.236,0,0.005,1.957,0,1.854,0,228.7,0,18.52,0.0,0,0.0,0,0.0,0,0.0,7206.0,0,6423.0,0,10.0,0,10.0,0,10.0,0,0.0,0,83.34,0,3.0,0,13.33,0,11.2,0,39.317,-76.586,45.0
2024-12-17 09:26:00,2024-12-17,2024-12-17 09:26:00,101.4,0,10.33,0,0.044,98.5,0,0.228,1.235,0,0.006,1.806,0,1.759,0,242.5,0,13.09,0.0,0,0.0,0,0.0,0,0.0,6298.0,0,6438.0,0,10.0,0,10.0,0,10.0,0,0.0,0,83.34,0,3.0,0,13.33,0,11.2,0,39.317,-76.586,45.0
2024-12-17 09:27:00,2024-12-17,2024-12-17 09:27:00,101.4,0,10.33,0,0.04,98.4,0,0.234,1.235,0,0.005,2.561,0,2.482,0,243.5,0,14.23,0.0,0,0.0,0,0.0,0,0.0,6674.0,0,6576.0,0,10.0,0,10.0,0,10.0,0,0.0,0,83.34,0,3.0,0,13.33,0,11.21,0,39.317,-76.586,45.0
2024-12-17 09:28:00,2024-12-17,2024-12-17 09:28:00,101.41,0,10.31,0,0.042,98.4,0,0.24,1.233,0,0.006,1.55,0,1.489,0,254.8,0,16.01,0.0,0,0.0,0,0.0,0,0.0,6443.0,0,6591.0,0,10.0,0,10.0,0,10.0,0,0.0,0,83.34,0,3.0,0,13.33,0,11.22,0,39.317,-76.586,45.0
2024-12-17 09:29:00,2024-12-17,2024-12-17 09:29:00,101.41,0,10.29,0,0.036,98.4,0,0.25,1.231,0,0.005,1.238,0,1.206,0,249.8,0,12.95,0.0,0,0.0,0,0.0,0,0.0,5831.0,0,6558.0,0,10.0,0,10.0,0,10.0,0,0.0,0,83.34,0,3.0,0,13.33,0,11.22,0,39.317,-76.586,45.0
2024-12-17 09:30:00,2024-12-17,2024-12-17 09:30:00,101.41,0,10.29,0,0.037,98.4,0,0.223,1.231,0,0.005,2.238,0,2.161,0,233.9,0,15.02,0.0,0,0.0,0,0.0,0,0.0,6567.0,0,6534.0,0,10.0,0,10.0,0,10.0,0,0.0,0,83.34,0,3.0,0,13.33,0,11.23,0,39.317,-76.586,45.0
2024-12-17 09:31:00,2024-12-17,2024-12-17 09:31:00,101.41,0,10.33,0,0.04,98.4,0,0.198,1.234,0,0.005,2.46,0,2.383,0,225.1,0,14.29,0.0,0,0.0,0,0.0,0,0.0,6071.0,0,6509.0,0,10.0,0,10.0,0,10.0,0,0.0,0,83.34,0,3.0,0,13.33,0,11.24,0,39.317,-76.586,45.0
2024-12-17 09:32:00,2024-12-17,2024-12-17 09:32:00,101.42,0,10.35,0,0.033,98.5,0,0.241,1.237,0,0.005,1.888,0,1.76,0,245.0,0,21.12,0.0,0,0.0,0,0.0,0,0.0,7462.0,0,6539.0,0,10.0,0,10.0,0,10.0,0,0.0,0,83.34,0,3.0,0,13.33,0,11.25,0,39.317,-76.586,45.0
2024-12-17 09:33:00,2024-12-17,2024-12-17 09:33:00,101.42,0,10.33,0,0.047,98.4,0,0.249,1.235,0,0.006,2.272,0,2.11,0,236.3,0,21.64,0.0,0,0.0,0,0.0,0,0.0,6297.0,0,6485.0,0,10.0,0,10.0,0,10.0,0,0.0,0,83.34,0,3.0,0,13.33,0,11.25,0,39.317,-76.586,45.0
2024-12-17 09:34:00,2024-12-17,2024-12-17 09:34:00,101.42,0,10.33,0,0.036,98.4,0,0.237,1.234,0,0.005,2.174,0,2.063,0,247.5,0,18.31,0.0,0,0.0,0,0.0,0,0.0,6639.0,0,6517.0,0,10.0,0,10.0,0,10.0,0,0.0,0,83.34,0,3.0,0,13.33,0,11.26,0,39.317,-76.586,45.0
2024-12-17 09:35:00,2024-12-17,2024-12-17 09:35:00,101.42,0,10.35,0,0.039,98.4,0,0.22,1.236,0,0.005,2.259,0,2.109,0,235.1,0,20.84,0.0,0,0.0,0,0.0,0,0.0,6729.0,0,6475.0,0,10.0,0,10.0,0,10.0,0,0.0,0,83.34,0,3.0,0,13.33,0,11.27,0,39.317,-76.586,45.0
2024-12-17 09:36:00,2024-12-17,2024-12-17 09:36:00,101.42,0,10.37,0,0.041,98.4,0,0.26,1.239,0,0.006,2.257,0,1.984,0,244.7,0,28.19,0.0,0,0.0,0,0.0,0,0.0,6498.0,0,6496.0,0,10.0,0,10.0,0,10.0,0,0.0,0,83.34,0,3.0,0,13.33,0,11.28,0,39.317,-76.586,45.0
2024-12-17 09:37:00,2024-12-17,2024-12-17 09:37:00,101.42,0,10.36,0,0.044,98.4,0,0.231,1.236,0,0.005,1.579,0,1.565,0,272.3,0,7.667,0.0,0,0.0,0,0.0,0,0.0,7173.0,0,6540.0,0,10.0,0,10.0,0,10.0,0,0.0,0,83.34,0,3.0,0,13.33,0,11.28,0,39.317,-76.586,45.0
2024-12-17 09:38:00,2024-12-17,2024-12-17 09:38:00,101.42,0,10.35,0,0.031,98.3,0,0.222,1.235,0,0.005,1.921,0,1.864,0,257.9,0,13.96,0.0,0,0.0,0,0.0,0,0.0,6717.0,0,6567.0,0,10.0,0,10.0,0,10.0,0,0.0,0,83.34,0,3.0,0,13.33,0,11.29,0,39.317,-76.586,45.0
2024-12-17 09:39:00,2024-12-17,2024-12-17 09:39:00,101.41,0,10.34,0,0.036,98.4,0,0.241,1.236,0,0.005,1.383,0,1.316,0,253.6,0,17.95,0.0,0,0.0,0,0.0,0,0.0,6590.0,0,6654.0,0,10.0,0,10.0,0,10.0,0,0.0,0,83.34,0,3.0,0,13.33,0,11.3,0,39.317,-76.586,45.0
2024-12-17 09:40:00,2024-12-17,2024-12-17 09:40:00,101.42,0,10.36,0,0.032,98.3,0,0.254,1.236,0,0.005,1.798,0,1.746,0,249.8,0,13.84,0.0,0,0.0,0,0.0,0,0.0,6016.0,0,6592.0,0,10.0,0,10.0,0,10.0,0,0.0,0,83.34,0,3.0,0,13.33,0,11.3,0,39.317,-76.586,45.0
2024-12-17 09:41:00,2024-12-17,2024-12-17 09:41:00,101.42,0,10.36,0,0.071,98.4,0,0.268,1.237,0,0.008,2.468,0,2.397,0,258.4,0,13.74,0.0,0,0.0,0,0.0,0,0.0,6881.0,0,6678.0,0,10.0,0,10.0,0,10.0,0,0.0,0,83.34,0,3.0,0,13.33,0,11.31,0,39.317,-76.586,45.0
2024-12-17 09:42:00,2024-12-17,2024-12-17 09:42:00,101.43,0,10.36,0,0.038,98.3,0,0.213,1.236,0,0.005,2.29,0,2.246,0,265.4,0,11.17,0.0,0,0.0,0,0.0,0,0.0,6738.0,0,6614.0,0,10.0,0,10.0,0,10.0,0,0.0,0,83.34,0,3.0,0,13.33,0,11.32,0,39.317,-76.586,45.0
2024-12-17 09:43:00,2024-12-17,2024-12-17 09:43:00,101.43,0,10.36,0,0.039,98.3,0,0.239,1.236,0,0.005,2.158,0,2.085,0,258.6,0,14.83,0.0,0,0.0,0,0.0,0,0.0,6683.0,0,6655.0,0,10.0,0,10.0,0,10.0,0,0.0,0,83.34,0,3.0,0,13.33,0,11.32,0,39.317,-76.586,45.0
2024-12-17 09:44:00,2024-12-17,2024-12-17 09:44:00,101.43,0,10.33,0,0.037,98.3,0,0.227,1.234,0,0.005,1.271,0,1.191,0,268.5,0,20.27,0.0,0,0.0,0,0.0,0,0.0,6446.0,0,6635.0,0,10.0,0,10.0,0,10.0,0,0.0,0,83.34,0,3.0,0,13.32,0,11.33,0,39.317,-76.586,45.0
2024-12-17 09:45:00,2024-12-17,2024-12-17 09:45:00,101.43,0,10.34,0,0.035,98.4,0,0.243,1.235,0,0.005,2.548,0,2.468,0,242.4,0,14.35,0.0,0,0.0,0,0.0,0,0.0,6300.0,0,6590.0,0,10.0,0,10.0,0,10.0,0,0.0,0,83.34,0,3.0,0,13.33,0,11.34,0,39.317,-76.586,45.0
2024-12-17 09:46:00,2024-12-17,2024-12-17 09:46:00,101.44,0,10.38,0,0.03,98.4,0,0.237,1.239,0,0.005,2.189,0,2.157,0,252.2,0,9.74,0.0,0,0.0,0,0.0,0,0.0,6640.0,0,6605.0,0,10.0,0,10.0,0,10.0,0,0.0,0,83.34,0,3.0,0,13.32,0,11.34,0,39.317,-76.586,45.0
2024-12-17 09:47:00,2024-12-17,2024-12-17 09:47:00,101.44,0,10.39,0,0.035,98.4,0,0.241,1.239,0,0.005,2.365,0,2.223,0,254.5,0,19.86,0.0,0,0.0,0,0.0,0,0.0,6986.0,0,6588.0,0,10.0,0,10.0,0,10.0,0,0.0,0,83.34,0,3.0,0,13.32,0,11.35,0,39.317,-76.586,45.0
2024-12-17 09:48:00,2024-12-17,2024-12-17 09:48:00,101.44,0,10.39,0,0.037,98.3,0,0.23,1.238,0,0.005,2.473,0,2.446,0,252.1,0,8.39,0.0,0,0.0,0,0.0,0,0.0,6780.0,0,6594.0,0,10.0,0,10.0,0,10.0,0,0.0,0,83.34,0,3.0,0,13.32,0,11.35,0,39.317,-76.586,45.0
2024-12-17 09:49:00,2024-12-17,2024-12-17 09:49:00,101.44,0,10.41,0,0.03,98.3,0,0.196,1.24,0,0.004,1.375,0,1.324,0,264.4,0,15.57,0.0,0,0.0,0,0.0,0,0.0,7036.0,0,6636.0,0,10.0,0,10.0,0,10.0,0,0.0,0,83.34,0,3.0,0,13.32,0,11.36,0,39.317,-76.586,45.0
2024-12-17 09:50:00,2024-12-17,2024-12-17 09:50:00,101.44,0,10.39,0,0.046,98.3,0,0.234,1.238,0,0.006,2.419,0,2.292,0,251.9,0,18.57,0.0,0,0.0,0,0.0,0,0.0,5920.0,0,6625.0,0,10.0,0,10.0,0,10.0,0,0.0,0,83.34,0,3.0,0,13.33,0,11.37,0,39.317,-76.586,45.0
2024-12-17 09:51:00,2024-12-17,2024-12-17 09:51:00,101.44,0,10.39,0,0.033,98.3,0,0.291,1.238,0,0.005,2.362,0,2.26,0,255.2,0,16.85,0.0,0,0.0,0,0.0,0,0.0,6439.0,0,6581.0,0,10.0,0,10.0,0,10.0,0,0.0,0,83.34,0,3.0,0,13.33,0,11.37,0,39.317,-76.586,45.0
2024-12-17 09:52:00,2024-12-17,2024-12-17 09:52:00,101.44,0,10.4,0,0.037,98.3,0,0.228,1.238,0,0.005,2.376,0,2.303,0,248.9,0,14.27,0.0,0,0.0,0,0.0,0,0.0,6272.0,0,6534.0,0,10.0,0,10.0,0,10.0,0,0.0,0,83.34,0,3.0,0,13.32,0,11.38,0,39.317,-76.586,45.0
2024-12-17 09:53:00,2024-12-17,2024-12-17 09:53:00,101.44,0,10.4,0,0.029,98.3,0,0.234,1.239,0,0.004,2.011,0,1.94,0,254.1,0,15.15,0.0,0,0.0,0,0.0,0,0.0,6449.0,0,6511.0,0,10.0,0,10.0,0,10.0,0,0.0,0,83.34,0,3.0,0,13.32,0,11.39,0,39.317,-76.586,45.0
2024-12-17 09:54:00,2024-12-17,2024-12-17 09:54:00,101.44,0,10.4,0,0.035,98.3,0,0.25,1.238,0,0.005,2.024,0,1.966,0,246.3,0,13.63,0.0,0,0.0,0,0.0,0,0.0,6497.0,0,6516.0,0,10.0,0,10.0,0,10.0,0,0.0,0,83.34,0,3.0,0,13.33,0,11.39,0,39.317,-76.586,45.0
2024-12-17 09:55:00,2024-12-17,2024-12-17 09:55:00,101.44,0,10.39,0,0.038,98.3,0,0.255,1.238,0,0.005,2.863,0,2.794,0,253.8,0,12.56,0.0,0,0.0,0,0.0,0,0.0,6032.0,0,6486.0,0,10.0,0,10.0,0,10.0,0,0.0,0,83.34,0,3.0,0,13.32,0,11.4,0,39.317,-76.586,45.0
2024-12-17 09:56:00,2024-12-17,2024-12-17 09:56:00,101.44,0,10.4,0,0.036,98.2,0,0.21,1.238,0,0.005,2.702,0,2.635,0,256.8,0,12.71,0.0,0,0.0,0,0.0,0,0.0,6585.0,0,6481.0,0,10.0,0,10.0,0,10.0,0,0.0,0,83.34,0,3.0,0,13.32,0,11.41,0,39.317,-76.586,45.0
2024-12-17 09:57:00,2024-12-17,2024-12-17 09:57:00,101.43,0,10.42,0,0.035,98.3,0,0.244,1.24,0,0.005,3.86,0,3.701,0,255.8,0,16.41,0.0,0,0.0,0,0.0,0,0.0,6213.0,0,6407.0,0,10.0,0,10.0,0,10.0,0,0.0,0,83.34,0,3.0,0,13.32,0,11.41,0,39.317,-76.586,45.0
2024-12-17 09:58:00,2024-12-17,2024-12-17 09:58:00,101.43,0,10.44,0,0.032,98.3,0,0.279,1.242,0,0.005,1.785,0,1.669,0,243.3,0,20.64,0.0,0,0.0,0,0.0,0,0.0,7384.0,0,6457.0,0,10.0,0,10.0,0,10.0,0,0.0,0,83.34,0,3.0,0,13.32,0,11.42,0,39.317,-76.586,45.0
2024-12-17 09:59:00,2024-12-17,2024-12-17 09:59:00,101.43,0,10.42,0,0.04,98.2,0,0.235,1.239,0,0.005,1.416,0,1.368,0,246.6,0,14.86,0.0,0,0.0,0,0.0,0,0.0,6868.0,0,6442.0,0,10.0,0,10.0,0,10.0,0,0.0,0,83.34,0,3.0,0,13.32,0,11.42,0,39.317,-76.586,45.0
2024-12-17 10:00:00,2024-12-17,2024-12-17 10:00:00,101.42,0,10.41,0,0.035,98.2,0,0.244,1.239,0,0.005,2.071,0,1.957,0,233.6,0,19.05,0.0,0,0.0,0,0.0,0,0.0,6241.0,0,6478.0,0,10.0,0,10.0,0,10.0,0,0.0,0,83.34,0,3.0,0,13.32,0,11.43,0,39.317,-76.586,45.0
2024-12-17 10:01:00,2024-12-17,2024-12-17 10:01:00,101.43,0,10.43,0,0.03,98.2,0,0.268,1.241,0,0.005,1.653,0,1.612,0,260.2,0,12.71,0.0,0,0.0,0,0.0,0,0.0,6547.0,0,6489.0,0,10.0,0,10.0,0,10.0,0,0.0,0,83.34,0,3.0,0,13.32,0,11.44,0,39.317,-76.586,45.0
2024-12-17 10:02:00,2024-12-17,2024-12-17 10:02:00,101.42,0,10.43,0,0.037,98.1,0,0.204,1.239,0,0.005,2.298,0,2.243,0,246.7,0,12.56,0.0,0,0.0,0,0.0,0,0.0,6240.0,0,6486.0,0,10.0,0,10.0,0,10.0,0,0.0,0,83.34,0,3.0,0,13.32,0,11.44,0,39.317,-76.586,45.0
2024-12-17 10:03:00,2024-12-17,2024-12-17 10:03:00,101.42,0,10.43,0,0.046,98.2,0,0.244,1.241,0,0.005,2.102,0,2.012,0,241.2,0,16.77,0.0,0,0.0,0,0.0,0,0.0,6676.0,0,6508.0,0,10.0,0,10.0,0,10.0,0,0.0,0,83.34,0,3.0,0,13.32,0,11.45,0,39.317,-76.586,45.0
2024-12-17 10:04:00,2024-12-17,2024-12-17 10:04:00,101.43,0,10.45,0,0.037,98.2,0,0.239,1.242,0,0.005,3.458,0,3.362,0,255.0,0,13.45,0.0,0,0.0,0,0.0,0,0.0,6727.0,0,6531.0,0,10.0,0,10.0,0,10.0,0,0.0,0,83.34,0,3.0,0,13.32,0,11.45,0,39.317,-76.586,45.0
2024-12-17 10:05:00,2024-12-17,2024-12-17 10:05:00,101.43,0,10.47,0,0.038,98.2,0,0.221,1.243,0,0.005,2.703,0,2.655,0,255.0,0,10.76,0.0,0,0.0,0,0.0,0,0.0,7450.0,0,6668.0,0,10.0,0,10.0,0,10.0,0,0.0,0,83.34,0,3.0,0,13.32,0,11.46,0,39.317,-76.586,45.0
2024-12-17 10:06:00,2024-12-17,2024-12-17 10:06:00,101.43,0,10.48,0,0.038,98.2,0,0.24,1.244,0,0.005,2.636,0,2.596,0,249.6,0,10.05,0.0,0,0.0,0,0.0,0,0.0,7341.0,0,6738.0,0,10.0,0,10.0,0,10.0,0,0.0,0,83.34,0,3.0,0,13.32,0,11.47,0,39.317,-76.586,45.0
2024-12-17 10:07:00,2024-12-17,2024-12-17 10:07:00,101.43,0,10.47,0,0.032,98.1,0,0.263,1.242,0,0.005,1.779,0,1.733,0,246.6,0,13.0,0.0,0,0.0,0,0.0,0,0.0,6909.0,0,6813.0,0,10.0,0,10.0,0,10.0,0,0.0,0,83.34,0,3.0,0,13.32,0,11.47,0,39.317,-76.586,45.0
2024-12-17 10:08:00,2024-12-17,2024-12-17 10:08:00,101.43,0,10.47,0,0.034,98.1,0,0.262,1.242,0,0.005,2.497,0,2.387,0,250.2,0,17.0,0.0,0,0.0,0,0.0,0,0.0,6761.0,0,6755.0,0,10.0,0,10.0,0,10.0,0,0.0,0,83.34,0,3.0,0,13.32,0,11.48,0,39.317,-76.586,45.0
2024-12-17 10:09:00,2024-12-17,2024-12-17 10:09:00,101.43,0,10.47,0,0.035,98.1,0,0.24,1.243,0,0.005,1.944,0,1.886,0,256.5,0,13.99,0.0,0,0.0,0,0.0,0,0.0,7007.0,0,6768.0,0,10.0,0,10.0,0,10.0,0,0.0,0,83.34,0,3.0,0,13.32,0,11.49,0,39.317,-76.586,45.0
2024-12-17 10:10:00,2024-12-17,2024-12-17 10:10:00,101.43,0,10.46,0,0.042,98.0,0,0.22,1.24,0,0.006,1.813,0,1.74,0,247.7,0,16.28,0.0,0,0.0,0,0.0,0,0.0,6486.0,0,6796.0,0,10.0,0,10.0,0,10.0,0,0.0,0,83.34,0,3.0,0,13.32,0,11.49,0,39.317,-76.586,45.0
2024-12-17 10:11:00,2024-12-17,2024-12-17 10:11:00,101.43,0,10.46,0,0.039,98.1,0,0.22,1.241,0,0.005,2.721,0,2.581,0,231.8,0,18.35,0.0,0,0.0,0,0.0,0,0.0,7060.0,0,6848.0,0,10.0,0,10.0,0,10.0,0,0.0,0,83.34,0,3.0,0,13.32,0,11.5,0,39.317,-76.586,45.0
2024-12-17 10:12:00,2024-12-17,2024-12-17 10:12:00,101.43,0,10.46,0,0.037,98.0,0,0.213,1.241,0,0.005,2.615,0,2.531,0,248.2,0,14.52,0.0,0,0.0,0,0.0,0,0.0,6682.0,0,6898.0,0,10.0,0,10.0,0,10.0,0,0.0,0,83.34,0,3.0,0,13.32,0,11.5,0,39.317,-76.586,45.0
2024-12-17 10:13:00,2024-12-17,2024-12-17 10:13:00,101.43,0,10.48,0,0.038,98.0,0,0.253,1.242,0,0.005,1.54,0,1.325,0,243.0,0,30.29,0.0,0,0.0,0,0.0,0,0.0,7832.0,0,7005.0,0,10.0,0,10.0,0,10.0,0,0.0,0,83.34,0,3.0,0,13.32,0,11.51,0,39.317,-76.586,45.0
2024-12-17 10:14:00,2024-12-17,2024-12-17 10:14:00,101.43,0,10.48,0,0.035,98.1,0,0.258,1.242,0,0.005,2.287,0,2.15,0,252.8,0,19.82,0.0,0,0.0,0,0.0,0,0.0,7686.0,0,7097.0,0,10.0,0,10.0,0,10.0,0,0.0,0,83.34,0,3.0,0,13.32,0,11.51,0,39.317,-76.586,45.0
2024-12-17 10:15:00,2024-12-17,2024-12-17 10:15:00,101.43,0,10.49,0,0.066,98.0,0,0.243,1.243,0,0.008,2.024,0,1.964,0,257.9,0,13.92,0.0,0,0.0,0,0.0,0,0.0,6815.0,0,7034.0,0,10.0,0,10.0,0,10.0,0,0.0,0,83.34,0,3.0,0,13.32,0,11.52,0,39.317,-76.586,45.0
2024-12-17 10:16:00,2024-12-17,2024-12-17 10:16:00,101.43,0,10.48,0,0.04,98.0,0,0.231,1.241,0,0.006,1.774,0,1.702,0,235.6,0,16.35,0.0,0,0.0,0,0.0,0,0.0,8004.0,0,7091.0,0,10.0,0,10.0,0,10.0,0,0.0,0,83.34,0,3.0,0,13.32,0,11.52,0,39.317,-76.586,45.0
2024-12-17 10:17:00,2024-12-17,2024-12-17 10:17:00,101.43,0,10.49,0,0.039,98.0,0,0.19,1.242,0,0.005,2.589,0,2.506,0,252.1,0,14.51,0.0,0,0.0,0,0.0,0,0.0,7893.0,0,7183.0,0,10.0,0,10.0,0,10.0,0,0.0,0,83.34,0,3.0,0,13.32,0,11.53,0,39.317,-76.586,45.0
2024-12-17 10:18:00,2024-12-17,2024-12-17 10:18:00,101.43,0,10.49,0,0.036,97.9,0,0.203,1.242,0,0.005,1.989,0,1.747,0,252.2,0,28.3,0.0,0,0.0,0,0.0,0,0.0,8155.0,0,7315.0,0,10.0,0,10.0,0,10.0,0,0.0,0,83.34,0,3.0,0,13.32,0,11.53,0,39.317,-76.586,45.0
2024-12-17 10:19:00,2024-12-17,2024-12-17 10:19:00,101.43,0,10.49,0,0.037,98.0,0,0.261,1.243,0,0.006,1.921,0,1.816,0,235.4,0,18.88,0.0,0,0.0,0,0.0,0,0.0,7526.0,0,7368.0,0,10.0,0,10.0,0,10.0,0,0.0,0,83.34,0,3.0,0,13.32,0,11.54,0,39.317,-76.586,45.0
2024-12-17 10:20:00,2024-12-17,2024-12-17 10:20:00,101.43,0,10.51,0,0.045,97.9,0,0.191,1.243,0,0.005,2.863,0,2.744,0,240.6,0,16.56,0.0,0,0.0,0,0.0,0,0.0,7744.0,0,7507.0,0,10.0,0,10.0,0,10.0,0,0.0,0,83.34,0,3.0,0,13.32,0,11.55,0,39.317,-76.586,45.0
2024-12-17 10:21:00,2024-12-17,2024-12-17 10:21:00,101.43,0,10.53,0,0.036,97.9,0,0.243,1.245,0,0.005,2.452,0,2.373,0,243.8,0,14.55,0.0,0,0.0,0,0.0,0,0.0,8639.0,0,7656.0,0,10.0,0,10.0,0,10.0,0,0.0,0,83.34,0,3.0,0,13.32,0,11.55,0,39.317,-76.586,45.0
2024-12-17 10:22:00,2024-12-17,2024-12-17 10:22:00,101.43,0,10.56,0,0.033,98.0,0,0.229,1.248,0,0.005,2.524,0,2.393,0,241.2,0,18.43,0.0,0,0.0,0,0.0,0,0.0,8732.0,0,7867.0,0,10.0,0,10.0,0,10.0,0,0.0,0,83.34,0,3.0,0,13.32,0,11.56,0,39.317,-76.586,45.0
2024-12-17 10:23:00,2024-12-17,2024-12-17 10:23:00,101.43,0,10.57,0,0.036,97.9,0,0.259,1.248,0,0.005,1.805,0,1.696,0,234.9,0,19.88,0.0,0,0.0,0,0.0,0,0.0,8693.0,0,7946.0,0,10.0,0,10.0,0,10.0,0,0.0,0,83.34,0,3.0,0,13.32,0,11.56,0,39.317,-76.586,45.0
2024-12-17 10:24:00,2024-12-17,2024-12-17 10:24:00,101.43,0,10.57,0,0.049,97.8,0,0.272,1.247,0,0.006,2.639,0,2.448,0,252.6,0,21.79,0.0,0,0.0,0,0.0,0,0.0,9348.0,0,8095.0,0,10.0,0,10.0,0,10.0,0,0.0,0,83.34,0,3.0,0,13.32,0,11.57,0,39.317,-76.586,45.0
2024-12-17 10:25:00,2024-12-17,2024-12-17 10:25:00,101.43,0,10.59,0,0.027,97.8,0,0.211,1.248,0,0.004,1.815,0,1.697,0,263.8,0,20.62,0.0,0,0.0,0,0.0,0,0.0,9019.0,0,8337.0,0,10.0,0,10.0,0,10.0,0,0.0,0,83.34,0,3.0,0,13.32,0,11.57,0,39.317,-76.586,45.0
2024-12-17 10:26:00,2024-12-17,2024-12-17 10:26:00,101.43,0,10.6,0,0.073,97.6,0,0.23,1.247,0,0.008,1.573,0,1.521,0,256.2,0,14.75,0.0,0,0.0,0,0.0,0,0.0,9062.0,0,8440.0,0,10.0,0,10.0,0,10.0,0,0.0,0,83.34,0,3.0,0,13.32,0,11.58,0,39.317,-76.586,45.0
2024-12-17 10:27:00,2024-12-17,2024-12-17 10:27:00,101.43,0,10.57,0,0.043,97.7,0,0.264,1.245,0,0.006,3.027,0,2.986,0,240.7,0,9.34,0.0,0,0.0,0,0.0,0,0.0,8561.0,0,8511.0,0,10.0,0,10.0,0,10.0,0,0.0,0,83.34,0,3.0,0,13.32,0,11.58,0,39.317,-76.586,45.0
2024-12-17 10:28:00,2024-12-17,2024-12-17 10:28:00,101.42,0,10.59,0,0.042,97.6,0,0.209,1.245,0,0.005,3.053,0,2.91,0,260.3,0,17.54,0.0,0,0.0,0,0.0,0,0.0,8565.0,0,8554.0,0,10.0,0,10.0,0,10.0,0,0.0,0,83.34,0,3.0,0,13.32,0,11.59,0,39.317,-76.586,45.0
2024-12-17 10:29:00,2024-12-17,2024-12-17 10:29:00,101.42,0,10.59,0,0.035,97.6,0,0.24,1.245,0,0.005,2.687,0,2.534,0,255.0,0,19.3,0.0,0,0.0,0,0.0,0,0.0,8570.0,0,8674.0,0,10.0,0,10.0,0,10.0,0,0.0,0,83.34,0,3.0,0,13.32,0,11.59,0,39.317,-76.586,45.0
2024-12-17 10:30:00,2024-12-17,2024-12-17 10:30:00,101.43,0,10.6,0,0.036,97.6,0,0.232,1.247,0,0.005,2.313,0,2.244,0,247.2,0,13.96,0.0,0,0.0,0,0.0,0,0.0,9282.0,0,8838.0,0,10.0,0,10.0,0,10.0,0,0.0,0,83.34,0,3.0,0,13.32,0,11.6,0,39.317,-76.586,45.0
2024-12-17 10:31:00,2024-12-17,2024-12-17 10:31:00,101.44,0,10.59,0,0.033,97.5,0,0.202,1.245,0,0.005,1.8,0,1.778,0,261.1,0,8.89,0.0,0,0.0,0,0.0,0,0.0,9393.0,0,8911.0,0,10.0,0,10.0,0,10.0,0,0.0,0,83.34,0,3.0,0,13.32,0,11.61,0,39.317,-76.586,45.0
2024-12-17 10:32:00,2024-12-17,2024-12-17 10:32:00,101.45,0,10.58,0,0.031,97.5,0,0.208,1.244,0,0.004,1.999,0,1.963,0,263.7,0,10.9,0.0,0,0.0,0,0.0,0,0.0,8589.0,0,8896.0,0,10.0,0,10.0,0,10.0,0,0.0,0,83.34,0,3.0,0,13.32,0,11.61,0,39.317,-76.586,45.0
2024-12-17 10:33:00,2024-12-17,2024-12-17 10:33:00,101.45,0,10.57,0,0.041,97.5,0,0.234,1.243,0,0.005,2.443,0,2.336,0,250.1,0,16.97,0.0,0,0.0,0,0.0,0,0.0,8223.0,0,8844.0,0,10.0,0,10.0,0,10.0,0,0.0,0,83.34,0,3.0,0,13.32,0,11.62,0,39.317,-76.586,45.0
2024-12-17 10:34:00,2024-12-17,2024-12-17 10:34:00,101.46,0,10.58,0,0.035,97.5,0,0.217,1.244,0,0.005,2.608,0,2.519,0,258.6,0,14.98,0.0,0,0.0,0,0.0,0,0.0,7854.0,0,8688.0,0,10.0,0,10.0,0,10.0,0,0.0,0,83.34,0,3.0,0,13.32,0,11.62,0,39.317,-76.586,45.0
2024-12-17 10:35:00,2024-12-17,2024-12-17 10:35:00,101.46,0,10.59,0,0.043,97.6,0,0.264,1.246,0,0.006,2.871,0,2.783,0,250.8,0,14.21,0.0,0,0.0,0,0.0,0,0.0,9316.0,0,8714.0,0,10.0,0,10.0,0,10.0,0,0.0,0,83.34,0,3.0,0,13.32,0,11.63,0,39.317,-76.586,45.0
2024-12-17 10:36:00,2024-12-17,2024-12-17 10:36:00,101.46,0,10.62,0,0.037,97.5,0,0.236,1.247,0,0.005,2.584,0,2.5,0,256.6,0,14.64,0.0,0,0.0,0,0.0,0,0.0,9384.0,0,8743.0,0,10.0,0,10.0,0,10.0,0,0.0,0,83.34,0,3.0,0,13.32,0,11.63,0,39.317,-76.586,45.0
2024-12-17 10:37:00,2024-12-17,2024-12-17 10:37:00,101.45,0,10.6,0,0.032,97.5,0,0.205,1.245,0,0.004,2.919,0,2.88,0,256.0,0,9.29,0.0,0,0.0,0,0.0,0,0.0,9400.0,0,8824.0,0,10.0,0,10.0,0,10.0,0,0.0,0,83.34,0,3.0,0,13.32,0,11.64,0,39.317,-76.586,45.0
2024-12-17 10:38:00,2024-12-17,2024-12-17 10:38:00,101.45,0,10.6,0,0.035,97.5,0,0.233,1.245,0,0.005,1.805,0,1.756,0,265.3,0,13.28,0.0,0,0.0,0,0.0,0,0.0,9653.0,0,8928.0,0,10.0,0,10.0,0,10.0,0,0.0,0,83.34,0,3.0,0,13.32,0,11.64,0,39.317,-76.586,45.0
2024-12-17 10:39:00,2024-12-17,2024-12-17 10:39:00,101.45,0,10.59,0,0.06,97.5,0,0.291,1.244,0,0.006,2.327,0,2.293,0,249.5,0,9.88,0.0,0,0.0,0,0.0,0,0.0,9593.0,0,9028.0,0,10.0,0,10.0,0,10.0,0,0.0,0,83.34,0,3.0,0,13.32,0,11.65,0,39.317,-76.586,45.0
2024-12-17 10:40:00,2024-12-17,2024-12-17 10:40:00,101.46,0,10.59,0,0.031,97.4,0,0.227,1.244,0,0.005,1.883,0,1.818,0,259.1,0,15.02,0.0,0,0.0,0,0.0,0,0.0,8956.0,0,8996.0,0,10.0,0,10.0,0,10.0,0,0.0,0,83.34,0,3.0,0,13.31,0,11.65,0,39.317,-76.586,45.0
2024-12-17 10:41:00,2024-12-17,2024-12-17 10:41:00,101.46,0,10.57,0,0.038,97.4,0,0.212,1.241,0,0.005,2.069,0,2.039,0,257.1,0,9.87,0.0,0,0.0,0,0.0,0,0.0,9297.0,0,8987.0,0,10.0,0,10.0,0,10.0,0,0.0,0,83.34,0,3.0,0,13.31,0,11.66,0,39.317,-76.586,45.0
2024-12-17 10:42:00,2024-12-17,2024-12-17 10:42:00,101.46,0,10.57,0,0.036,97.5,0,0.234,1.243,0,0.005,2.951,0,2.883,0,250.4,0,12.31,0.0,0,0.0,0,0.0,0,0.0,8532.0,0,8981.0,0,10.0,0,10.0,0,10.0,0,0.0,0,83.34,0,3.0,0,13.32,0,11.66,0,39.317,-76.586,45.0
2024-12-17 10:43:00,2024-12-17,2024-12-17 10:43:00,101.46,0,10.6,0,0.035,97.5,0,0.225,1.245,0,0.005,3.84,0,3.78,0,253.0,0,10.16,0.0,0,0.0,0,0.0,0,0.0,9594.0,0,9123.0,0,10.0,0,10.0,0,10.0,0,0.0,0,83.34,0,3.0,0,13.32,0,11.67,0,39.317,-76.586,45.0
2024-12-17 10:44:00,2024-12-17,2024-12-17 10:44:00,101.47,0,10.62,0,0.058,97.5,0,0.271,1.247,0,0.006,3.29,0,3.188,0,246.2,0,14.21,0.0,0,0.0,0,0.0,0,0.0,9760.0,0,9335.0,0,10.0,0,10.0,0,10.0,0,0.0,0,83.34,0,3.0,0,13.32,0,11.67,0,39.317,-76.586,45.0
2024-12-17 10:45:00,2024-12-17,2024-12-17 10:45:00,101.46,0,10.64,0,0.047,97.5,0,0.219,1.248,0,0.005,3.446,0,3.404,0,248.8,0,9.03,0.0,0,0.0,0,0.0,0,0.0,10716.0,0,9459.0,0,10.0,0,10.0,0,10.0,0,0.0,0,83.34,0,3.0,0,13.32,0,11.68,0,39.317,-76.586,45.0
2024-12-17 10:46:00,2024-12-17,2024-12-17 10:46:00,101.46,0,10.65,0,0.031,97.4,0,0.271,1.248,0,0.005,3.249,0,3.143,0,251.0,0,14.63,0.0,0,0.0,0,0.0,0,0.0,10382.0,0,9551.0,0,10.0,0,10.0,0,10.0,0,0.0,0,83.34,0,3.0,0,13.31,0,11.69,0,39.317,-76.586,45.0
2024-12-17 10:47:00,2024-12-17,2024-12-17 10:47:00,101.46,0,10.66,0,0.034,97.3,0,0.233,1.248,0,0.005,3.262,0,3.163,0,251.4,0,14.1,0.0,0,0.0,0,0.0,0,0.0,11624.0,0,9741.0,0,10.0,0,10.0,0,10.0,0,0.0,0,83.34,0,3.0,0,13.31,0,11.69,0,39.317,-76.586,45.0
2024-12-17 10:48:00,2024-12-17,2024-12-17 10:48:00,101.46,0,10.67,0,0.039,97.2,0,0.212,1.247,0,0.005,3.178,0,3.047,0,247.6,0,16.5,0.0,0,0.0,0,0.0,0,0.0,10009.0,0,9776.0,0,10.0,0,10.0,0,10.0,0,0.0,0,83.34,0,3.0,0,13.32,0,11.69,0,39.317,-76.586,45.0
2024-12-17 10:49:00,2024-12-17,2024-12-17 10:49:00,101.47,0,10.67,0,0.031,97.2,0,0.248,1.247,0,0.005,3.419,0,3.299,0,260.1,0,15.13,0.0,0,0.0,0,0.0,0,0.0,10304.0,0,9845.0,0,10.0,0,10.0,0,10.0,0,0.0,0,83.34,0,3.0,0,13.32,0,11.7,0,39.317,-76.586,45.0
2024-12-17 10:50:00,2024-12-17,2024-12-17 10:50:00,101.46,0,10.67,0,0.049,97.2,0,0.28,1.247,0,0.006,3.301,0,3.234,0,260.3,0,11.53,0.0,0,0.0,0,0.0,0,0.0,10467.0,0,10004.0,0,0.0,0,0.0,0,0.0,0,0.0,0,83.34,0,3.0,0,13.31,0,11.7,0,39.317,-76.586,45.0
2024-12-17 10:51:00,2024-12-17,2024-12-17 10:51:00,101.45,0,10.68,0,0.037,97.1,0,0.233,1.247,0,0.005,3.752,0,3.653,0,252.7,0,13.12,0.0,0,0.0,0,0.0,0,0.0,10352.0,0,10115.0,0,0.0,0,0.0,0,0.0,0,0.0,0,83.34,0,3.0,0,13.31,0,11.71,0,39.317,-76.586,45.0
2024-12-17 10:52:00,2024-12-17,2024-12-17 10:52:00,101.46,0,10.69,0,0.072,97.1,0,0.247,1.247,0,0.008,3.49,0,3.276,0,255.9,0,20.1,0.0,0,0.0,0,0.0,0,0.0,10719.0,0,10365.0,0,0.0,0,0.0,0,0.0,0,0.0,0,83.34,0,3.0,0,13.32,0,11.71,0,39.317,-76.586,45.0
2024-12-17 10:53:00,2024-12-17,2024-12-17 10:53:00,101.46,0,10.7,0,0.034,97.0,0,0.232,1.247,0,0.005,3.459,0,3.369,0,250.4,0,13.06,0.0,0,0.0,0,0.0,0,0.0,10956.0,0,10506.0,0,0.0,0,0.0,0,0.0,0,0.0,0,83.34,0,3.0,0,13.31,0,11.72,0,39.317,-76.586,45.0
2024-12-17 10:54:00,2024-12-17,2024-12-17 10:54:00,101.46,0,10.7,0,0.065,97.0,0,0.24,1.247,0,0.007,3.391,0,3.251,0,270.6,0,16.47,0.0,0,0.0,0,0.0,0,0.0,12313.0,0,10746.0,0,0.0,0,0.0,0,0.0,0,0.0,0,83.34,0,3.0,0,13.31,0,11.72,0,39.317,-76.586,45.0
2024-12-17 10:55:00,2024-12-17,2024-12-17 10:55:00,101.46,0,10.69,0,0.032,96.9,0,0.242,1.245,0,0.005,2.837,0,2.745,0,250.0,0,14.61,0.0,0,0.0,0,0.0,0,0.0,11794.0,0,10846.0,0,0.0,0,0.0,0,0.0,0,0.0,0,83.34,0,3.0,0,13.31,0,11.73,0,39.317,-76.586,45.0
2024-12-17 10:56:00,2024-12-17,2024-12-17 10:56:00,101.46,0,10.68,0,0.032,96.9,0,0.265,1.245,0,0.005,2.501,0,2.46,0,244.4,0,10.29,0.0,0,0.0,0,0.0,0,0.0,12623.0,0,11051.0,0,0.0,0,0.0,0,0.0,0,0.0,0,83.34,0,3.0,0,13.31,0,11.73,0,39.317,-76.586,45.0
2024-12-17 10:57:00,2024-12-17,2024-12-17 10:57:00,101.46,0,10.67,0,0.03,96.8,0,0.216,1.242,0,0.004,3.321,0,3.205,0,256.6,0,15.13,0.0,0,0.0,0,0.0,0,0.0,12044.0,0,11087.0,0,0.0,0,0.0,0,0.0,0,0.0,0,83.34,0,3.0,0,13.31,0,11.74,0,39.317,-76.586,45.0
2024-12-17 10:58:00,2024-12-17,2024-12-17 10:58:00,101.47,0,10.68,0,0.033,96.9,0,0.241,1.244,0,0.005,2.233,0,2.107,0,261.1,0,19.25,0.0,0,0.0,0,0.0,0,0.0,12531.0,0,11340.0,0,0.0,0,0.0,0,0.0,0,0.0,0,83.34,0,3.0,0,13.32,0,11.74,0,39.317,-76.586,45.0
2024-12-17 10:59:00,2024-12-17,2024-12-17 10:59:00,101.48,0,10.67,0,0.039,96.8,0,0.235,1.242,0,0.005,2.93,0,2.874,0,261.4,0,11.17,0.0,0,0.0,0,0.0,0,0.0,12954.0,0,11602.0,0,0.0,0,0.0,0,0.0,0,0.0,0,83.34,0,3.0,0,13.31,0,11.75,0,39.317,-76.586,45.0
2024-12-17 11:00:00,2024-12-17,2024-12-17 11:00:00,101.47,0,10.66,0,0.033,96.8,0,0.235,1.241,0,0.005,2.399,0,2.328,0,260.7,0,13.99,0.0,0,0.0,0,0.0,0,0.0,11837.0,0,11752.0,0,0.0,0,0.0,0,0.0,0,0.0,0,83.34,0,3.0,0,13.31,0,11.75,0,39.317,-76.586,45.0
2024-12-17 11:01:00,2024-12-17,2024-12-17 11:01:00,101.47,0,10.65,0,0.033,96.8,0,0.227,1.24,0,0.005,2.622,0,2.57,0,271.5,0,11.37,0.0,0,0.0,0,0.0,0,0.0,11394.0,0,11876.0,0,0.0,0,0.0,0,0.0,0,0.0,0,83.34,0,3.0,0,13.32,0,11.76,0,39.317,-76.586,45.0
2024-12-17 11:02:00,2024-12-17,2024-12-17 11:02:00,101.46,0,10.65,0,0.031,96.8,0,0.241,1.241,0,0.005,3.255,0,3.138,0,259.4,0,15.37,0.0,0,0.0,0,0.0,0,0.0,10938.0,0,11902.0,0,0.0,0,0.0,0,0.0,0,0.0,0,83.34,0,3.0,0,13.31,0,11.76,0,39.317,-76.586,45.0
2024-12-17 11:03:00,2024-12-17,2024-12-17 11:03:00,101.46,0,10.66,0,0.042,96.8,0,0.246,1.242,0,0.006,2.984,0,2.912,0,256.0,0,12.58,0.0,0,0.0,0,0.0,0,0.0,12992.0,0,12108.0,0,0.0,0,0.0,0,0.0,0,0.0,0,83.34,0,3.0,0,13.31,0,11.77,0,39.317,-76.586,45.0
2024-12-17 11:04:00,2024-12-17,2024-12-17 11:04:00,101.47,0,10.65,0,0.028,96.8,0,0.234,1.241,0,0.004,2.847,0,2.793,0,262.8,0,11.16,0.0,0,0.0,0,0.0,0,0.0,12123.0,0,12089.0,0,0.0,0,0.0,0,0.0,0,0.0,0,83.34,0,3.0,0,13.31,0,11.77,0,39.317,-76.586,45.0
2024-12-17 11:05:00,2024-12-17,2024-12-17 11:05:00,101.47,0,10.67,0,0.041,96.9,0,0.255,1.243,0,0.006,3.445,0,3.388,0,257.3,0,10.43,0.0,0,0.0,0,0.0,0,0.0,11560.0,0,12064.0,0,0.0,0,0.0,0,0.0,0,0.0,0,83.34,0,3.0,0,13.31,0,11.78,0,39.317,-76.586,45.0
2024-12-17 11:06:00,2024-12-17,2024-12-17 11:06:00,101.47,0,10.66,0,0.033,96.8,0,0.233,1.241,0,0.005,3.37,0,3.332,0,254.6,0,8.51,0.0,0,0.0,0,0.0,0,0.0,11295.0,0,11930.0,0,0.0,0,0.0,0,0.0,0,0.0,0,83.34,0,3.0,0,13.31,0,11.78,0,39.317,-76.586,45.0
2024-12-17 11:07:00,2024-12-17,2024-12-17 11:07:00,101.48,0,10.68,0,0.032,96.8,0,0.203,1.243,0,0.004,2.791,0,2.639,0,266.6,0,18.93,0.0,0,0.0,0,0.0,0,0.0,10923.0,0,11810.0,0,0.0,0,0.0,0,0.0,0,0.0,0,83.34,0,3.0,0,13.31,0,11.78,0,39.317,-76.586,45.0
2024-12-17 11:08:00,2024-12-17,2024-12-17 11:08:00,101.48,0,10.67,0,0.032,96.8,0,0.304,1.243,0,0.005,3.861,0,3.742,0,258.4,0,14.25,0.0,0,0.0,0,0.0,0,0.0,11917.0,0,11753.0,0,0.0,0,0.0,0,0.0,0,0.0,0,83.34,0,3.0,0,13.32,0,11.79,0,39.317,-76.586,45.0
2024-12-17 11:09:00,2024-12-17,2024-12-17 11:09:00,101.48,0,10.69,0,0.036,96.8,0,0.257,1.244,0,0.005,4.405,0,4.314,0,261.3,0,11.65,0.0,0,0.0,0,0.0,0,0.0,11999.0,0,11669.0,0,0.0,0,0.0,0,0.0,0,0.0,0,83.34,0,3.0,0,13.31,0,11.79,0,39.317,-76.586,45.0
2024-12-17 11:10:00,2024-12-17,2024-12-17 11:10:00,101.48,0,10.69,0,0.036,96.7,0,0.272,1.243,0,0.005,4.131,0,4.04,0,264.5,0,12.01,0.0,0,0.0,0,0.0,0,0.0,12259.0,0,11709.0,0,0.0,0,0.0,0,0.0,0,0.0,0,83.34,0,3.0,0,13.31,0,11.79,0,39.317,-76.586,45.0
2024-12-17 11:11:00,2024-12-17,2024-12-17 11:11:00,101.48,0,10.69,0,0.04,96.7,0,0.262,1.243,0,0.005,3.686,0,3.63,0,260.4,0,10.07,0.0,0,0.0,0,0.0,0,0.0,11521.0,0,11722.0,0,0.0,0,0.0,0,0.0,0,0.0,0,83.34,0,3.0,0,13.31,0,11.8,0,39.317,-76.586,45.0
2024-12-17 11:12:00,2024-12-17,2024-12-17 11:12:00,101.49,0,10.69,0,0.03,96.6,0,0.234,1.241,0,0.005,3.131,0,3.073,0,267.3,0,11.07,0.0,0,0.0,0,0.0,0,0.0,13715.0,0,11982.0,0,0.0,0,0.0,0,0.0,0,0.0,0,83.34,0,3.0,0,13.31,0,11.8,0,39.317,-76.586,45.0
2024-12-17 11:13:00,2024-12-17,2024-12-17 11:13:00,101.49,0,10.67,0,0.032,96.6,0,0.187,1.239,0,0.004,3.241,0,3.194,0,261.5,0,9.71,0.0,0,0.0,0,0.0,0,0.0,11714.0,0,11863.0,0,0.0,0,0.0,0,0.0,0,0.0,0,83.34,0,3.0,0,13.31,0,11.81,0,39.317,-76.586,45.0
2024-12-17 11:14:00,2024-12-17,2024-12-17 11:14:00,101.49,0,10.66,0,0.036,96.6,0,0.278,1.239,0,0.005,2.726,0,2.666,0,269.5,0,12.01,0.0,0,0.0,0,0.0,0,0.0,12591.0,0,11906.0,0,0.0,0,0.0,0,0.0,0,0.0,0,83.34,0,3.0,0,13.31,0,11.81,0,39.317,-76.586,45.0
2024-12-17 11:15:00,2024-12-17,2024-12-17 11:15:00,101.49,0,10.65,0,0.034,96.6,0,0.238,1.239,0,0.005,3.074,0,2.997,0,262.6,0,12.85,0.0,0,0.0,0,0.0,0,0.0,11219.0,0,11869.0,0,0.0,0,0.0,0,0.0,0,0.0,0,83.34,0,3.0,0,13.31,0,11.82,0,39.317,-76.586,45.0
2024-12-17 11:16:00,2024-12-17,2024-12-17 11:16:00,101.5,0,10.64,0,0.031,96.6,0,0.215,1.237,0,0.004,2.875,0,2.802,0,258.7,0,12.87,0.0,0,0.0,0,0.0,0,0.0,10695.0,0,11799.0,0,0.0,0,0.0,0,0.0,0,0.0,0,83.34,0,3.0,0,13.31,0,11.82,0,39.317,-76.586,45.0
2024-12-17 11:17:00,2024-12-17,2024-12-17 11:17:00,101.5,0,10.64,0,0.041,96.6,0,0.262,1.237,0,0.006,2.3,0,2.216,0,261.2,0,15.44,0.0,0,0.0,0,0.0,0,0.0,11073.0,0,11816.0,0,0.0,0,0.0,0,0.0,0,0.0,0,83.34,0,3.0,0,13.31,0,11.82,0,39.317,-76.586,45.0
2024-12-17 11:18:00,2024-12-17,2024-12-17 11:18:00,101.49,0,10.61,0,0.034,96.6,0,0.234,1.235,0,0.005,2.455,0,2.417,0,260.4,0,10.01,0.0,0,0.0,0,0.0,0,0.0,11084.0,0,11729.0,0,0.0,0,0.0,0,0.0,0,0.0,0,83.34,0,3.0,0,13.31,0,11.83,0,39.317,-76.586,45.0
2024-12-17 11:19:00,2024-12-17,2024-12-17 11:19:00,101.5,0,10.61,0,0.028,96.7,0,0.198,1.235,0,0.004,2.146,0,2.075,0,264.0,0,14.71,0.0,0,0.0,0,0.0,0,0.0,11008.0,0,11627.0,0,0.0,0,0.0,0,0.0,0,0.0,0,83.34,0,3.0,0,13.31,0,11.83,0,39.317,-76.586,45.0
2024-12-17 11:20:00,2024-12-17,2024-12-17 11:20:00,101.5,0,10.61,0,0.032,96.8,0,0.208,1.237,0,0.005,2.994,0,2.951,0,255.2,0,9.68,0.0,0,0.0,0,0.0,0,0.0,11055.0,0,11508.0,0,0.0,0,0.0,0,0.0,0,0.0,0,83.34,0,3.0,0,13.31,0,11.83,0,39.317,-76.586,45.0
2024-12-17 11:21:00,2024-12-17,2024-12-17 11:21:00,101.5,0,10.61,0,0.031,96.8,0,0.232,1.237,0,0.004,3.107,0,3.044,0,262.2,0,11.47,0.0,0,0.0,0,0.0,0,0.0,10917.0,0,11445.0,0,0.0,0,0.0,0,0.0,0,0.0,0,83.34,0,3.0,0,13.31,0,11.84,0,39.317,-76.586,45.0
2024-12-17 11:22:00,2024-12-17,2024-12-17 11:22:00,101.5,0,10.62,0,0.037,96.8,0,0.217,1.238,0,0.005,2.453,0,2.403,0,260.2,0,11.61,0.0,0,0.0,0,0.0,0,0.0,11039.0,0,11218.0,0,0.0,0,0.0,0,0.0,0,0.0,0,83.34,0,3.0,0,13.31,0,11.84,0,39.317,-76.586,45.0
2024-12-17 11:23:00,2024-12-17,2024-12-17 11:23:00,101.5,0,10.6,0,0.039,96.8,0,0.274,1.236,0,0.005,2.109,0,2.027,0,267.5,0,15.95,0.0,0,0.0,0,0.0,0,0.0,11034.0,0,11152.0,0,0.0,0,0.0,0,0.0,0,0.0,0,83.34,0,3.0,0,13.31,0,11.84,0,39.317,-76.586,45.0
2024-12-17 11:24:00,2024-12-17,2024-12-17 11:24:00,101.5,0,10.58,0,0.035,96.8,0,0.202,1.234,0,0.005,2.071,0,1.921,0,276.5,0,21.77,0.0,0,0.0,0,0.0,0,0.0,10302.0,0,10937.0,0,0.0,0,0.0,0,0.0,0,0.0,0,83.34,0,3.0,0,13.31,0,11.85,0,39.317,-76.586,45.0
2024-12-17 11:25:00,2024-12-17,2024-12-17 11:25:00,101.5,0,10.57,0,0.034,96.8,0,0.239,1.234,0,0.005,2.901,0,2.815,0,261.3,0,13.94,0.0,0,0.0,0,0.0,0,0.0,11454.0,0,10958.0,0,0.0,0,0.0,0,0.0,0,0.0,0,83.34,0,3.0,0,13.31,0,11.85,0,39.317,-76.586,45.0
2024-12-17 11:26:00,2024-12-17,2024-12-17 11:26:00,101.5,0,10.59,0,0.034,96.9,0,0.263,1.237,0,0.005,2.497,0,2.458,0,258.3,0,10.18,0.0,0,0.0,0,0.0,0,0.0,12065.0,0,11087.0,0,0.0,0,0.0,0,0.0,0,0.0,0,83.34,0,3.0,0,13.31,0,11.85,0,39.317,-76.586,45.0
2024-12-17 11:27:00,2024-12-17,2024-12-17 11:27:00,101.51,0,10.57,0,0.046,96.9,0,0.225,1.235,0,0.005,1.855,0,1.799,0,262.5,0,14.14,0.0,0,0.0,0,0.0,0,0.0,10831.0,0,11063.0,0,0.0,0,0.0,0,0.0,0,0.0,0,83.34,0,3.0,0,13.31,0,11.85,0,39.317,-76.586,45.0
2024-12-17 11:28:00,2024-12-17,2024-12-17 11:28:00,101.5,0,10.56,0,0.035,97.0,0,0.231,1.235,0,0.005,2.004,0,1.897,0,271.7,0,18.72,0.0,0,0.0,0,0.0,0,0.0,11415.0,0,11095.0,0,0.0,0,0.0,0,0.0,0,0.0,0,83.34,0,3.0,0,13.31,0,11.86,0,39.317,-76.586,45.0
2024-12-17 11:29:00,2024-12-17,2024-12-17 11:29:00,101.5,0,10.56,0,0.051,96.9,0,0.222,1.235,0,0.006,2.275,0,2.244,0,254.7,0,9.42,0.0,0,0.0,0,0.0,0,0.0,10234.0,0,11011.0,0,0.0,0,0.0,0,0.0,0,0.0,0,83.34,0,3.0,0,13.31,0,11.86,0,39.317,-76.586,45.0
2024-12-17 11:30:00,2024-12-17,2024-12-17 11:30:00,101.5,0,10.57,0,0.031,97.0,0,0.243,1.236,0,0.005,1.909,0,1.877,0,261.9,0,10.57,0.0,0,0.0,0,0.0,0,0.0,12101.0,0,11106.0,0,0.0,0,0.0,0,0.0,0,0.0,0,83.34,0,3.0,0,13.31,0,11.86,0,39.317,-76.586,45.0
2024-12-17 11:31:00,2024-12-17,2024-12-17 11:31:00,101.5,0,10.56,0,0.029,96.9,0,0.198,1.235,0,0.004,2.47,0,2.42,0,256.6,0,11.47,0.0,0,0.0,0,0.0,0,0.0,9878.0,0,10989.0,0,0.0,0,0.0,0,0.0,0,0.0,0,83.34,0,3.0,0,13.31,0,11.86,0,39.317,-76.586,45.0
2024-12-17 11:32:00,2024-12-17,2024-12-17 11:32:00,101.5,0,10.57,0,0.034,97.0,0,0.257,1.237,0,0.005,2.581,0,2.533,0,253.8,0,11.01,0.0,0,0.0,0,0.0,0,0.0,10787.0,0,10963.0,0,0.0,0,0.0,0,0.0,0,0.0,0,83.34,0,3.0,0,13.31,0,11.86,0,39.317,-76.586,45.0
2024-12-17 11:33:00,2024-12-17,2024-12-17 11:33:00,101.5,0,10.58,0,0.035,97.0,0,0.265,1.237,0,0.005,3.441,0,3.392,0,254.1,0,9.68,0.0,0,0.0,0,0.0,0,0.0,11011.0,0,10961.0,0,0.0,0,0.0,0,0.0,0,0.0,0,83.34,0,3.0,0,13.31,0,11.87,0,39.317,-76.586,45.0
2024-12-17 11:34:00,2024-12-17,2024-12-17 11:34:00,101.5,0,10.6,0,0.033,97.0,0,0.233,1.239,0,0.005,2.132,0,2.068,0,257.0,0,13.97,0.0,0,0.0,0,0.0,0,0.0,11164.0,0,11052.0,0,0.0,0,0.0,0,0.0,0,0.0,0,83.34,0,3.0,0,13.31,0,11.87,0,39.317,-76.586,45.0
2024-12-17 11:35:00,2024-12-17,2024-12-17 11:35:00,101.49,0,10.61,0,0.03,96.9,0,0.243,1.239,0,0.005,2.318,0,2.209,0,262.2,0,17.51,0.0,0,0.0,0,0.0,0,0.0,10952.0,0,11003.0,0,0.0,0,0.0,0,0.0,0,0.0,0,83.34,0,3.0,0,13.31,0,11.87,0,39.317,-76.586,45.0
2024-12-17 11:36:00,2024-12-17,2024-12-17 11:36:00,101.49,0,10.6,0,0.035,96.9,0,0.232,1.237,0,0.005,2.989,0,2.909,0,255.4,0,13.27,0.0,0,0.0,0,0.0,0,0.0,11234.0,0,10930.0,0,0.0,0,0.0,0,0.0,0,0.0,0,83.34,0,3.0,0,13.31,0,11.87,0,39.317,-76.586,45.0
2024-12-17 11:37:00,2024-12-17,2024-12-17 11:37:00,101.49,0,10.62,0,0.037,96.8,0,0.24,1.238,0,0.005,1.811,0,1.699,0,255.3,0,20.16,0.0,0,0.0,0,0.0,0,0.0,11231.0,0,10969.0,0,0.0,0,0.0,0,0.0,0,0.0,0,83.34,0,3.0,0,13.31,0,11.87,0,39.317,-76.586,45.0
2024-12-17 11:38:00,2024-12-17,2024-12-17 11:38:00,101.49,0,10.6,0,0.04,96.8,0,0.244,1.236,0,0.006,2.556,0,2.519,0,267.3,0,9.76,0.0,0,0.0,0,0.0,0,0.0,11361.0,0,10964.0,0,0.0,0,0.0,0,0.0,0,0.0,0,83.34,0,3.0,0,13.31,0,11.87,0,39.317,-76.586,45.0
2024-12-17 11:39:00,2024-12-17,2024-12-17 11:39:00,101.5,0,10.6,0,0.034,96.8,0,0.259,1.236,0,0.005,2.47,0,2.384,0,269.8,0,15.09,0.0,0,0.0,0,0.0,0,0.0,11235.0,0,11070.0,0,0.0,0,0.0,0,0.0,0,0.0,0,83.34,0,3.0,0,13.31,0,11.88,0,39.317,-76.586,45.0
2024-12-17 11:40:00,2024-12-17,2024-12-17 11:40:00,101.5,0,10.61,0,0.033,96.8,0,0.273,1.237,0,0.005,2.184,0,2.105,0,261.7,0,15.4,0.0,0,0.0,0,0.0,0,0.0,12107.0,0,11070.0,0,0.0,0,0.0,0,0.0,0,0.0,0,83.34,0,3.0,0,13.31,0,11.88,0,39.317,-76.586,45.0
2024-12-17 11:41:00,2024-12-17,2024-12-17 11:41:00,101.51,0,10.6,0,0.038,96.8,0,0.243,1.236,0,0.005,2.849,0,2.786,0,265.2,0,11.96,0.0,0,0.0,0,0.0,0,0.0,11518.0,0,11250.0,0,0.0,0,0.0,0,0.0,0,0.0,0,83.34,0,3.0,0,13.31,0,11.88,0,39.317,-76.586,45.0
2024-12-17 11:42:00,2024-12-17,2024-12-17 11:42:00,101.51,0,10.61,0,0.033,96.7,0,0.253,1.236,0,0.005,2.169,0,2.102,0,258.7,0,14.21,0.0,0,0.0,0,0.0,0,0.0,11371.0,0,11310.0,0,0.0,0,0.0,0,0.0,0,0.0,0,83.34,0,3.0,0,13.31,0,11.88,0,39.317,-76.586,45.0
2024-12-17 11:43:00,2024-12-17,2024-12-17 11:43:00,101.5,0,10.6,0,0.03,96.7,0,0.183,1.235,0,0.004,2.826,0,2.753,0,254.9,0,12.96,0.0,0,0.0,0,0.0,0,0.0,10796.0,0,11287.0,0,0.0,0,0.0,0,0.0,0,0.0,0,83.34,0,3.0,0,13.31,0,11.88,0,39.317,-76.586,45.0
2024-12-17 11:44:00,2024-12-17,2024-12-17 11:44:00,101.51,0,10.62,0,0.031,96.6,0,0.205,1.236,0,0.005,3.084,0,3.027,0,261.1,0,10.94,0.0,0,0.0,0,0.0,0,0.0,11220.0,0,11293.0,0,0.0,0,0.0,0,0.0,0,0.0,0,83.34,0,3.0,0,13.31,0,11.89,0,39.317,-76.586,45.0
2024-12-17 11:45:00,2024-12-17,2024-12-17 11:45:00,101.51,0,10.62,0,0.033,96.7,0,0.196,1.237,0,0.005,2.791,0,2.701,0,250.6,0,14.54,0.0,0,0.0,0,0.0,0,0.0,11280.0,0,11327.0,0,0.0,0,0.0,0,0.0,0,0.0,0,83.34,0,3.0,0,13.31,0,11.89,0,39.317,-76.586,45.0
2024-12-17 11:46:00,2024-12-17,2024-12-17 11:46:00,101.51,0,10.62,0,0.03,96.6,0,0.188,1.235,0,0.004,2.512,0,2.433,0,250.3,0,14.37,0.0,0,0.0,0,0.0,0,0.0,10630.0,0,11262.0,0,0.0,0,0.0,0,0.0,0,0.0,0,83.34,0,3.0,0,13.31,0,11.89,0,39.317,-76.586,45.0
2024-12-17 11:47:00,2024-12-17,2024-12-17 11:47:00,101.51,0,10.63,0,0.033,96.6,0,0.248,1.237,0,0.005,2.212,0,2.12,0,266.4,0,16.49,0.0,0,0.0,0,0.0,0,0.0,11425.0,0,11282.0,0,0.0,0,0.0,0,0.0,0,0.0,0,83.34,0,3.0,0,13.31,0,11.89,0,39.317,-76.586,45.0
2024-12-17 11:48:00,2024-12-17,2024-12-17 11:48:00,101.51,0,10.61,0,0.035,96.5,0,0.188,1.233,0,0.004,3.046,0,2.997,0,260.0,0,10.26,0.0,0,0.0,0,0.0,0,0.0,11540.0,0,11299.0,0,0.0,0,0.0,0,0.0,0,0.0,0,83.34,0,3.0,0,13.31,0,11.89,0,39.317,-76.586,45.0
2024-12-17 11:49:00,2024-12-17,2024-12-17 11:49:00,101.51,0,10.62,0,0.027,96.6,0,0.217,1.235,0,0.004,3.417,0,3.31,0,259.4,0,14.31,0.0,0,0.0,0,0.0,0,0.0,11483.0,0,11324.0,0,0.0,0,0.0,0,0.0,0,0.0,0,83.34,0,3.0,0,13.31,0,11.89,0,39.317,-76.586,45.0
2024-12-17 11:50:00,2024-12-17,2024-12-17 11:50:00,101.51,0,10.61,0,0.029,96.5,0,0.201,1.234,0,0.004,3.651,0,3.573,0,259.5,0,11.83,0.0,0,0.0,0,0.0,0,0.0,12470.0,0,11355.0,0,0.0,0,0.0,0,0.0,0,0.0,0,83.34,0,3.0,0,13.31,0,11.89,0,39.317,-76.586,45.0
2024-12-17 11:51:00,2024-12-17,2024-12-17 11:51:00,101.51,0,10.61,0,0.034,96.5,0,0.259,1.234,0,0.005,3.306,0,3.217,0,256.4,0,13.24,0.0,0,0.0,0,0.0,0,0.0,12198.0,0,11417.0,0,0.0,0,0.0,0,0.0,0,0.0,0,83.34,0,3.0,0,13.31,0,11.89,0,39.317,-76.586,45.0
2024-12-17 11:52:00,2024-12-17,2024-12-17 11:52:00,101.51,0,10.61,0,0.029,96.5,0,0.245,1.234,0,0.005,3.437,0,3.386,0,248.1,0,9.86,0.0,0,0.0,0,0.0,0,0.0,10677.0,0,11343.0,0,0.0,0,0.0,0,0.0,0,0.0,0,83.34,0,3.0,0,13.31,0,11.89,0,39.317,-76.586,45.0
2024-12-17 11:53:00,2024-12-17,2024-12-17 11:53:00,101.51,0,10.61,0,0.031,96.5,0,0.255,1.234,0,0.005,2.465,0,2.369,0,260.2,0,15.97,0.0,0,0.0,0,0.0,0,0.0,12082.0,0,11472.0,0,0.0,0,0.0,0,0.0,0,0.0,0,83.34,0,3.0,0,13.31,0,11.9,0,39.317,-76.586,45.0
2024-12-17 11:54:00,2024-12-17,2024-12-17 11:54:00,101.51,0,10.61,0,0.034,96.5,0,0.254,1.233,0,0.005,2.661,0,2.58,0,251.2,0,14.13,0.0,0,0.0,0,0.0,0,0.0,11682.0,0,11518.0,0,0.0,0,0.0,0,0.0,0,0.0,0,83.34,0,3.0,0,13.31,0,11.9,0,39.317,-76.586,45.0
2024-12-17 11:55:00,2024-12-17,2024-12-17 11:55:00,101.51,0,10.61,0,0.038,96.5,0,0.301,1.233,0,0.006,4.016,0,3.964,0,247.9,0,9.25,0.0,0,0.0,0,0.0,0,0.0,12370.0,0,11623.0,0,0.0,0,0.0,0,0.0,0,0.0,0,83.34,0,3.0,0,13.31,0,11.9,0,39.317,-76.586,45.0
2024-12-17 11:56:00,2024-12-17,2024-12-17 11:56:00,101.51,0,10.62,0,0.031,96.5,0,0.276,1.234,0,0.005,3.708,0,3.596,0,254.9,0,14.04,0.0,0,0.0,0,0.0,0,0.0,12290.0,0,11797.0,0,0.0,0,0.0,0,0.0,0,0.0,0,83.34,0,3.0,0,13.31,0,11.9,0,39.317,-76.586,45.0
2024-12-17 11:57:00,2024-12-17,2024-12-17 11:57:00,101.51,0,10.63,0,0.036,96.4,0,0.229,1.234,0,0.005,2.563,0,2.482,0,246.7,0,14.42,0.0,0,0.0,0,0.0,0,0.0,12670.0,0,11918.0,0,0.0,0,0.0,0,0.0,0,0.0,0,83.34,0,3.0,0,13.31,0,11.9,0,39.317,-76.586,45.0
2024-12-17 11:58:00,2024-12-17,2024-12-17 11:58:00,101.51,0,10.64,0,0.031,96.4,0,0.199,1.235,0,0.004,1.984,0,1.832,0,250.0,0,22.42,0.0,0,0.0,0,0.0,0,0.0,12594.0,0,12022.0,0,0.0,0,0.0,0,0.0,0,0.0,0,83.34,0,3.0,0,13.31,0,11.9,0,39.317,-76.586,45.0
2024-12-17 11:59:00,2024-12-17,2024-12-17 11:59:00,101.5,0,10.64,0,0.035,96.4,0,0.278,1.234,0,0.006,3.662,0,3.609,0,243.3,0,9.74,0.0,0,0.0,0,0.0,0,0.0,13242.0,0,12191.0,0,0.0,0,0.0,0,0.0,0,0.0,0,83.34,0,3.0,0,13.31,0,11.9,0,39.317,-76.586,45.0
2024-12-17 12:00:00,2024-12-17,2024-12-17 12:00:00,101.5,0,10.64,0,0.043,96.3,0,0.214,1.234,0,0.004,2.661,0,2.608,0,251.7,0,11.37,0.0,0,0.0,0,0.0,0,0.0,12143.0,0,12159.0,0,0.0,0,0.0,0,0.0,0,0.0,0,83.34,0,3.0,0,13.31,0,11.91,0,39.317,-76.586,45.0
2024-12-17 12:01:00,2024-12-17,2024-12-17 12:01:00,101.5,0,10.64,0,0.051,96.3,0,0.254,1.234,0,0.006,1.952,0,1.909,0,253.3,0,12.06,0.0,0,0.0,0,0.0,0,0.0,11812.0,0,12120.0,0,0.0,0,0.0,0,0.0,0,0.0,0,83.34,0,3.0,0,13.31,0,11.91,0,39.317,-76.586,45.0
2024-12-17 12:02:00,2024-12-17,2024-12-17 12:02:00,101.5,0,10.62,0,0.034,96.3,0,0.23,1.232,0,0.005,1.232,0,1.196,0,237.9,0,13.67,0.0,0,0.0,0,0.0,0,0.0,11833.0,0,12256.0,0,0.0,0,0.0,0,0.0,0,0.0,0,83.34,0,3.0,0,13.31,0,11.91,0,39.317,-76.586,45.0
2024-12-17 12:03:00,2024-12-17,2024-12-17 12:03:00,101.5,0,10.61,0,0.03,96.3,0,0.205,1.231,0,0.004,2.182,0,2.124,0,244.1,0,13.18,0.0,0,0.0,0,0.0,0,0.0,12055.0,0,12253.0,0,0.0,0,0.0,0,0.0,0,0.0,0,83.34,0,3.0,0,13.31,0,11.91,0,39.317,-76.586,45.0
2024-12-17 12:04:00,2024-12-17,2024-12-17 12:04:00,101.5,0,10.6,0,0.046,96.3,0,0.22,1.231,0,0.005,2.285,0,2.249,0,261.6,0,10.13,0.0,0,0.0,0,0.0,0,0.0,11172.0,0,12195.0,0,0.0,0,0.0,0,0.0,0,0.0,0,83.34,0,3.0,0,13.31,0,11.91,0,39.317,-76.586,45.0
2024-12-17 12:05:00,2024-12-17,2024-12-17 12:05:00,101.5,0,10.61,0,0.033,96.4,0,0.217,1.232,0,0.005,2.496,0,2.392,0,251.6,0,16.53,0.0,0,0.0,0,0.0,0,0.0,11348.0,0,12087.0,0,0.0,0,0.0,0,0.0,0,0.0,0,83.34,0,3.0,0,13.31,0,11.91,0,39.317,-76.586,45.0
2024-12-17 12:06:00,2024-12-17,2024-12-17 12:06:00,101.5,0,10.63,0,0.036,96.4,0,0.248,1.233,0,0.005,3.172,0,3.075,0,255.1,0,14.17,0.0,0,0.0,0,0.0,0,0.0,12402.0,0,12098.0,0,0.0,0,0.0,0,0.0,0,0.0,0,83.34,0,3.0,0,13.31,0,11.91,0,39.317,-76.586,45.0
2024-12-17 12:07:00,2024-12-17,2024-12-17 12:07:00,101.51,0,10.63,0,0.045,96.4,0,0.227,1.234,0,0.005,2.858,0,2.812,0,248.3,0,10.35,0.0,0,0.0,0,0.0,0,0.0,11187.0,0,11947.0,0,0.0,0,0.0,0,0.0,0,0.0,0,83.34,0,3.0,0,13.31,0,11.91,0,39.317,-76.586,45.0
2024-12-17 12:08:00,2024-12-17,2024-12-17 12:08:00,101.5,0,10.63,0,0.033,96.4,0,0.23,1.233,0,0.005,1.989,0,1.945,0,254.4,0,12.05,0.0,0,0.0,0,0.0,0,0.0,11458.0,0,11836.0,0,0.0,0,0.0,0,0.0,0,0.0,0,83.34,0,3.0,0,13.31,0,11.91,0,39.317,-76.586,45.0
2024-12-17 12:09:00,2024-12-17,2024-12-17 12:09:00,101.5,0,10.62,0,0.031,96.4,0,0.24,1.233,0,0.005,2.992,0,2.916,0,245.8,0,12.9,0.0,0,0.0,0,0.0,0,0.0,10520.0,0,11568.0,0,0.0,0,0.0,0,0.0,0,0.0,0,83.34,0,3.0,0,13.31,0,11.92,0,39.317,-76.586,45.0
2024-12-17 12:10:00,2024-12-17,2024-12-17 12:10:00,101.51,0,10.63,0,0.029,96.4,0,0.212,1.235,0,0.004,3.677,0,3.644,0,242.2,0,7.61,0.0,0,0.0,0,0.0,0,0.0,10729.0,0,11425.0,0,0.0,0,0.0,0,0.0,0,0.0,0,83.34,0,3.0,0,13.31,0,11.91,0,39.317,-76.586,45.0
2024-12-17 12:11:00,2024-12-17,2024-12-17 12:11:00,101.52,0,10.65,0,0.028,96.4,0,0.239,1.235,0,0.005,2.502,0,2.426,0,247.8,0,14.17,0.0,0,0.0,0,0.0,0,0.0,11469.0,0,11392.0,0,0.0,0,0.0,0,0.0,0,0.0,0,83.34,0,3.0,0,13.31,0,11.92,0,39.317,-76.586,45.0
2024-12-17 12:12:00,2024-12-17,2024-12-17 12:12:00,101.52,0,10.65,0,0.028,96.4,0,0.243,1.236,0,0.005,3.316,0,3.241,0,258.6,0,12.16,0.0,0,0.0,0,0.0,0,0.0,12597.0,0,11458.0,0,0.0,0,0.0,0,0.0,0,0.0,0,83.34,0,3.0,0,13.31,0,11.92,0,39.317,-76.586,45.0
2024-12-17 12:13:00,2024-12-17,2024-12-17 12:13:00,101.53,0,10.66,0,0.033,96.3,0,0.27,1.235,0,0.005,2.582,0,2.482,0,255.3,0,15.97,0.0,0,0.0,0,0.0,0,0.0,11528.0,0,11409.0,0,0.0,0,0.0,0,0.0,0,0.0,0,83.34,0,3.0,0,13.31,0,11.92,0,39.317,-76.586,45.0
2024-12-17 12:14:00,2024-12-17,2024-12-17 12:14:00,101.53,0,10.65,0,0.032,96.3,0,0.254,1.234,0,0.005,2.323,0,2.267,0,255.1,0,12.49,0.0,0,0.0,0,0.0,0,0.0,11538.0,0,11446.0,0,0.0,0,0.0,0,0.0,0,0.0,0,83.34,0,3.0,0,13.31,0,11.92,0,39.317,-76.586,45.0
2024-12-17 12:15:00,2024-12-17,2024-12-17 12:15:00,101.53,0,10.64,0,0.031,96.3,0,0.207,1.233,0,0.004,3.474,0,3.369,0,271.9,0,14.09,0.0,0,0.0,0,0.0,0,0.0,10579.0,0,11363.0,0,0.0,0,0.0,0,0.0,0,0.0,0,83.34,0,3.0,0,13.31,0,11.92,0,39.317,-76.586,45.0
2024-12-17 12:16:00,2024-12-17,2024-12-17 12:16:00,101.53,0,10.64,0,0.03,96.3,0,0.211,1.234,0,0.005,3.43,0,3.364,0,256.4,0,11.22,0.0,0,0.0,0,0.0,0,0.0,11415.0,0,11273.0,0,0.0,0,0.0,0,0.0,0,0.0,0,83.34,0,3.0,0,13.31,0,11.92,0,39.317,-76.586,45.0
2024-12-17 12:17:00,2024-12-17,2024-12-17 12:17:00,101.54,0,10.64,0,0.032,96.3,0,0.215,1.234,0,0.004,2.18,0,2.133,0,248.9,0,11.92,0.0,0,0.0,0,0.0,0,0.0,11487.0,0,11303.0,0,0.0,0,0.0,0,0.0,0,0.0,0,83.34,0,3.0,0,13.31,0,11.92,0,39.317,-76.586,45.0
2024-12-17 12:18:00,2024-12-17,2024-12-17 12:18:00,101.54,0,10.63,0,0.03,96.3,0,0.236,1.233,0,0.005,2.465,0,2.415,0,251.5,0,11.55,0.0,0,0.0,0,0.0,0,0.0,11551.0,0,11312.0,0,0.0,0,0.0,0,0.0,0,0.0,0,83.34,0,3.0,0,13.31,0,11.93,0,39.317,-76.586,45.0
2024-12-17 12:19:00,2024-12-17,2024-12-17 12:19:00,101.54,0,10.62,0,0.03,96.4,0,0.255,1.232,0,0.005,3.198,0,3.107,0,246.4,0,13.67,0.0,0,0.0,0,0.0,0,0.0,11628.0,0,11429.0,0,0.0,0,0.0,0,0.0,0,0.0,0,83.34,0,3.0,0,13.31,0,11.93,0,39.317,-76.586,45.0
2024-12-17 12:20:00,2024-12-17,2024-12-17 12:20:00,101.53,0,10.63,0,0.036,96.4,0,0.24,1.233,0,0.005,4.043,0,3.927,0,260.0,0,13.67,0.0,0,0.0,0,0.0,0,0.0,11428.0,0,11504.0,0,0.0,0,0.0,0,0.0,0,0.0,0,83.34,0,3.0,0,13.31,0,11.93,0,39.317,-76.586,45.0
2024-12-17 12:21:00,2024-12-17,2024-12-17 12:21:00,101.53,0,10.64,0,0.03,96.4,0,0.208,1.235,0,0.004,2.754,0,2.64,0,255.3,0,16.46,0.0,0,0.0,0,0.0,0,0.0,11564.0,0,11514.0,0,0.0,0,0.0,0,0.0,0,0.0,0,83.34,0,3.0,0,13.31,0,11.93,0,39.317,-76.586,45.0
2024-12-17 12:22:00,2024-12-17,2024-12-17 12:22:00,101.52,0,10.65,0,0.031,96.4,0,0.257,1.235,0,0.005,3.58,0,3.496,0,254.5,0,12.46,0.0,0,0.0,0,0.0,0,0.0,11928.0,0,11455.0,0,0.0,0,0.0,0,0.0,0,0.0,0,83.34,0,3.0,0,13.31,0,11.93,0,39.317,-76.586,45.0
2024-12-17 12:23:00,2024-12-17,2024-12-17 12:23:00,101.53,0,10.65,0,0.039,96.3,0,0.255,1.235,0,0.006,2.221,0,2.153,0,255.7,0,14.25,0.0,0,0.0,0,0.0,0,0.0,11207.0,0,11422.0,0,0.0,0,0.0,0,0.0,0,0.0,0,83.34,0,3.0,0,13.31,0,11.93,0,39.317,-76.586,45.0
2024-12-17 12:24:00,2024-12-17,2024-12-17 12:24:00,101.53,0,10.63,0,0.038,96.3,0,0.216,1.233,0,0.005,2.551,0,2.502,0,263.6,0,11.26,0.0,0,0.0,0,0.0,0,0.0,12210.0,0,11485.0,0,0.0,0,0.0,0,0.0,0,0.0,0,83.34,0,3.0,0,13.31,0,11.93,0,39.317,-76.586,45.0
2024-12-17 12:25:00,2024-12-17,2024-12-17 12:25:00,101.53,0,10.61,0,0.035,96.2,0,0.246,1.23,0,0.005,2.409,0,2.334,0,262.7,0,14.28,0.0,0,0.0,0,0.0,0,0.0,10381.0,0,11461.0,0,0.0,0,0.0,0,0.0,0,0.0,0,83.34,0,3.0,0,13.31,0,11.93,0,39.317,-76.586,45.0
2024-12-17 12:26:00,2024-12-17,2024-12-17 12:26:00,101.52,0,10.62,0,0.03,96.3,0,0.254,1.232,0,0.005,3.066,0,2.994,0,262.4,0,12.37,0.0,0,0.0,0,0.0,0,0.0,11421.0,0,11462.0,0,0.0,0,0.0,0,0.0,0,0.0,0,83.34,0,3.0,0,13.31,0,11.93,0,39.317,-76.586,45.0
2024-12-17 12:27:00,2024-12-17,2024-12-17 12:27:00,101.53,0,10.62,0,0.032,96.3,0,0.265,1.232,0,0.005,2.599,0,2.477,0,262.3,0,17.5,0.0,0,0.0,0,0.0,0,0.0,10771.0,0,11386.0,0,0.0,0,0.0,0,0.0,0,0.0,0,83.34,0,3.0,0,13.31,0,11.93,0,39.317,-76.586,45.0
2024-12-17 12:28:00,2024-12-17,2024-12-17 12:28:00,101.53,0,10.62,0,0.044,96.4,0,0.239,1.233,0,0.005,2.679,0,2.572,0,265.4,0,16.19,0.0,0,0.0,0,0.0,0,0.0,10405.0,0,11264.0,0,0.0,0,0.0,0,0.0,0,0.0,0,83.34,0,3.0,0,13.31,0,11.94,0,39.317,-76.586,45.0
2024-12-17 12:29:00,2024-12-17,2024-12-17 12:29:00,101.53,0,10.61,0,0.041,96.3,0,0.232,1.231,0,0.005,2.682,0,2.621,0,258.9,0,12.22,0.0,0,0.0,0,0.0,0,0.0,10943.0,0,11196.0,0,0.0,0,0.0,0,0.0,0,0.0,0,83.34,0,3.0,0,13.31,0,11.94,0,39.317,-76.586,45.0
2024-12-17 12:30:00,2024-12-17,2024-12-17 12:30:00,101.52,0,10.61,0,0.064,96.4,0,0.272,1.232,0,0.007,2.863,0,2.786,0,270.9,0,13.31,0.0,0,0.0,0,0.0,0,0.0,11962.0,0,11245.0,0,0.0,0,0.0,0,0.0,0,0.0,0,83.34,0,3.0,0,13.31,0,11.94,0,39.317,-76.586,45.0
2024-12-17 12:31:00,2024-12-17,2024-12-17 12:31:00,101.52,0,10.62,0,0.031,96.4,0,0.264,1.233,0,0.005,2.702,0,2.606,0,256.7,0,15.21,0.0,0,0.0,0,0.0,0,0.0,11864.0,0,11273.0,0,0.0,0,0.0,0,0.0,0,0.0,0,83.34,0,3.0,0,13.31,0,11.94,0,39.317,-76.586,45.0
2024-12-17 12:32:00,2024-12-17,2024-12-17 12:32:00,101.52,0,10.62,0,0.028,96.3,0,0.239,1.232,0,0.005,2.29,0,2.209,0,279.5,0,15.27,0.0,0,0.0,0,0.0,0,0.0,11419.0,0,11226.0,0,0.0,0,0.0,0,0.0,0,0.0,0,83.34,0,3.0,0,13.31,0,11.94,0,39.317,-76.586,45.0
2024-12-17 12:33:00,2024-12-17,2024-12-17 12:33:00,101.53,0,10.61,0,0.035,96.5,0,0.284,1.233,0,0.005,2.478,0,2.363,0,266.5,0,17.41,0.0,0,0.0,0,0.0,0,0.0,11304.0,0,11235.0,0,0.0,0,0.0,0,0.0,0,0.0,0,83.34,0,3.0,0,13.31,0,11.94,0,39.317,-76.586,45.0
2024-12-17 12:34:00,2024-12-17,2024-12-17 12:34:00,101.53,0,10.61,0,0.033,96.4,0,0.265,1.232,0,0.005,2.582,0,2.512,0,264.8,0,13.33,0.0,0,0.0,0,0.0,0,0.0,11077.0,0,11131.0,0,0.0,0,0.0,0,0.0,0,0.0,0,83.34,0,3.0,0,13.31,0,11.94,0,39.317,-76.586,45.0
2024-12-17 12:35:00,2024-12-17,2024-12-17 12:35:00,101.53,0,10.6,0,0.034,96.4,0,0.242,1.231,0,0.005,3.829,0,3.774,0,265.1,0,9.7,0.0,0,0.0,0,0.0,0,0.0,9973.0,0,11082.0,0,0.0,0,0.0,0,0.0,0,0.0,0,83.34,0,3.0,0,13.31,0,11.94,0,39.317,-76.586,45.0
2024-12-17 12:36:00,2024-12-17,2024-12-17 12:36:00,101.53,0,10.62,0,0.037,96.4,0,0.254,1.233,0,0.005,2.646,0,2.596,0,268.3,0,11.16,0.0,0,0.0,0,0.0,0,0.0,11059.0,0,11047.0,0,0.0,0,0.0,0,0.0,0,0.0,0,83.34,0,3.0,0,13.31,0,11.94,0,39.317,-76.586,45.0
2024-12-17 12:37:00,2024-12-17,2024-12-17 12:37:00,101.52,0,10.62,0,0.033,96.4,0,0.238,1.233,0,0.005,2.762,0,2.697,0,253.6,0,12.42,0.0,0,0.0,0,0.0,0,0.0,11149.0,0,11085.0,0,0.0,0,0.0,0,0.0,0,0.0,0,83.34,0,3.0,0,13.31,0,11.94,0,39.317,-76.586,45.0
2024-12-17 12:38:00,2024-12-17,2024-12-17 12:38:00,101.53,0,10.62,0,0.035,96.3,0,0.217,1.232,0,0.005,2.551,0,2.444,0,269.3,0,16.57,0.0,0,0.0,0,0.0,0,0.0,9504.0,0,10975.0,0,0.0,0,0.0,0,0.0,0,0.0,0,83.34,0,3.0,0,13.31,0,11.95,0,39.317,-76.586,45.0
2024-12-17 12:39:00,2024-12-17,2024-12-17 12:39:00,101.53,0,10.61,0,0.033,96.4,0,0.248,1.232,0,0.005,2.506,0,2.451,0,265.0,0,11.97,0.0,0,0.0,0,0.0,0,0.0,10666.0,0,10946.0,0,0.0,0,0.0,0,0.0,0,0.0,0,83.34,0,3.0,0,13.31,0,11.95,0,39.317,-76.586,45.0
2024-12-17 12:40:00,2024-12-17,2024-12-17 12:40:00,101.53,0,10.62,0,0.031,96.4,0,0.263,1.232,0,0.005,1.805,0,1.75,0,261.5,0,14.07,0.0,0,0.0,0,0.0,0,0.0,10548.0,0,10813.0,0,0.0,0,0.0,0,0.0,0,0.0,0,83.34,0,3.0,0,13.31,0,11.95,0,39.317,-76.586,45.0
2024-12-17 12:41:00,2024-12-17,2024-12-17 12:41:00,101.53,0,10.59,0,0.036,96.4,0,0.243,1.231,0,0.005,2.151,0,2.126,0,265.6,0,8.77,0.0,0,0.0,0,0.0,0,0.0,11021.0,0,10739.0,0,0.0,0,0.0,0,0.0,0,0.0,0,83.34,0,3.0,0,13.31,0,11.95,0,39.317,-76.586,45.0
2024-12-17 12:42:00,2024-12-17,2024-12-17 12:42:00,101.53,0,10.59,0,0.031,96.4,0,0.226,1.23,0,0.005,2.081,0,2.045,0,259.5,0,10.57,0.0,0,0.0,0,0.0,0,0.0,9939.0,0,10590.0,0,0.0,0,0.0,0,0.0,0,0.0,0,83.34,0,3.0,0,13.31,0,11.95,0,39.317,-76.586,45.0
2024-12-17 12:43:00,2024-12-17,2024-12-17 12:43:00,101.54,0,10.6,0,0.034,96.5,0,0.241,1.232,0,0.005,2.589,0,2.499,0,258.3,0,15.12,0.0,0,0.0,0,0.0,0,0.0,10611.0,0,10526.0,0,0.0,0,0.0,0,0.0,0,0.0,0,83.34,0,3.0,0,13.31,0,11.95,0,39.317,-76.586,45.0
2024-12-17 12:44:00,2024-12-17,2024-12-17 12:44:00,101.54,0,10.6,0,0.028,96.5,0,0.255,1.233,0,0.005,2.506,0,2.443,0,251.5,0,12.83,0.0,0,0.0,0,0.0,0,0.0,10387.0,0,10460.0,0,0.0,0,0.0,0,0.0,0,0.0,0,83.34,0,3.0,0,13.31,0,11.95,0,39.317,-76.586,45.0
2024-12-17 12:45:00,2024-12-17,2024-12-17 12:45:00,101.54,0,10.59,0,0.037,96.5,0,0.235,1.232,0,0.005,2.107,0,2.052,0,249.0,0,13.04,0.0,0,0.0,0,0.0,0,0.0,10028.0,0,10466.0,0,0.0,0,0.0,0,0.0,0,0.0,0,83.34,0,3.0,0,13.3,0,11.95,0,39.317,-76.586,45.0
2024-12-17 12:46:00,2024-12-17,2024-12-17 12:46:00,101.54,0,10.59,0,0.032,96.4,0,0.206,1.231,0,0.004,2.465,0,2.407,0,250.6,0,12.41,0.0,0,0.0,0,0.0,0,0.0,10496.0,0,10413.0,0,0.0,0,0.0,0,0.0,0,0.0,0,83.34,0,3.0,0,13.31,0,11.96,0,39.317,-76.586,45.0
2024-12-17 12:47:00,2024-12-17,2024-12-17 12:47:00,101.55,0,10.6,0,0.032,96.5,0,0.244,1.233,0,0.005,1.893,0,1.832,0,241.2,0,14.51,0.0,0,0.0,0,0.0,0,0.0,10381.0,0,10342.0,0,0.0,0,0.0,0,0.0,0,0.0,0,83.34,0,3.0,0,13.31,0,11.96,0,39.317,-76.586,45.0
2024-12-17 12:48:00,2024-12-17,2024-12-17 12:48:00,101.55,0,10.61,0,0.048,96.6,0,0.245,1.234,0,0.006,2.182,0,2.077,0,253.2,0,17.81,0.0,0,0.0,0,0.0,0,0.0,9651.0,0,10359.0,0,0.0,0,0.0,0,0.0,0,0.0,0,83.34,0,3.0,0,13.31,0,11.96,0,39.317,-76.586,45.0
2024-12-17 12:49:00,2024-12-17,2024-12-17 12:49:00,101.55,0,10.61,0,0.031,96.5,0,0.222,1.234,0,0.005,1.901,0,1.84,0,255.5,0,14.52,0.0,0,0.0,0,0.0,0,0.0,9593.0,0,10247.0,0,0.0,0,0.0,0,0.0,0,0.0,0,83.34,0,3.0,0,13.31,0,11.96,0,39.317,-76.586,45.0
2024-12-17 12:50:00,2024-12-17,2024-12-17 12:50:00,101.55,0,10.62,0,0.031,96.6,0,0.212,1.235,0,0.004,2.36,0,2.294,0,253.8,0,13.55,0.0,0,0.0,0,0.0,0,0.0,9914.0,0,10184.0,0,0.0,0,0.0,0,0.0,0,0.0,0,83.34,0,3.0,0,13.31,0,11.96,0,39.317,-76.586,45.0
2024-12-17 12:51:00,2024-12-17,2024-12-17 12:51:00,101.56,0,10.62,0,0.034,96.6,0,0.239,1.236,0,0.005,2.275,0,2.23,0,249.6,0,11.37,0.0,0,0.0,0,0.0,0,0.0,9797.0,0,10068.0,0,0.0,0,0.0,0,0.0,0,0.0,0,83.34,0,3.0,0,13.31,0,11.97,0,39.317,-76.586,45.0
2024-12-17 12:52:00,2024-12-17,2024-12-17 12:52:00,101.56,0,10.63,0,0.034,96.5,0,0.222,1.235,0,0.005,2.411,0,2.34,0,240.2,0,13.88,0.0,0,0.0,0,0.0,0,0.0,9897.0,0,10064.0,0,0.0,0,0.0,0,0.0,0,0.0,0,83.34,0,3.0,0,13.31,0,11.97,0,39.317,-76.586,45.0
2024-12-17 12:53:00,2024-12-17,2024-12-17 12:53:00,101.57,0,10.63,0,0.035,96.5,0,0.234,1.235,0,0.005,2.466,0,2.357,0,247.2,0,17.09,0.0,0,0.0,0,0.0,0,0.0,9660.0,0,9970.0,0,10.0,0,10.0,0,10.0,0,0.0,0,83.34,0,3.0,0,13.31,0,11.97,0,39.317,-76.586,45.0
2024-12-17 12:54:00,2024-12-17,2024-12-17 12:54:00,101.56,0,10.63,0,0.034,96.6,0,0.244,1.236,0,0.005,1.749,0,1.651,0,249.9,0,19.17,0.0,0,0.0,0,0.0,0,0.0,9792.0,0,9913.0,0,10.0,0,10.0,0,10.0,0,0.0,0,83.34,0,3.0,0,13.31,0,11.97,0,39.317,-76.586,45.0
2024-12-17 12:55:00,2024-12-17,2024-12-17 12:55:00,101.56,0,10.63,0,0.037,96.6,0,0.256,1.237,0,0.005,2.38,0,2.296,0,257.3,0,15.24,0.0,0,0.0,0,0.0,0,0.0,10425.0,0,9950.0,0,10.0,0,10.0,0,10.0,0,0.0,0,83.34,0,3.0,0,13.31,0,11.97,0,39.317,-76.586,45.0
2024-12-17 12:56:00,2024-12-17,2024-12-17 12:56:00,101.56,0,10.64,0,0.031,96.5,0,0.212,1.236,0,0.004,2.151,0,2.062,0,246.8,0,16.48,0.0,0,0.0,0,0.0,0,0.0,10329.0,0,9935.0,0,10.0,0,10.0,0,10.0,0,0.0,0,83.34,0,3.0,0,13.31,0,11.98,0,39.317,-76.586,45.0
2024-12-17 12:57:00,2024-12-17,2024-12-17 12:57:00,101.56,0,10.64,0,0.027,96.5,0,0.231,1.236,0,0.004,1.759,0,1.649,0,247.0,0,20.24,0.0,0,0.0,0,0.0,0,0.0,12299.0,0,10085.0,0,0.0,0,0.0,0,0.0,0,0.0,0,83.34,0,3.0,0,13.31,0,11.98,0,39.317,-76.586,45.0
2024-12-17 12:58:00,2024-12-17,2024-12-17 12:58:00,101.57,0,10.65,0,0.039,96.5,0,0.244,1.237,0,0.005,1.922,0,1.774,0,248.3,0,22.5,0.0,0,0.0,0,0.0,0,0.0,10571.0,0,10178.0,0,0.0,0,0.0,0,0.0,0,0.0,0,83.34,0,3.0,0,13.3,0,11.98,0,39.317,-76.586,45.0
2024-12-17 12:59:00,2024-12-17,2024-12-17 12:59:00,101.57,0,10.66,0,0.032,96.5,0,0.236,1.237,0,0.005,1.522,0,1.464,0,249.7,0,15.87,0.0,0,0.0,0,0.0,0,0.0,10748.0,0,10295.0,0,0.0,0,0.0,0,0.0,0,0.0,0,83.34,0,3.0,0,13.31,0,11.98,0,39.317,-76.586,45.0
2024-12-17 13:00:00,2024-12-17,2024-12-17 13:00:00,101.57,0,10.67,0,0.037,96.4,0,0.238,1.237,0,0.005,1.942,0,1.906,0,254.4,0,11.09,0.0,0,0.0,0,0.0,0,0.0,9440.0,0,10242.0,0,0.0,0,0.0,0,0.0,0,0.0,0,83.34,0,3.0,0,13.3,0,11.99,0,39.317,-76.586,45.0
2024-12-17 13:01:00,2024-12-17,2024-12-17 13:01:00,101.57,0,10.68,0,0.031,96.4,0,0.216,1.238,0,0.005,2.138,0,2.101,0,251.8,0,10.69,0.0,0,0.0,0,0.0,0,0.0,10980.0,0,10359.0,0,0.0,0,0.0,0,0.0,0,0.0,0,83.34,0,3.0,0,13.3,0,11.99,0,39.317,-76.586,45.0
2024-12-17 13:02:00,2024-12-17,2024-12-17 13:02:00,101.57,0,10.68,0,0.058,96.4,0,0.237,1.237,0,0.005,2.587,0,2.489,0,252.2,0,15.76,0.0,0,0.0,0,0.0,0,0.0,10705.0,0,10441.0,0,0.0,0,0.0,0,0.0,0,0.0,0,83.34,0,3.0,0,13.31,0,11.99,0,39.317,-76.586,45.0
2024-12-17 13:03:00,2024-12-17,2024-12-17 13:03:00,101.57,0,10.7,0,0.035,96.4,0,0.237,1.24,0,0.005,2.429,0,2.237,0,241.9,0,22.75,0.0,0,0.0,0,0.0,0,0.0,10517.0,0,10534.0,0,0.0,0,0.0,0,0.0,0,0.0,0,83.34,0,3.0,0,13.31,0,11.99,0,39.317,-76.586,45.0
2024-12-17 13:04:00,2024-12-17,2024-12-17 13:04:00,101.57,0,10.71,0,0.031,96.3,0,0.225,1.239,0,0.004,2.633,0,2.549,0,257.2,0,14.44,0.0,0,0.0,0,0.0,0,0.0,10351.0,0,10596.0,0,0.0,0,0.0,0,0.0,0,0.0,0,83.34,0,3.0,0,13.31,0,12.0,0,39.317,-76.586,45.0
2024-12-17 13:05:00,2024-12-17,2024-12-17 13:05:00,101.58,0,10.71,0,0.027,96.3,0,0.243,1.239,0,0.005,1.824,0,1.754,0,250.9,0,15.9,0.0,0,0.0,0,0.0,0,0.0,10784.0,0,10632.0,0,0.0,0,0.0,0,0.0,0,0.0,0,83.34,0,3.0,0,13.31,0,12.0,0,39.317,-76.586,45.0
2024-12-17 13:06:00,2024-12-17,2024-12-17 13:06:00,101.57,0,10.73,0,0.036,96.3,0,0.209,1.24,0,0.005,2.06,0,2.015,0,262.7,0,11.89,0.0,0,0.0,0,0.0,0,0.0,10867.0,0,10686.0,0,0.0,0,0.0,0,0.0,0,0.0,0,83.34,0,3.0,0,13.31,0,12.01,0,39.317,-76.586,45.0
2024-12-17 13:07:00,2024-12-17,2024-12-17 13:07:00,101.57,0,10.72,0,0.03,96.2,0,0.226,1.239,0,0.005,3.283,0,3.245,0,238.1,0,8.74,0.0,0,0.0,0,0.0,0,0.0,10328.0,0,10512.0,0,0.0,0,0.0,0,0.0,0,0.0,0,83.34,0,3.0,0,13.31,0,12.01,0,39.317,-76.586,45.0
2024-12-17 13:08:00,2024-12-17,2024-12-17 13:08:00,101.57,0,10.72,0,0.036,96.3,0,0.238,1.24,0,0.005,2.334,0,2.267,0,252.4,0,13.69,0.0,0,0.0,0,0.0,0,0.0,10433.0,0,10498.0,0,0.0,0,0.0,0,0.0,0,0.0,0,83.34,0,3.0,0,13.31,0,12.01,0,39.317,-76.586,45.0
2024-12-17 13:09:00,2024-12-17,2024-12-17 13:09:00,101.57,0,10.72,0,0.026,96.2,0,0.202,1.239,0,0.004,2.742,0,2.649,0,244.7,0,14.93,0.0,0,0.0,0,0.0,0,0.0,11410.0,0,10558.0,0,0.0,0,0.0,0,0.0,0,0.0,0,83.34,0,3.0,0,13.31,0,12.01,0,39.317,-76.586,45.0
2024-12-17 13:10:00,2024-12-17,2024-12-17 13:10:00,101.57,0,10.73,0,0.034,96.2,0,0.25,1.24,0,0.005,2.076,0,2.001,0,245.5,0,15.38,0.0,0,0.0,0,0.0,0,0.0,11016.0,0,10729.0,0,0.0,0,0.0,0,0.0,0,0.0,0,83.34,0,3.0,0,13.31,0,12.02,0,39.317,-76.586,45.0
2024-12-17 13:11:00,2024-12-17,2024-12-17 13:11:00,101.57,0,10.74,0,0.033,96.2,0,0.198,1.241,0,0.004,2.114,0,2.051,0,249.7,0,13.9,0.0,0,0.0,0,0.0,0,0.0,11045.0,0,10735.0,0,0.0,0,0.0,0,0.0,0,0.0,0,83.34,0,3.0,0,13.3,0,12.02,0,39.317,-76.586,45.0
2024-12-17 13:12:00,2024-12-17,2024-12-17 13:12:00,101.57,0,10.75,0,0.031,96.2,0,0.197,1.241,0,0.004,2.925,0,2.821,0,228.7,0,15.27,0.0,0,0.0,0,0.0,0,0.0,10578.0,0,10723.0,0,0.0,0,0.0,0,0.0,0,0.0,0,83.34,0,3.0,0,13.3,0,12.03,0,39.317,-76.586,45.0
2024-12-17 13:13:00,2024-12-17,2024-12-17 13:13:00,101.57,0,10.75,0,0.027,96.1,0,0.195,1.24,0,0.004,1.821,0,1.754,0,239.8,0,15.55,0.0,0,0.0,0,0.0,0,0.0,10379.0,0,10708.0,0,0.0,0,0.0,0,0.0,0,0.0,0,83.34,0,3.0,0,13.31,0,12.03,0,39.317,-76.586,45.0
2024-12-17 13:14:00,2024-12-17,2024-12-17 13:14:00,101.57,0,10.75,0,0.033,96.2,0,0.215,1.241,0,0.004,2.555,0,2.51,0,240.6,0,10.72,0.0,0,0.0,0,0.0,0,0.0,9851.0,0,10652.0,0,0.0,0,0.0,0,0.0,0,0.0,0,83.34,0,3.0,0,13.3,0,12.04,0,39.317,-76.586,45.0
2024-12-17 13:15:00,2024-12-17,2024-12-17 13:15:00,101.58,0,10.76,0,0.033,96.1,0,0.208,1.241,0,0.004,2.019,0,1.979,0,238.9,0,11.41,0.0,0,0.0,0,0.0,0,0.0,10900.0,0,10663.0,0,0.0,0,0.0,0,0.0,0,0.0,0,83.34,0,3.0,0,13.3,0,12.04,0,39.317,-76.586,45.0
2024-12-17 13:16:00,2024-12-17,2024-12-17 13:16:00,101.57,0,10.78,0,0.032,96.2,0,0.24,1.243,0,0.005,1.39,0,1.309,0,246.1,0,19.59,0.0,0,0.0,0,0.0,0,0.0,11265.0,0,10700.0,0,0.0,0,0.0,0,0.0,0,0.0,0,83.34,0,3.0,0,13.3,0,12.05,0,39.317,-76.586,45.0
2024-12-17 13:17:00,2024-12-17,2024-12-17 13:17:00,101.58,0,10.78,0,0.034,96.2,0,0.23,1.243,0,0.005,2.236,0,2.168,0,237.5,0,14.17,0.0,0,0.0,0,0.0,0,0.0,10704.0,0,10739.0,0,0.0,0,0.0,0,0.0,0,0.0,0,83.34,0,3.0,0,13.3,0,12.05,0,39.317,-76.586,45.0
2024-12-17 13:18:00,2024-12-17,2024-12-17 13:18:00,101.58,0,10.78,0,0.032,96.1,0,0.229,1.243,0,0.005,2.594,0,2.508,0,243.4,0,14.72,0.0,0,0.0,0,0.0,0,0.0,11150.0,0,10811.0,0,0.0,0,0.0,0,0.0,0,0.0,0,83.34,0,3.0,0,13.3,0,12.06,0,39.317,-76.586,45.0
2024-12-17 13:19:00,2024-12-17,2024-12-17 13:19:00,101.58,0,10.8,0,0.031,96.1,0,0.215,1.244,0,0.005,3.275,0,3.075,0,245.2,0,20.01,0.0,0,0.0,0,0.0,0,0.0,11542.0,0,10823.0,0,0.0,0,0.0,0,0.0,0,0.0,0,83.34,0,3.0,0,13.3,0,12.06,0,39.317,-76.586,45.0
2024-12-17 13:20:00,2024-12-17,2024-12-17 13:20:00,101.58,0,10.81,0,0.036,96.1,0,0.237,1.244,0,0.005,2.816,0,2.712,0,256.2,0,15.53,0.0,0,0.0,0,0.0,0,0.0,11679.0,0,10884.0,0,0.0,0,0.0,0,0.0,0,0.0,0,83.34,0,3.0,0,13.3,0,12.07,0,39.317,-76.586,45.0
2024-12-17 13:21:00,2024-12-17,2024-12-17 13:21:00,101.58,0,10.82,0,0.03,96.0,0,0.256,1.245,0,0.005,2.096,0,2.006,0,250.0,0,16.79,0.0,0,0.0,0,0.0,0,0.0,12426.0,0,11004.0,0,0.0,0,0.0,0,0.0,0,0.0,0,83.34,0,3.0,0,13.31,0,12.07,0,39.317,-76.586,45.0
2024-12-17 13:22:00,2024-12-17,2024-12-17 13:22:00,101.59,0,10.84,0,0.031,96.1,0,0.239,1.247,0,0.005,1.976,0,1.757,0,231.2,0,26.96,0.0,0,0.0,0,0.0,0,0.0,11959.0,0,11138.0,0,0.0,0,0.0,0,0.0,0,0.0,0,83.34,0,3.0,0,13.3,0,12.08,0,39.317,-76.586,45.0
2024-12-17 13:23:00,2024-12-17,2024-12-17 13:23:00,101.58,0,10.85,0,0.032,96.0,0,0.249,1.247,0,0.005,3.138,0,3.039,0,255.5,0,14.34,0.0,0,0.0,0,0.0,0,0.0,10776.0,0,11182.0,0,0.0,0,0.0,0,0.0,0,0.0,0,83.34,0,3.0,0,13.31,0,12.08,0,39.317,-76.586,45.0
2024-12-17 13:24:00,2024-12-17,2024-12-17 13:24:00,101.58,0,10.88,0,0.03,96.0,0,0.231,1.25,0,0.004,2.452,0,2.356,0,254.5,0,16.03,0.0,0,0.0,0,0.0,0,0.0,13174.0,0,11512.0,0,0.0,0,0.0,0,0.0,0,0.0,0,83.34,0,3.0,0,13.3,0,12.09,0,39.317,-76.586,45.0
2024-12-17 13:25:00,2024-12-17,2024-12-17 13:25:00,101.58,0,10.9,0,0.031,96.1,0,0.23,1.252,0,0.005,2.381,0,2.325,0,247.6,0,12.46,0.0,0,0.0,0,0.0,0,0.0,11758.0,0,11601.0,0,0.0,0,0.0,0,0.0,0,0.0,0,83.34,0,3.0,0,13.3,0,12.1,0,39.317,-76.586,45.0
2024-12-17 13:26:00,2024-12-17,2024-12-17 13:26:00,101.58,0,10.92,0,0.036,95.9,0,0.236,1.252,0,0.005,2.094,0,1.978,0,246.7,0,19.1,0.0,0,0.0,0,0.0,0,0.0,12554.0,0,11725.0,0,0.0,0,0.0,0,0.0,0,0.0,0,83.34,0,3.0,0,13.31,0,12.1,0,39.317,-76.586,45.0
2024-12-17 13:27:00,2024-12-17,2024-12-17 13:27:00,101.58,0,10.94,0,0.028,96.0,0,0.24,1.253,0,0.005,2.265,0,2.207,0,264.4,0,13.02,0.0,0,0.0,0,0.0,0,0.0,11487.0,0,11813.0,0,0.0,0,0.0,0,0.0,0,0.0,0,83.34,0,3.0,0,13.3,0,12.11,0,39.317,-76.586,45.0
2024-12-17 13:28:00,2024-12-17,2024-12-17 13:28:00,101.58,0,10.93,0,0.031,95.9,0,0.316,1.253,0,0.005,3.278,0,3.184,0,260.2,0,13.69,0.0,0,0.0,0,0.0,0,0.0,11301.0,0,11830.0,0,0.0,0,0.0,0,0.0,0,0.0,0,83.34,0,3.0,0,13.3,0,12.12,0,39.317,-76.586,45.0
2024-12-17 13:29:00,2024-12-17,2024-12-17 13:29:00,101.58,0,10.93,0,0.031,95.9,0,0.256,1.253,0,0.005,3.853,0,3.769,0,269.7,0,11.95,0.0,0,0.0,0,0.0,0,0.0,11195.0,0,11793.0,0,0.0,0,0.0,0,0.0,0,0.0,0,83.34,0,3.0,0,13.3,0,12.13,0,39.317,-76.586,45.0
2024-12-17 13:30:00,2024-12-17,2024-12-17 13:30:00,101.58,0,10.96,0,0.045,95.9,0,0.267,1.254,0,0.006,2.741,0,2.619,0,256.7,0,17.07,0.0,0,0.0,0,0.0,0,0.0,11667.0,0,11791.0,0,0.0,0,0.0,0,0.0,0,0.0,0,83.34,0,3.0,0,13.3,0,12.14,0,39.317,-76.586,45.0
2024-12-17 13:31:00,2024-12-17,2024-12-17 13:31:00,101.58,0,10.95,0,0.031,95.8,0,0.26,1.253,0,0.005,2.47,0,2.401,0,248.8,0,13.48,0.0,0,0.0,0,0.0,0,0.0,10525.0,0,11593.0,0,0.0,0,0.0,0,0.0,0,0.0,0,83.34,0,3.0,0,13.3,0,12.15,0,39.317,-76.586,45.0
2024-12-17 13:32:00,2024-12-17,2024-12-17 13:32:00,101.59,0,10.97,0,0.027,95.8,0,0.207,1.254,0,0.004,2.886,0,2.786,0,253.1,0,15.06,0.0,0,0.0,0,0.0,0,0.0,11238.0,0,11521.0,0,0.0,0,0.0,0,0.0,0,0.0,0,83.34,0,3.0,0,13.3,0,12.16,0,39.317,-76.586,45.0
2024-12-17 13:33:00,2024-12-17,2024-12-17 13:33:00,101.59,0,10.98,0,0.032,95.8,0,0.242,1.255,0,0.005,3.592,0,3.541,0,269.7,0,9.6,0.0,0,0.0,0,0.0,0,0.0,10762.0,0,11519.0,0,0.0,0,0.0,0,0.0,0,0.0,0,83.34,0,3.0,0,13.3,0,12.17,0,39.317,-76.586,45.0
2024-12-17 13:34:00,2024-12-17,2024-12-17 13:34:00,101.58,0,10.96,0,0.029,95.7,0,0.217,1.253,0,0.005,3.853,0,3.803,0,257.1,0,9.25,0.0,0,0.0,0,0.0,0,0.0,10788.0,0,11301.0,0,0.0,0,0.0,0,0.0,0,0.0,0,83.34,0,3.0,0,13.3,0,12.18,0,39.317,-76.586,45.0
2024-12-17 13:35:00,2024-12-17,2024-12-17 13:35:00,101.59,0,10.98,0,0.032,95.7,0,0.217,1.254,0,0.005,2.419,0,2.312,0,263.0,0,17.02,0.0,0,0.0,0,0.0,0,0.0,10015.0,0,11115.0,0,0.0,0,0.0,0,0.0,0,0.0,0,83.34,0,3.0,0,13.3,0,12.19,0,39.317,-76.586,45.0
2024-12-17 13:36:00,2024-12-17,2024-12-17 13:36:00,101.59,0,11.0,0,0.036,95.7,0,0.215,1.255,0,0.005,2.43,0,2.401,0,256.6,0,8.95,0.0,0,0.0,0,0.0,0,0.0,11055.0,0,10983.0,0,0.0,0,0.0,0,0.0,0,0.0,0,83.34,0,3.0,0,13.3,0,12.2,0,39.317,-76.586,45.0
2024-12-17 13:37:00,2024-12-17,2024-12-17 13:37:00,101.58,0,11.0,0,0.037,95.8,0,0.227,1.257,0,0.005,2.457,0,2.38,0,268.1,0,14.32,0.0,0,0.0,0,0.0,0,0.0,10875.0,0,10924.0,0,0.0,0,0.0,0,0.0,0,0.0,0,83.34,0,3.0,0,13.3,0,12.21,0,39.317,-76.586,45.0
2024-12-17 13:38:00,2024-12-17,2024-12-17 13:38:00,101.59,0,11.01,0,0.028,95.8,0,0.218,1.257,0,0.004,2.8,0,2.71,0,248.8,0,14.52,0.0,0,0.0,0,0.0,0,0.0,9558.0,0,10735.0,0,0.0,0,0.0,0,0.0,0,0.0,0,83.34,0,3.0,0,13.3,0,12.22,0,39.317,-76.586,45.0
2024-12-17 13:39:00,2024-12-17,2024-12-17 13:39:00,101.59,0,11.01,0,0.036,95.9,0,0.286,1.259,0,0.006,3.064,0,2.807,0,255.0,0,23.47,0.0,0,0.0,0,0.0,0,0.0,10849.0,0,10702.0,0,0.0,0,0.0,0,0.0,0,0.0,0,83.34,0,3.0,0,13.3,0,12.23,0,39.317,-76.586,45.0
2024-12-17 13:40:00,2024-12-17,2024-12-17 13:40:00,101.59,0,11.01,0,0.033,95.8,0,0.232,1.257,0,0.005,4.206,0,4.147,0,262.5,0,9.61,0.0,0,0.0,0,0.0,0,0.0,10398.0,0,10584.0,0,0.0,0,0.0,0,0.0,0,0.0,0,83.34,0,3.0,0,13.3,0,12.24,0,39.317,-76.586,45.0
2024-12-17 13:41:00,2024-12-17,2024-12-17 13:41:00,101.59,0,11.01,0,0.038,95.8,0,0.25,1.258,0,0.005,3.624,0,3.541,0,253.1,0,12.29,0.0,0,0.0,0,0.0,0,0.0,10677.0,0,10599.0,0,0.0,0,0.0,0,0.0,0,0.0,0,83.34,0,3.0,0,13.3,0,12.25,0,39.317,-76.586,45.0
2024-12-17 13:42:00,2024-12-17,2024-12-17 13:42:00,101.59,0,11.01,0,0.029,95.7,0,0.214,1.256,0,0.004,2.225,0,2.163,0,251.7,0,13.44,0.0,0,0.0,0,0.0,0,0.0,10170.0,0,10495.0,0,0.0,0,0.0,0,0.0,0,0.0,0,83.34,0,3.0,0,13.3,0,12.26,0,39.317,-76.586,45.0
2024-12-17 13:43:00,2024-12-17,2024-12-17 13:43:00,101.59,0,11.01,0,0.027,95.7,0,0.234,1.256,0,0.004,2.314,0,2.271,0,244.8,0,11.08,0.0,0,0.0,0,0.0,0,0.0,10542.0,0,10474.0,0,0.0,0,0.0,0,0.0,0,0.0,0,83.34,0,3.0,0,13.3,0,12.28,0,39.317,-76.586,45.0
2024-12-17 13:44:00,2024-12-17,2024-12-17 13:44:00,101.59,0,11.03,0,0.031,95.8,0,0.232,1.259,0,0.005,2.1,0,2.022,0,250.4,0,15.62,0.0,0,0.0,0,0.0,0,0.0,10550.0,0,10451.0,0,0.0,0,0.0,0,0.0,0,0.0,0,83.34,0,3.0,0,13.3,0,12.29,0,39.317,-76.586,45.0
2024-12-17 13:45:00,2024-12-17,2024-12-17 13:45:00,101.59,0,11.04,0,0.026,95.7,0,0.205,1.26,0,0.004,2.339,0,2.273,0,250.8,0,13.61,0.0,0,0.0,0,0.0,0,0.0,11346.0,0,10580.0,0,0.0,0,0.0,0,0.0,0,0.0,0,83.34,0,3.0,0,13.3,0,12.3,0,39.317,-76.586,45.0
2024-12-17 13:46:00,2024-12-17,2024-12-17 13:46:00,101.59,0,11.06,0,0.027,95.9,0,0.257,1.263,0,0.005,2.922,0,2.871,0,253.9,0,10.67,0.0,0,0.0,0,0.0,0,0.0,12088.0,0,10668.0,0,0.0,0,0.0,0,0.0,0,0.0,0,83.34,0,3.0,0,13.3,0,12.32,0,39.317,-76.586,45.0
2024-12-17 13:47:00,2024-12-17,2024-12-17 13:47:00,101.6,0,11.07,0,0.025,95.8,0,0.251,1.262,0,0.005,2.888,0,2.794,0,248.4,0,14.63,0.0,0,0.0,0,0.0,0,0.0,10124.0,0,10591.0,0,0.0,0,0.0,0,0.0,0,0.0,0,83.34,0,3.0,0,13.3,0,12.33,0,39.317,-76.586,45.0
2024-12-17 13:48:00,2024-12-17,2024-12-17 13:48:00,101.6,0,11.08,0,0.032,95.8,0,0.227,1.263,0,0.005,2.117,0,1.993,0,255.4,0,19.62,0.0,0,0.0,0,0.0,0,0.0,11486.0,0,10791.0,0,0.0,0,0.0,0,0.0,0,0.0,0,83.34,0,3.0,0,13.3,0,12.34,0,39.317,-76.586,45.0
2024-12-17 13:49:00,2024-12-17,2024-12-17 13:49:00,101.61,0,11.12,0,0.038,95.7,0,0.231,1.265,0,0.005,2.205,0,2.109,0,269.1,0,16.89,0.0,0,0.0,0,0.0,0,0.0,10828.0,0,10789.0,0,0.0,0,0.0,0,0.0,0,0.0,0,83.34,0,3.0,0,13.3,0,12.35,0,39.317,-76.586,45.0
2024-12-17 13:50:00,2024-12-17,2024-12-17 13:50:00,101.6,0,11.13,0,0.035,95.8,0,0.24,1.268,0,0.005,3.943,0,3.885,0,256.9,0,9.84,0.0,0,0.0,0,0.0,0,0.0,10534.0,0,10804.0,0,0.0,0,0.0,0,0.0,0,0.0,0,83.34,0,3.0,0,13.3,0,12.37,0,39.317,-76.586,45.0
2024-12-17 13:51:00,2024-12-17,2024-12-17 13:51:00,101.6,0,11.11,0,0.035,95.7,0,0.256,1.265,0,0.005,3.262,0,3.217,0,269.6,0,9.52,0.0,0,0.0,0,0.0,0,0.0,10762.0,0,10812.0,0,0.0,0,0.0,0,0.0,0,0.0,0,83.34,0,3.0,0,13.3,0,12.38,0,39.317,-76.586,45.0
2024-12-17 13:52:00,2024-12-17,2024-12-17 13:52:00,101.61,0,11.13,0,0.025,95.5,0,0.199,1.264,0,0.004,3.819,0,3.789,0,262.6,0,7.142,0.0,0,0.0,0,0.0,0,0.0,10041.0,0,10798.0,0,0.0,0,0.0,0,0.0,0,0.0,0,83.34,0,3.0,0,13.3,0,12.4,0,39.317,-76.586,45.0
2024-12-17 13:53:00,2024-12-17,2024-12-17 13:53:00,101.6,0,11.13,0,0.036,95.6,0,0.252,1.265,0,0.005,4.495,0,4.46,0,262.2,0,7.114,0.0,0,0.0,0,0.0,0,0.0,11354.0,0,10877.0,0,0.0,0,0.0,0,0.0,0,0.0,0,83.34,0,3.0,0,13.3,0,12.41,0,39.317,-76.586,45.0
2024-12-17 13:54:00,2024-12-17,2024-12-17 13:54:00,101.61,0,11.13,0,0.031,95.4,0,0.201,1.262,0,0.004,2.677,0,2.632,0,256.4,0,10.45,0.0,0,0.0,0,0.0,0,0.0,10062.0,0,10823.0,0,0.0,0,0.0,0,0.0,0,0.0,0,83.34,0,3.0,0,13.3,0,12.43,0,39.317,-76.586,45.0
2024-12-17 13:55:00,2024-12-17,2024-12-17 13:55:00,101.61,0,11.16,0,0.032,95.4,0,0.208,1.265,0,0.004,2.069,0,2.01,0,274.0,0,13.73,0.0,0,0.0,0,0.0,0,0.0,11531.0,0,10840.0,0,0.0,0,0.0,0,0.0,0,0.0,0,83.34,0,3.0,0,13.3,0,12.44,0,39.317,-76.586,45.0
2024-12-17 13:56:00,2024-12-17,2024-12-17 13:56:00,101.62,0,11.18,0,0.038,95.5,0,0.259,1.268,0,0.005,3.0,0,2.873,0,266.2,0,16.67,0.0,0,0.0,0,0.0,0,0.0,10362.0,0,10680.0,0,0.0,0,0.0,0,0.0,0,0.0,0,83.34,0,3.0,0,13.3,0,12.46,0,39.317,-76.586,45.0
2024-12-17 13:57:00,2024-12-17,2024-12-17 13:57:00,101.62,0,11.2,0,0.034,95.5,0,0.254,1.27,0,0.005,3.347,0,3.314,0,266.8,0,8.02,0.0,0,0.0,0,0.0,0,0.0,12899.0,0,10928.0,0,0.0,0,0.0,0,0.0,0,0.0,0,83.34,0,3.0,0,13.3,0,12.47,0,39.317,-76.586,45.0
2024-12-17 13:58:00,2024-12-17,2024-12-17 13:58:00,101.62,0,11.17,0,0.028,95.3,0,0.233,1.265,0,0.004,3.216,0,3.16,0,270.0,0,10.69,0.0,0,0.0,0,0.0,0,0.0,10428.0,0,10824.0,0,0.0,0,0.0,0,0.0,0,0.0,0,83.34,0,3.0,0,13.3,0,12.49,0,39.317,-76.586,45.0
2024-12-17 13:59:00,2024-12-17,2024-12-17 13:59:00,101.62,0,11.17,0,0.058,95.3,0,0.255,1.265,0,0.006,3.255,0,3.156,0,272.7,0,14.15,0.0,0,0.0,0,0.0,0,0.0,10998.0,0,10840.0,0,0.0,0,0.0,0,0.0,0,0.0,0,83.34,0,3.0,0,13.3,0,12.5,0,39.317,-76.586,45.0
2024-12-17 14:00:00,2024-12-17,2024-12-17 14:00:00,101.62,0,11.18,0,0.033,95.3,0,0.224,1.265,0,0.005,3.67,0,3.619,0,267.3,0,9.54,0.0,0,0.0,0,0.0,0,0.0,10963.0,0,10884.0,0,0.0,0,0.0,0,0.0,0,0.0,0,83.34,0,3.0,0,13.3,0,12.52,0,39.317,-76.586,45.0
2024-12-17 14:01:00,2024-12-17,2024-12-17 14:01:00,101.62,0,11.18,0,0.03,95.2,0,0.242,1.264,0,0.005,2.688,0,2.634,0,261.2,0,11.58,0.0,0,0.0,0,0.0,0,0.0,11554.0,0,10960.0,0,0.0,0,0.0,0,0.0,0,0.0,0,83.34,0,3.0,0,13.3,0,12.54,0,39.317,-76.586,45.0
2024-12-17 14:02:00,2024-12-17,2024-12-17 14:02:00,101.62,0,11.22,0,0.034,95.3,0,0.257,1.268,0,0.005,2.329,0,2.26,0,267.6,0,13.91,0.0,0,0.0,0,0.0,0,0.0,14360.0,0,11332.0,0,0.0,0,0.0,0,0.0,0,0.0,0,83.34,0,3.0,0,13.3,0,12.55,0,39.317,-76.586,45.0
2024-12-17 14:03:00,2024-12-17,2024-12-17 14:03:00,101.62,0,11.23,0,0.031,95.2,0,0.211,1.268,0,0.005,2.376,0,2.32,0,259.2,0,12.45,0.0,0,0.0,0,0.0,0,0.0,11579.0,0,11354.0,0,0.0,0,0.0,0,0.0,0,0.0,0,83.34,0,3.0,0,13.29,0,12.57,0,39.317,-76.586,45.0
2024-12-17 14:04:00,2024-12-17,2024-12-17 14:04:00,101.62,0,11.24,0,0.028,95.3,0,0.252,1.269,0,0.005,2.773,0,2.682,0,277.5,0,14.69,0.0,0,0.0,0,0.0,0,0.0,10605.0,0,11420.0,0,0.0,0,0.0,0,0.0,0,0.0,0,83.34,0,3.0,0,13.3,0,12.59,0,39.317,-76.586,45.0
2024-12-17 14:05:00,2024-12-17,2024-12-17 14:05:00,101.62,0,11.26,0,0.034,95.2,0,0.261,1.271,0,0.005,2.571,0,2.438,0,261.1,0,18.42,0.0,0,0.0,0,0.0,0,0.0,10977.0,0,11363.0,0,0.0,0,0.0,0,0.0,0,0.0,0,83.34,0,3.0,0,13.3,0,12.6,0,39.317,-76.586,45.0
2024-12-17 14:06:00,2024-12-17,2024-12-17 14:06:00,101.61,0,11.27,0,0.032,95.2,0,0.201,1.271,0,0.005,3.29,0,3.23,0,252.4,0,10.93,0.0,0,0.0,0,0.0,0,0.0,11372.0,0,11475.0,0,0.0,0,0.0,0,0.0,0,0.0,0,83.34,0,3.0,0,13.29,0,12.62,0,39.317,-76.586,45.0
2024-12-17 14:07:00,2024-12-17,2024-12-17 14:07:00,101.61,0,11.26,0,0.027,95.1,0,0.232,1.27,0,0.004,2.736,0,2.643,0,264.3,0,14.92,0.0,0,0.0,0,0.0,0,0.0,11651.0,0,11367.0,0,0.0,0,0.0,0,0.0,0,0.0,0,83.34,0,3.0,0,13.29,0,12.63,0,39.317,-76.586,45.0
2024-12-17 14:08:00,2024-12-17,2024-12-17 14:08:00,101.61,0,11.26,0,0.034,95.1,0,0.268,1.269,0,0.006,2.114,0,2.012,0,248.3,0,17.75,0.0,0,0.0,0,0.0,0,0.0,12013.0,0,11533.0,0,0.0,0,0.0,0,0.0,0,0.0,0,83.34,0,3.0,0,13.29,0,12.65,0,39.317,-76.586,45.0
2024-12-17 14:09:00,2024-12-17,2024-12-17 14:09:00,101.62,0,11.28,0,0.035,95.1,0,0.233,1.271,0,0.005,2.02,0,1.882,0,254.8,0,21.2,0.0,0,0.0,0,0.0,0,0.0,12144.0,0,11648.0,0,0.0,0,0.0,0,0.0,0,0.0,0,83.34,0,3.0,0,13.29,0,12.67,0,39.317,-76.586,45.0
2024-12-17 14:10:00,2024-12-17,2024-12-17 14:10:00,101.62,0,11.3,0,0.032,95.2,0,0.261,1.274,0,0.005,2.564,0,2.521,0,260.6,0,10.49,0.0,0,0.0,0,0.0,0,0.0,14552.0,0,11961.0,0,0.0,0,0.0,0,0.0,0,0.0,0,83.34,0,3.0,0,13.29,0,12.68,0,39.317,-76.586,45.0
2024-12-17 14:11:00,2024-12-17,2024-12-17 14:11:00,101.61,0,11.32,0,0.033,95.1,0,0.24,1.274,0,0.005,1.82,0,1.746,0,256.4,0,16.33,0.0,0,0.0,0,0.0,0,0.0,11301.0,0,11934.0,0,0.0,0,0.0,0,0.0,0,0.0,0,83.34,0,3.0,0,13.29,0,12.7,0,39.317,-76.586,45.0
2024-12-17 14:12:00,2024-12-17,2024-12-17 14:12:00,101.61,0,11.3,0,0.03,95.1,0,0.249,1.274,0,0.005,3.731,0,3.664,0,267.1,0,10.85,0.0,0,0.0,0,0.0,0,0.0,11081.0,0,11647.0,0,0.0,0,0.0,0,0.0,0,0.0,0,83.34,0,3.0,0,13.3,0,12.71,0,39.317,-76.586,45.0
2024-12-17 14:13:00,2024-12-17,2024-12-17 14:13:00,101.61,0,11.29,0,0.029,94.9,0,0.253,1.269,0,0.005,3.141,0,3.099,0,260.4,0,9.41,0.0,0,0.0,0,0.0,0,0.0,12410.0,0,11726.0,0,0.0,0,0.0,0,0.0,0,0.0,0,83.34,0,3.0,0,13.3,0,12.73,0,39.317,-76.586,45.0
2024-12-17 14:14:00,2024-12-17,2024-12-17 14:14:00,101.61,0,11.33,0,0.043,94.8,0,0.253,1.271,0,0.006,2.29,0,2.168,0,262.4,0,18.72,0.0,0,0.0,0,0.0,0,0.0,12567.0,0,11932.0,0,0.0,0,0.0,0,0.0,0,0.0,0,83.34,0,3.0,0,13.29,0,12.74,0,39.317,-76.586,45.0
2024-12-17 14:15:00,2024-12-17,2024-12-17 14:15:00,101.61,0,11.36,0,0.034,94.9,0,0.253,1.275,0,0.005,3.113,0,3.038,0,235.2,0,12.54,0.0,0,0.0,0,0.0,0,0.0,12264.0,0,12070.0,0,0.0,0,0.0,0,0.0,0,0.0,0,83.34,0,3.0,0,13.29,0,12.76,0,39.317,-76.586,45.0
2024-12-17 14:16:00,2024-12-17,2024-12-17 14:16:00,101.62,0,11.35,0,0.033,94.8,0,0.274,1.273,0,0.005,1.785,0,1.71,0,246.4,0,16.59,0.0,0,0.0,0,0.0,0,0.0,13411.0,0,12268.0,0,0.0,0,0.0,0,0.0,0,0.0,0,83.34,0,3.0,0,13.29,0,12.77,0,39.317,-76.586,45.0
2024-12-17 14:17:00,2024-12-17,2024-12-17 14:17:00,101.62,0,11.37,0,0.032,94.9,0,0.253,1.275,0,0.005,3.03,0,2.978,0,248.7,0,10.62,0.0,0,0.0,0,0.0,0,0.0,12912.0,0,12395.0,0,0.0,0,0.0,0,0.0,0,0.0,0,83.34,0,3.0,0,13.29,0,12.79,0,39.317,-76.586,45.0
2024-12-17 14:18:00,2024-12-17,2024-12-17 14:18:00,101.62,0,11.38,0,0.037,94.7,0,0.256,1.274,0,0.005,2.447,0,2.375,0,244.2,0,13.85,0.0,0,0.0,0,0.0,0,0.0,14117.0,0,12589.0,0,0.0,0,0.0,0,0.0,0,0.0,0,83.34,0,3.0,0,13.29,0,12.8,0,39.317,-76.586,45.0
2024-12-17 14:19:00,2024-12-17,2024-12-17 14:19:00,101.61,0,11.39,0,0.031,94.7,0,0.243,1.276,0,0.005,3.219,0,3.148,0,246.1,0,12.06,0.0,0,0.0,0,0.0,0,0.0,13065.0,0,12682.0,0,0.0,0,0.0,0,0.0,0,0.0,0,83.34,0,3.0,0,13.29,0,12.82,0,39.317,-76.586,45.0
2024-12-17 14:20:00,2024-12-17,2024-12-17 14:20:00,101.62,0,11.4,0,0.038,94.5,0,0.26,1.273,0,0.006,3.164,0,3.133,0,253.3,0,7.961,0.0,0,0.0,0,0.0,0,0.0,13070.0,0,12558.0,0,0.0,0,0.0,0,0.0,0,0.0,0,83.34,0,3.0,0,13.29,0,12.83,0,39.317,-76.586,45.0
2024-12-17 14:21:00,2024-12-17,2024-12-17 14:21:00,101.62,0,11.43,0,0.036,94.5,0,0.229,1.275,0,0.005,2.902,0,2.879,0,255.2,0,7.233,0.0,0,0.0,0,0.0,0,0.0,11555.0,0,12588.0,0,0.0,0,0.0,0,0.0,0,0.0,0,83.34,0,3.0,0,13.29,0,12.85,0,39.317,-76.586,45.0
2024-12-17 14:22:00,2024-12-17,2024-12-17 14:22:00,101.62,0,11.46,0,0.037,94.5,0,0.231,1.277,0,0.005,1.815,0,1.766,0,254.6,0,13.27,0.0,0,0.0,0,0.0,0,0.0,13031.0,0,12806.0,0,0.0,0,0.0,0,0.0,0,0.0,0,83.34,0,3.0,0,13.29,0,12.86,0,39.317,-76.586,45.0
2024-12-17 14:23:00,2024-12-17,2024-12-17 14:23:00,101.62,0,11.52,0,0.032,94.4,0,0.216,1.281,0,0.005,1.588,0,1.472,0,263.8,0,21.81,0.0,0,0.0,0,0.0,0,0.0,12051.0,0,12767.0,0,0.0,0,0.0,0,0.0,0,0.0,0,83.34,0,3.0,0,13.29,0,12.88,0,39.317,-76.586,45.0
2024-12-17 14:24:00,2024-12-17,2024-12-17 14:24:00,101.63,0,11.55,0,0.041,94.5,0,0.211,1.286,0,0.005,1.434,0,1.387,0,250.4,0,14.67,0.0,0,0.0,0,0.0,0,0.0,13419.0,0,12850.0,0,0.0,0,0.0,0,0.0,0,0.0,0,83.34,0,3.0,0,13.29,0,12.89,0,39.317,-76.586,45.0
2024-12-17 14:25:00,2024-12-17,2024-12-17 14:25:00,101.63,0,11.59,0,0.033,94.7,0,0.237,1.292,0,0.005,2.154,0,2.119,0,266.9,0,10.4,0.0,0,0.0,0,0.0,0,0.0,13252.0,0,12951.0,0,0.0,0,0.0,0,0.0,0,0.0,0,83.34,0,3.0,0,13.29,0,12.91,0,39.317,-76.586,45.0
2024-12-17 14:26:00,2024-12-17,2024-12-17 14:26:00,101.62,0,11.56,0,0.056,94.6,0,0.276,1.289,0,0.006,2.31,0,2.246,0,264.0,0,13.41,0.0,0,0.0,0,0.0,0,0.0,12104.0,0,12817.0,0,0.0,0,0.0,0,0.0,0,0.0,0,83.34,0,3.0,0,13.29,0,12.93,0,39.317,-76.586,45.0
2024-12-17 14:27:00,2024-12-17,2024-12-17 14:27:00,101.62,0,11.56,0,0.034,94.3,0,0.232,1.284,0,0.005,1.932,0,1.852,0,257.8,0,16.49,0.0,0,0.0,0,0.0,0,0.0,14505.0,0,12959.0,0,0.0,0,0.0,0,0.0,0,0.0,0,83.34,0,3.0,0,13.28,0,12.95,0,39.317,-76.586,45.0
2024-12-17 14:28:00,2024-12-17,2024-12-17 14:28:00,101.62,0,11.56,0,0.037,94.3,0,0.207,1.283,0,0.005,2.811,0,2.776,0,262.9,0,9.05,0.0,0,0.0,0,0.0,0,0.0,11997.0,0,12752.0,0,0.0,0,0.0,0,0.0,0,0.0,0,83.34,0,3.0,0,13.29,0,12.96,0,39.317,-76.586,45.0
2024-12-17 14:29:00,2024-12-17,2024-12-17 14:29:00,101.62,0,11.53,0,0.032,94.0,0,0.265,1.278,0,0.005,2.966,0,2.917,0,259.4,0,10.43,0.0,0,0.0,0,0.0,0,0.0,15442.0,0,12946.0,0,0.0,0,0.0,0,0.0,0,0.0,0,83.34,0,3.0,0,13.28,0,12.98,0,39.317,-76.586,45.0
2024-12-17 14:30:00,2024-12-17,2024-12-17 14:30:00,101.62,0,11.54,0,0.034,93.9,0,0.277,1.277,0,0.006,4.064,0,4.013,0,260.2,0,9.02,0.0,0,0.0,0,0.0,0,0.0,11813.0,0,12811.0,0,0.0,0,0.0,0,0.0,0,0.0,0,83.34,0,3.0,0,13.29,0,13.0,0,39.317,-76.586,45.0
2024-12-17 14:31:00,2024-12-17,2024-12-17 14:31:00,101.62,0,11.55,0,0.028,93.9,0,0.228,1.278,0,0.005,3.111,0,3.006,0,261.2,0,14.91,0.0,0,0.0,0,0.0,0,0.0,15587.0,0,13189.0,0,0.0,0,0.0,0,0.0,0,0.0,0,83.34,0,3.0,0,13.29,0,13.01,0,39.317,-76.586,45.0
2024-12-17 14:32:00,2024-12-17,2024-12-17 14:32:00,101.62,0,11.58,0,0.048,93.9,0,0.281,1.28,0,0.006,1.976,0,1.931,0,247.5,0,12.27,0.0,0,0.0,0,0.0,0,0.0,14367.0,0,13315.0,0,0.0,0,0.0,0,0.0,0,0.0,0,83.34,0,3.0,0,13.28,0,13.03,0,39.317,-76.586,45.0
2024-12-17 14:33:00,2024-12-17,2024-12-17 14:33:00,101.63,0,11.67,0,0.054,94.0,0,0.258,1.289,0,0.006,1.824,0,1.757,0,243.8,0,15.61,0.0,0,0.0,0,0.0,0,0.0,16419.0,0,13718.0,0,0.0,0,0.0,0,0.0,0,0.0,0,83.34,0,3.0,0,13.28,0,13.05,0,39.317,-76.586,45.0
2024-12-17 14:34:00,2024-12-17,2024-12-17 14:34:00,101.63,0,11.69,0,0.034,94.1,0,0.254,1.292,0,0.005,2.51,0,2.409,0,247.2,0,16.28,0.0,0,0.0,0,0.0,0,0.0,13321.0,0,13708.0,0,0.0,0,0.0,0,0.0,0,0.0,0,83.34,0,3.0,0,13.28,0,13.06,0,39.317,-76.586,45.0
2024-12-17 14:35:00,2024-12-17,2024-12-17 14:35:00,101.63,0,11.69,0,0.029,93.8,0,0.222,1.289,0,0.004,2.507,0,2.426,0,237.2,0,14.6,0.0,0,0.0,0,0.0,0,0.0,13228.0,0,13705.0,0,0.0,0,0.0,0,0.0,0,0.0,0,83.34,0,3.0,0,13.28,0,13.08,0,39.317,-76.586,45.0
2024-12-17 14:36:00,2024-12-17,2024-12-17 14:36:00,101.63,0,11.69,0,0.032,93.7,0,0.189,1.286,0,0.004,1.625,0,1.582,0,251.3,0,13.24,0.0,0,0.0,0,0.0,0,0.0,15844.0,0,14081.0,0,0.0,0,0.0,0,0.0,0,0.0,0,83.34,0,3.0,0,13.29,0,13.1,0,39.317,-76.586,45.0
2024-12-17 14:37:00,2024-12-17,2024-12-17 14:37:00,101.63,0,11.74,0,0.037,93.8,0,0.264,1.293,0,0.006,1.681,0,1.62,0,250.1,0,15.41,0.0,0,0.0,0,0.0,0,0.0,15133.0,0,14138.0,0,0.0,0,0.0,0,0.0,0,0.0,0,83.34,0,3.0,0,13.28,0,13.11,0,39.317,-76.586,45.0
2024-12-17 14:38:00,2024-12-17,2024-12-17 14:38:00,101.63,0,11.79,0,0.037,94.1,0,0.277,1.3,0,0.006,2.198,0,2.161,0,258.8,0,10.59,0.0,0,0.0,0,0.0,0,0.0,14683.0,0,14450.0,0,0.0,0,0.0,0,0.0,0,0.0,0,83.34,0,3.0,0,13.28,0,13.13,0,39.317,-76.586,45.0
2024-12-17 14:39:00,2024-12-17,2024-12-17 14:39:00,101.63,0,11.76,0,0.031,93.7,0,0.263,1.293,0,0.005,2.349,0,2.296,0,242.0,0,12.11,0.0,0,0.0,0,0.0,0,0.0,16032.0,0,14500.0,0,0.0,0,0.0,0,0.0,0,0.0,0,83.34,0,3.0,0,13.28,0,13.15,0,39.317,-76.586,45.0
2024-12-17 14:40:00,2024-12-17,2024-12-17 14:40:00,101.64,0,11.75,0,0.038,93.4,0,0.287,1.288,0,0.006,1.762,0,1.715,0,224.3,0,13.34,0.0,0,0.0,0,0.0,0,0.0,16377.0,0,15013.0,0,0.0,0,0.0,0,0.0,0,0.0,0,83.34,0,3.0,0,13.28,0,13.16,0,39.317,-76.586,45.0
2024-12-17 14:41:00,2024-12-17,2024-12-17 14:41:00,101.65,0,11.77,0,0.032,93.5,0,0.231,1.29,0,0.005,2.559,0,2.479,0,255.7,0,14.38,0.0,0,0.0,0,0.0,0,0.0,14758.0,0,14933.0,0,0.0,0,0.0,0,0.0,0,0.0,0,83.34,0,3.0,0,13.28,0,13.18,0,39.317,-76.586,45.0
2024-12-17 14:42:00,2024-12-17,2024-12-17 14:42:00,101.65,0,11.78,0,0.033,93.4,0,0.193,1.29,0,0.004,3.244,0,3.186,0,256.7,0,10.86,0.0,0,0.0,0,0.0,0,0.0,14551.0,0,14952.0,0,0.0,0,0.0,0,0.0,0,0.0,0,83.34,0,3.0,0,13.28,0,13.19,0,39.317,-76.586,45.0
2024-12-17 14:43:00,2024-12-17,2024-12-17 14:43:00,101.64,0,11.78,0,0.028,93.3,0,0.243,1.289,0,0.004,2.625,0,2.55,0,252.2,0,13.71,0.0,0,0.0,0,0.0,0,0.0,15758.0,0,14895.0,0,0.0,0,0.0,0,0.0,0,0.0,0,83.34,0,3.0,0,13.28,0,13.21,0,39.317,-76.586,45.0
2024-12-17 14:44:00,2024-12-17,2024-12-17 14:44:00,101.64,0,11.8,0,0.029,93.3,0,0.212,1.291,0,0.005,1.596,0,1.486,0,222.5,0,21.21,0.0,0,0.0,0,0.0,0,0.0,16585.0,0,15231.0,0,0.0,0,0.0,0,0.0,0,0.0,0,83.34,0,3.0,0,13.28,0,13.22,0,39.317,-76.586,45.0
2024-12-17 14:45:00,2024-12-17,2024-12-17 14:45:00,101.64,0,11.81,0,0.034,93.4,0,0.254,1.292,0,0.006,1.864,0,1.799,0,241.0,0,15.09,0.0,0,0.0,0,0.0,0,0.0,14006.0,0,15329.0,0,0.0,0,0.0,0,0.0,0,0.0,0,83.34,0,3.0,0,13.28,0,13.24,0,39.317,-76.586,45.0
2024-12-17 14:46:00,2024-12-17,2024-12-17 14:46:00,101.64,0,11.82,0,0.03,93.5,0,0.239,1.295,0,0.005,3.29,0,3.216,0,264.8,0,12.09,0.0,0,0.0,0,0.0,0,0.0,15917.0,0,15335.0,0,0.0,0,0.0,0,0.0,0,0.0,0,83.34,0,3.0,0,13.28,0,13.25,0,39.317,-76.586,45.0
2024-12-17 14:47:00,2024-12-17,2024-12-17 14:47:00,101.64,0,11.82,0,0.034,93.3,0,0.264,1.291,0,0.004,3.174,0,3.126,0,250.5,0,9.89,0.0,0,0.0,0,0.0,0,0.0,17300.0,0,15533.0,0,0.0,0,0.0,0,0.0,0,0.0,0,83.34,0,3.0,0,13.28,0,13.26,0,39.317,-76.586,45.0
2024-12-17 14:48:00,2024-12-17,2024-12-17 14:48:00,101.63,0,11.87,0,0.036,93.2,0,0.246,1.295,0,0.006,2.012,0,1.848,0,236.9,0,23.17,0.0,0,0.0,0,0.0,0,0.0,19641.0,0,15959.0,0,0.0,0,0.0,0,0.0,0,0.0,0,83.34,0,3.0,0,13.28,0,13.28,0,39.317,-76.586,45.0
2024-12-17 14:49:00,2024-12-17,2024-12-17 14:49:00,101.63,0,11.86,0,0.032,93.1,0,0.225,1.293,0,0.005,3.34,0,3.212,0,215.1,0,15.88,0.0,0,0.0,0,0.0,0,0.0,16918.0,0,16042.0,0,0.0,0,0.0,0,0.0,0,0.0,0,83.34,0,3.0,0,13.28,0,13.29,0,39.317,-76.586,45.0
2024-12-17 14:50:00,2024-12-17,2024-12-17 14:50:00,101.64,0,11.87,0,0.029,93.1,0,0.272,1.294,0,0.005,2.711,0,2.648,0,234.9,0,12.4,0.0,0,0.0,0,0.0,0,0.0,16797.0,0,16082.0,0,0.0,0,0.0,0,0.0,0,0.0,0,83.34,0,3.0,0,13.28,0,13.31,0,39.317,-76.586,45.0
2024-12-17 14:51:00,2024-12-17,2024-12-17 14:51:00,101.64,0,11.91,0,0.029,93.1,0,0.227,1.296,0,0.005,2.401,0,2.305,0,242.2,0,16.17,0.0,0,0.0,0,0.0,0,0.0,13783.0,0,15959.0,0,0.0,0,0.0,0,0.0,0,0.0,0,83.34,0,3.0,0,13.28,0,13.32,0,39.317,-76.586,45.0
2024-12-17 14:52:00,2024-12-17,2024-12-17 14:52:00,101.64,0,11.9,0,0.035,93.1,0,0.266,1.296,0,0.005,3.043,0,2.922,0,246.7,0,16.15,0.0,0,0.0,0,0.0,0,0.0,14838.0,0,15993.0,0,0.0,0,0.0,0,0.0,0,0.0,0,83.34,0,3.0,0,13.28,0,13.33,0,39.317,-76.586,45.0
2024-12-17 14:53:00,2024-12-17,2024-12-17 14:53:00,101.64,0,11.91,0,0.031,92.9,0,0.234,1.295,0,0.005,2.189,0,2.069,0,236.0,0,18.93,0.0,0,0.0,0,0.0,0,0.0,17177.0,0,16128.0,0,0.0,0,0.0,0,0.0,0,0.0,0,83.34,0,3.0,0,13.28,0,13.35,0,39.317,-76.586,45.0
2024-12-17 14:54:00,2024-12-17,2024-12-17 14:54:00,101.64,0,11.92,0,0.035,92.8,0,0.277,1.293,0,0.006,2.587,0,2.462,0,226.3,0,17.83,0.0,0,0.0,0,0.0,0,0.0,17370.0,0,16199.0,0,0.0,0,0.0,0,0.0,0,0.0,0,83.34,0,3.0,0,13.28,0,13.36,0,39.317,-76.586,45.0
2024-12-17 14:55:00,2024-12-17,2024-12-17 14:55:00,101.64,0,11.93,0,0.029,92.7,0,0.227,1.294,0,0.005,2.416,0,2.321,0,252.8,0,16.04,0.0,0,0.0,0,0.0,0,0.0,18096.0,0,16634.0,0,0.0,0,0.0,0,0.0,0,0.0,0,83.34,0,3.0,0,13.28,0,13.37,0,39.317,-76.586,45.0
2024-12-17 14:56:00,2024-12-17,2024-12-17 14:56:00,101.64,0,11.94,0,0.061,92.7,0,0.247,1.293,0,0.006,2.13,0,2.065,0,260.4,0,14.14,0.0,0,0.0,0,0.0,0,0.0,17726.0,0,16813.0,0,0.0,0,0.0,0,0.0,0,0.0,0,83.34,0,3.0,0,13.28,0,13.38,0,39.317,-76.586,45.0
2024-12-17 14:57:00,2024-12-17,2024-12-17 14:57:00,101.65,0,12.02,0,0.037,92.8,0,0.275,1.303,0,0.006,2.047,0,1.957,0,257.5,0,16.9,0.0,0,0.0,0,0.0,0,0.0,17948.0,0,16872.0,0,0.0,0,0.0,0,0.0,0,0.0,0,83.34,0,3.0,0,13.28,0,13.4,0,39.317,-76.586,45.0
2024-12-17 14:58:00,2024-12-17,2024-12-17 14:58:00,101.65,0,12.03,0,0.027,92.7,0,0.235,1.301,0,0.004,2.208,0,2.168,0,262.0,0,10.92,0.0,0,0.0,0,0.0,0,0.0,19747.0,0,16880.0,0,0.0,0,0.0,0,0.0,0,0.0,0,83.34,0,3.0,0,13.27,0,13.41,0,39.317,-76.586,45.0
2024-12-17 14:59:00,2024-12-17,2024-12-17 14:59:00,101.65,0,12.06,0,0.032,92.6,0,0.233,1.304,0,0.005,2.138,0,2.08,0,269.1,0,13.33,0.0,0,0.0,0,0.0,0,0.0,19172.0,0,17080.0,0,0.0,0,0.0,0,0.0,0,0.0,0,83.34,0,3.0,0,13.28,0,13.43,0,39.317,-76.586,45.0
2024-12-17 15:00:00,2024-12-17,2024-12-17 15:00:00,101.65,0,12.1,0,0.054,92.8,0,0.288,1.309,0,0.007,2.158,0,2.122,0,257.0,0,10.38,0.0,0,0.0,0,0.0,0,0.0,19458.0,0,17321.0,0,0.0,0,0.0,0,0.0,0,0.0,0,83.34,0,3.0,0,13.27,0,13.44,0,39.317,-76.586,45.0
2024-12-17 15:01:00,2024-12-17,2024-12-17 15:01:00,101.65,0,12.11,0,0.042,92.5,0,0.256,1.306,0,0.006,1.321,0,1.29,0,240.4,0,12.46,0.0,0,0.0,0,0.0,0,0.0,19025.0,0,17943.0,0,0.0,0,0.0,0,0.0,0,0.0,0,83.34,0,3.0,0,13.27,0,13.46,0,39.317,-76.586,45.0
2024-12-17 15:02:00,2024-12-17,2024-12-17 15:02:00,101.65,0,12.19,0,0.042,92.8,0,0.226,1.317,0,0.006,1.715,0,1.574,0,240.5,0,23.25,0.0,0,0.0,0,0.0,0,0.0,20000.0,0,18533.0,0,0.0,0,0.0,0,0.0,0,0.0,0,83.34,0,3.0,0,13.27,0,13.47,0,39.317,-76.586,45.0
2024-12-17 15:03:00,2024-12-17,2024-12-17 15:03:00,101.65,0,12.21,0,0.049,92.7,0,0.312,1.318,0,0.007,2.365,0,2.24,0,254.0,0,18.62,0.0,0,0.0,0,0.0,0,0.0,20000.0,0,18906.0,0,0.0,0,0.0,0,0.0,0,0.0,0,83.34,0,3.0,0,13.27,0,13.49,0,39.317,-76.586,45.0
2024-12-17 15:04:00,2024-12-17,2024-12-17 15:04:00,101.66,0,12.2,0,0.026,92.2,0,0.291,1.309,0,0.005,2.566,0,2.479,0,256.8,0,14.9,0.0,0,0.0,0,0.0,0,0.0,20000.0,0,19378.0,0,0.0,0,0.0,0,0.0,0,0.0,0,83.34,0,3.0,0,13.27,0,13.51,0,39.317,-76.586,45.0
2024-12-17 15:05:00,2024-12-17,2024-12-17 15:05:00,101.65,0,12.25,0,0.036,92.1,0,0.267,1.313,0,0.006,2.772,0,2.739,0,253.2,0,8.83,0.0,0,0.0,0,0.0,0,0.0,20000.0,0,19740.0,0,0.0,0,0.0,0,0.0,0,0.0,0,83.34,0,3.0,0,13.27,0,13.53,0,39.317,-76.586,45.0
2024-12-17 15:06:00,2024-12-17,2024-12-17 15:06:00,101.65,0,12.27,0,0.039,92.0,0,0.243,1.313,0,0.005,2.19,0,2.141,0,263.6,0,12.13,0.0,0,0.0,0,0.0,0,0.0,20000.0,0,20000.0,0,0.0,0,0.0,0,0.0,0,0.0,0,83.34,0,3.0,0,13.27,0,13.55,0,39.317,-76.586,45.0
2024-12-17 15:07:00,2024-12-17,2024-12-17 15:07:00,101.64,0,12.33,0,0.031,92.2,0,0.23,1.321,0,0.005,3.378,0,3.334,0,259.2,0,9.17,0.0,0,0.0,0,0.0,0,0.0,20000.0,0,20000.0,0,0.0,0,0.0,0,0.0,0,0.0,0,83.34,0,3.0,0,13.27,0,13.57,0,39.317,-76.586,45.0
2024-12-17 15:08:00,2024-12-17,2024-12-17 15:08:00,101.65,0,12.29,0,0.038,91.8,0,0.29,1.312,0,0.006,4.199,0,4.12,0,248.7,0,11.15,0.0,0,0.0,0,0.0,0,0.0,20000.0,0,20000.0,0,0.0,0,0.0,0,0.0,0,0.0,0,83.34,0,3.0,0,13.27,0,13.6,0,39.317,-76.586,45.0
2024-12-17 15:09:00,2024-12-17,2024-12-17 15:09:00,101.65,0,12.24,0,0.03,91.4,0,0.216,1.301,0,0.005,3.232,0,3.149,0,263.3,0,13.04,0.0,0,0.0,0,0.0,0,0.0,20000.0,0,20000.0,0,0.0,0,0.0,0,0.0,0,0.0,0,83.34,0,3.0,0,13.27,0,13.62,0,39.317,-76.586,45.0
2024-12-17 15:10:00,2024-12-17,2024-12-17 15:10:00,101.65,0,12.25,0,0.037,91.6,0,0.21,1.305,0,0.004,2.447,0,2.352,0,266.4,0,15.9,0.0,0,0.0,0,0.0,0,0.0,20000.0,0,20000.0,0,0.0,0,0.0,0,0.0,0,0.0,0,83.34,0,3.0,0,13.27,0,13.64,0,39.317,-76.586,45.0
2024-12-17 15:11:00,2024-12-17,2024-12-17 15:11:00,101.65,0,12.21,0,0.036,91.7,0,0.26,1.303,0,0.006,2.775,0,2.701,0,272.6,0,13.2,0.0,0,0.0,0,0.0,0,0.0,20000.0,0,20000.0,0,0.0,0,0.0,0,0.0,0,0.0,0,83.34,0,3.0,0,13.27,0,13.67,0,39.317,-76.586,45.0
2024-12-17 15:12:00,2024-12-17,2024-12-17 15:12:00,101.65,0,12.21,0,0.033,91.6,0,0.261,1.302,0,0.006,2.602,0,2.548,0,251.5,0,11.61,0.0,0,0.0,0,0.0,0,0.0,20000.0,0,20000.0,0,0.0,0,0.0,0,0.0,0,0.0,0,83.34,0,3.0,0,13.27,0,13.69,0,39.317,-76.586,45.0
2024-12-17 15:13:00,2024-12-17,2024-12-17 15:13:00,101.65,0,12.21,0,0.038,91.7,0,0.235,1.303,0,0.005,3.226,0,3.137,0,249.6,0,13.42,0.0,0,0.0,0,0.0,0,0.0,18409.0,0,20000.0,0,0.0,0,0.0,0,0.0,0,0.0,0,83.34,0,3.0,0,13.27,0,13.71,0,39.317,-76.586,45.0
2024-12-17 15:14:00,2024-12-17,2024-12-17 15:14:00,101.65,0,12.2,0,0.033,91.6,0,0.257,1.301,0,0.005,2.522,0,2.447,0,250.8,0,13.93,0.0,0,0.0,0,0.0,0,0.0,19735.0,0,20000.0,0,0.0,0,0.0,0,0.0,0,0.0,0,83.34,0,3.0,0,13.27,0,13.73,0,39.317,-76.586,45.0
2024-12-17 15:15:00,2024-12-17,2024-12-17 15:15:00,101.65,0,12.21,0,0.035,91.7,0,0.196,1.303,0,0.005,2.39,0,2.34,0,245.6,0,11.61,0.0,0,0.0,0,0.0,0,0.0,18338.0,0,20000.0,0,0.0,0,0.0,0,0.0,0,0.0,0,83.34,0,3.0,0,13.27,0,13.75,0,39.317,-76.586,45.0
2024-12-17 15:16:00,2024-12-17,2024-12-17 15:16:00,101.65,0,12.21,0,0.035,91.6,0,0.243,1.302,0,0.005,2.411,0,2.317,0,261.1,0,16.0,0.0,0,0.0,0,0.0,0,0.0,20000.0,0,20000.0,0,0.0,0,0.0,0,0.0,0,0.0,0,83.34,0,3.0,0,13.27,0,13.77,0,39.317,-76.586,45.0
2024-12-17 15:17:00,2024-12-17,2024-12-17 15:17:00,101.65,0,12.23,0,0.034,91.7,0,0.239,1.305,0,0.005,3.469,0,3.384,0,257.4,0,12.7,0.0,0,0.0,0,0.0,0,0.0,20000.0,0,20000.0,0,0.0,0,0.0,0,0.0,0,0.0,0,83.34,0,3.0,0,13.27,0,13.78,0,39.317,-76.586,45.0
2024-12-17 15:18:00,2024-12-17,2024-12-17 15:18:00,101.65,0,12.25,0,0.031,91.8,0,0.267,1.308,0,0.005,3.17,0,3.108,0,260.6,0,11.38,0.0,0,0.0,0,0.0,0,0.0,19849.0,0,20000.0,0,0.0,0,0.0,0,0.0,0,0.0,0,83.34,0,3.0,0,13.27,0,13.8,0,39.317,-76.586,45.0
2024-12-17 15:19:00,2024-12-17,2024-12-17 15:19:00,101.64,0,12.26,0,0.026,91.7,0,0.253,1.307,0,0.005,3.169,0,3.038,0,251.6,0,16.46,0.0,0,0.0,0,0.0,0,0.0,20000.0,0,20000.0,0,0.0,0,0.0,0,0.0,0,0.0,0,83.34,0,3.0,0,13.26,0,13.82,0,39.317,-76.586,45.0
2024-12-17 15:20:00,2024-12-17,2024-12-17 15:20:00,101.64,0,12.26,0,0.033,91.5,0,0.251,1.304,0,0.005,3.231,0,3.153,0,260.8,0,12.56,0.0,0,0.0,0,0.0,0,0.0,20000.0,0,20000.0,0,0.0,0,0.0,0,0.0,0,0.0,0,83.34,0,3.0,0,13.26,0,13.83,0,39.317,-76.586,45.0
2024-12-17 15:21:00,2024-12-17,2024-12-17 15:21:00,101.64,0,12.25,0,0.026,91.3,0,0.238,1.301,0,0.005,3.683,0,3.606,0,261.7,0,11.72,0.0,0,0.0,0,0.0,0,0.0,20000.0,0,20000.0,0,0.0,0,0.0,0,0.0,0,0.0,0,83.34,0,3.0,0,13.26,0,13.85,0,39.317,-76.586,45.0
2024-12-17 15:22:00,2024-12-17,2024-12-17 15:22:00,101.64,0,12.25,0,0.034,91.2,0,0.209,1.299,0,0.005,3.521,0,3.491,0,266.7,0,7.587,0.0,0,0.0,0,0.0,0,0.0,20000.0,0,20000.0,0,0.0,0,0.0,0,0.0,0,0.0,0,83.34,0,3.0,0,13.26,0,13.87,0,39.317,-76.586,45.0
2024-12-17 15:23:00,2024-12-17,2024-12-17 15:23:00,101.64,0,12.27,0,0.03,91.4,0,0.282,1.304,0,0.005,2.963,0,2.884,0,266.1,0,13.22,0.0,0,0.0,0,0.0,0,0.0,20000.0,0,20000.0,0,0.0,0,0.0,0,0.0,0,0.0,0,83.34,0,3.0,0,13.26,0,13.88,0,39.317,-76.586,45.0
2024-12-17 15:24:00,2024-12-17,2024-12-17 15:24:00,101.64,0,12.28,0,0.027,91.4,0,0.256,1.305,0,0.005,2.86,0,2.785,0,271.1,0,13.13,0.0,0,0.0,0,0.0,0,0.0,20000.0,0,20000.0,0,0.0,0,0.0,0,0.0,0,0.0,0,83.34,0,3.0,0,13.26,0,13.9,0,39.317,-76.586,45.0
2024-12-17 15:25:00,2024-12-17,2024-12-17 15:25:00,101.65,0,12.29,0,0.035,91.3,0,0.288,1.304,0,0.006,3.1,0,3.012,0,265.9,0,13.68,0.0,0,0.0,0,0.0,0,0.0,19724.0,0,20000.0,0,0.0,0,0.0,0,0.0,0,0.0,0,83.34,0,3.0,0,13.27,0,13.91,0,39.317,-76.586,45.0
2024-12-17 15:26:00,2024-12-17,2024-12-17 15:26:00,101.64,0,12.31,0,0.032,91.2,0,0.223,1.304,0,0.004,2.303,0,2.19,0,275.7,0,17.91,0.0,0,0.0,0,0.0,0,0.0,17282.0,0,20000.0,0,0.0,0,0.0,0,0.0,0,0.0,0,83.34,0,3.0,0,13.26,0,13.93,0,39.317,-76.586,45.0
2024-12-17 15:27:00,2024-12-17,2024-12-17 15:27:00,101.64,0,12.42,0,0.051,91.8,0,0.336,1.323,0,0.008,1.911,0,1.829,0,262.9,0,16.81,0.0,0,0.0,0,0.0,0,0.0,20000.0,0,20000.0,0,0.0,0,0.0,0,0.0,0,0.0,0,83.34,0,3.0,0,13.26,0,13.95,0,39.317,-76.586,45.0
2024-12-17 15:28:00,2024-12-17,2024-12-17 15:28:00,101.64,0,12.5,0,0.036,92.2,0,0.256,1.336,0,0.006,2.025,0,1.925,0,252.0,0,18.01,0.0,0,0.0,0,0.0,0,0.0,19930.0,0,20000.0,0,0.0,0,0.0,0,0.0,0,0.0,0,83.34,0,3.0,0,13.26,0,13.97,0,39.317,-76.586,45.0
2024-12-17 15:29:00,2024-12-17,2024-12-17 15:29:00,101.64,0,12.45,0,0.039,91.5,0,0.382,1.32,0,0.007,3.027,0,2.98,0,252.4,0,10.0,0.0,0,0.0,0,0.0,0,0.0,20000.0,0,20000.0,0,0.0,0,0.0,0,0.0,0,0.0,0,83.34,0,3.0,0,13.26,0,13.98,0,39.317,-76.586,45.0
2024-12-17 15:30:00,2024-12-17,2024-12-17 15:30:00,101.65,0,12.47,0,0.032,91.1,0,0.238,1.317,0,0.005,2.46,0,2.384,0,255.5,0,14.24,0.0,0,0.0,0,0.0,0,0.0,20000.0,0,20000.0,0,0.0,0,0.0,0,0.0,0,0.0,0,83.34,0,3.0,0,13.26,0,14.0,0,39.317,-76.586,45.0
2024-12-17 15:31:00,2024-12-17,2024-12-17 15:31:00,101.64,0,12.53,0,0.042,91.1,0,0.246,1.322,0,0.006,2.555,0,2.449,0,252.8,0,16.47,0.0,0,0.0,0,0.0,0,0.0,17837.0,0,20000.0,0,0.0,0,0.0,0,0.0,0,0.0,0,83.34,0,3.0,0,13.26,0,14.02,0,39.317,-76.586,45.0
2024-12-17 15:32:00,2024-12-17,2024-12-17 15:32:00,101.64,0,12.66,0,0.04,91.4,0,0.271,1.337,0,0.006,2.047,0,1.935,0,242.8,0,18.94,0.0,0,0.0,0,0.0,0,0.0,20000.0,0,20000.0,0,0.0,0,0.0,0,0.0,0,0.0,0,83.34,0,3.0,0,13.26,0,14.04,0,39.317,-76.586,45.0
2024-12-17 15:33:00,2024-12-17,2024-12-17 15:33:00,101.65,0,12.71,0,0.033,90.8,0,0.34,1.333,0,0.006,2.818,0,2.746,0,250.5,0,12.92,0.0,0,0.0,0,0.0,0,0.0,20000.0,0,20000.0,0,0.0,0,0.0,0,0.0,0,0.0,0,83.34,0,3.0,0,13.26,0,14.07,0,39.317,-76.586,45.0
2024-12-17 15:34:00,2024-12-17,2024-12-17 15:34:00,101.65,0,12.8,0,0.057,90.4,0,0.246,1.336,0,0.008,1.976,0,1.928,0,259.1,0,12.65,0.0,0,0.0,0,0.0,0,0.0,17974.0,0,20000.0,0,0.0,0,0.0,0,0.0,0,0.0,0,83.34,0,3.0,0,13.26,0,14.09,0,39.317,-76.586,45.0
2024-12-17 15:35:00,2024-12-17,2024-12-17 15:35:00,101.65,0,13.01,0,0.065,90.8,0,0.326,1.359,0,0.009,2.213,0,2.108,0,262.9,0,17.69,0.0,0,0.0,0,0.0,0,0.0,20000.0,0,20000.0,0,0.0,0,0.0,0,0.0,0,0.0,0,83.34,0,3.0,0,13.26,0,14.12,0,39.317,-76.586,45.0
2024-12-17 15:36:00,2024-12-17,2024-12-17 15:36:00,101.65,0,13.16,0,0.036,90.3,0,0.449,1.367,0,0.008,2.491,0,2.354,0,250.7,0,18.99,0.0,0,0.0,0,0.0,0,0.0,20000.0,0,20000.0,0,0.0,0,0.0,0,0.0,0,0.0,0,83.34,0,3.0,0,13.26,0,14.16,0,39.317,-76.586,45.0
2024-12-17 15:37:00,2024-12-17,2024-12-17 15:37:00,101.65,0,13.18,0,0.041,89.3,0,0.428,1.352,0,0.009,3.01,0,2.927,0,258.3,0,13.43,0.0,0,0.0,0,0.0,0,0.0,20000.0,0,20000.0,0,0.0,0,0.0,0,0.0,0,0.0,0,83.34,0,3.0,0,13.26,0,14.2,0,39.317,-76.586,45.0
2024-12-17 15:38:00,2024-12-17,2024-12-17 15:38:00,101.65,0,13.12,0,0.029,88.4,0,0.237,1.334,0,0.005,3.332,0,3.268,0,258.4,0,11.21,0.0,0,0.0,0,0.0,0,0.0,18222.0,0,20000.0,0,0.0,0,0.0,0,0.0,0,0.0,0,83.34,0,3.0,0,13.25,0,14.24,0,39.317,-76.586,45.0
2024-12-17 15:39:00,2024-12-17,2024-12-17 15:39:00,101.64,0,13.12,0,0.038,88.6,0,0.238,1.336,0,0.006,3.748,0,3.622,0,247.7,0,14.9,0.0,0,0.0,0,0.0,0,0.0,20000.0,0,20000.0,0,0.0,0,0.0,0,0.0,0,0.0,0,83.34,0,3.0,0,13.25,0,14.29,0,39.317,-76.586,45.0
2024-12-17 15:40:00,2024-12-17,2024-12-17 15:40:00,101.65,0,13.07,0,0.03,87.9,0,0.257,1.321,0,0.006,3.007,0,2.969,0,241.7,0,9.05,0.0,0,0.0,0,0.0,0,0.0,20000.0,0,20000.0,0,0.0,0,0.0,0,0.0,0,0.0,0,83.34,0,3.0,0,13.25,0,14.34,0,39.317,-76.586,45.0
2024-12-17 15:41:00,2024-12-17,2024-12-17 15:41:00,101.65,0,13.16,0,0.069,88.7,0,0.535,1.342,0,0.013,2.559,0,2.468,0,256.9,0,15.29,0.0,0,0.0,0,0.0,0,0.0,20000.0,0,20000.0,0,0.0,0,0.0,0,0.0,0,0.0,0,83.34,0,3.0,0,13.25,0,14.39,0,39.317,-76.586,45.0
2024-12-17 15:42:00,2024-12-17,2024-12-17 15:42:00,101.65,0,13.28,0,0.036,88.8,0,0.375,1.354,0,0.006,3.994,0,3.924,0,258.8,0,10.66,0.0,0,0.0,0,0.0,0,0.0,18912.0,0,20000.0,0,0.0,0,0.0,0,0.0,0,0.0,0,83.34,0,3.0,0,13.25,0,14.45,0,39.317,-76.586,45.0
2024-12-17 15:43:00,2024-12-17,2024-12-17 15:43:00,101.66,0,13.32,0,0.031,88.4,0,0.252,1.35,0,0.005,3.668,0,3.589,0,254.8,0,11.93,0.0,0,0.0,0,0.0,0,0.0,18237.0,0,20000.0,0,0.0,0,0.0,0,0.0,0,0.0,0,83.34,0,3.0,0,13.25,0,14.51,0,39.317,-76.586,45.0
2024-12-17 15:44:00,2024-12-17,2024-12-17 15:44:00,101.66,0,13.28,0,0.043,88.0,0,0.249,1.341,0,0.007,3.641,0,3.511,0,269.7,0,15.32,0.0,0,0.0,0,0.0,0,0.0,20000.0,0,20000.0,0,0.0,0,0.0,0,0.0,0,0.0,0,83.34,0,3.0,0,13.25,0,14.57,0,39.317,-76.586,45.0
2024-12-17 15:45:00,2024-12-17,2024-12-17 15:45:00,101.66,0,13.23,0,0.033,88.1,0,0.426,1.338,0,0.007,3.335,0,3.225,0,271.6,0,14.72,0.0,0,0.0,0,0.0,0,0.0,20000.0,0,20000.0,0,0.0,0,0.0,0,0.0,0,0.0,0,83.34,0,3.0,0,13.24,0,14.63,0,39.317,-76.586,45.0
2024-12-17 15:46:00,2024-12-17,2024-12-17 15:46:00,101.66,0,13.17,0,0.029,88.1,0,0.229,1.334,0,0.005,3.201,0,3.088,0,269.0,0,15.24,0.0,0,0.0,0,0.0,0,0.0,20000.0,0,20000.0,0,0.0,0,0.0,0,0.0,0,0.0,0,83.34,0,3.0,0,13.24,0,14.69,0,39.317,-76.586,45.0
2024-12-17 15:47:00,2024-12-17,2024-12-17 15:47:00,101.67,0,13.17,0,0.03,88.3,0,0.34,1.337,0,0.006,2.896,0,2.797,0,267.4,0,15.0,0.0,0,0.0,0,0.0,0,0.0,20000.0,0,20000.0,0,0.0,0,0.0,0,0.0,0,0.0,0,83.34,0,3.0,0,13.24,0,14.75,0,39.317,-76.586,45.0
2024-12-17 15:48:00,2024-12-17,2024-12-17 15:48:00,101.67,0,13.13,0,0.037,88.4,0,0.337,1.334,0,0.007,3.455,0,3.385,0,265.1,0,11.53,0.0,0,0.0,0,0.0,0,0.0,20000.0,0,20000.0,0,0.0,0,0.0,0,0.0,0,0.0,0,83.34,0,3.0,0,13.24,0,14.81,0,39.317,-76.586,45.0
2024-12-17 15:49:00,2024-12-17,2024-12-17 15:49:00,101.67,0,13.09,0,0.027,88.3,0,0.218,1.33,0,0.004,2.063,0,2.012,0,271.2,0,12.68,0.0,0,0.0,0,0.0,0,0.0,20000.0,0,20000.0,0,0.0,0,0.0,0,0.0,0,0.0,0,83.34,0,3.0,0,13.24,0,14.87,0,39.317,-76.586,45.0
2024-12-17 15:50:00,2024-12-17,2024-12-17 15:50:00,101.67,0,13.11,0,0.041,88.7,0,0.278,1.338,0,0.007,1.584,0,1.504,0,270.1,0,18.2,0.0,0,0.0,0,0.0,0,0.0,20000.0,0,20000.0,0,0.0,0,0.0,0,0.0,0,0.0,0,83.34,0,3.0,0,13.24,0,14.92,0,39.317,-76.586,45.0
2024-12-17 15:51:00,2024-12-17,2024-12-17 15:51:00,101.67,0,13.14,0,0.04,89.1,0,0.397,1.345,0,0.008,2.703,0,2.607,0,276.6,0,15.3,0.0,0,0.0,0,0.0,0,0.0,17083.0,0,20000.0,0,0.0,0,0.0,0,0.0,0,0.0,0,83.34,0,3.0,0,13.24,0,14.97,0,39.317,-76.586,45.0
2024-12-17 15:52:00,2024-12-17,2024-12-17 15:52:00,101.67,0,13.08,0,0.058,88.5,0,0.263,1.331,0,0.007,2.636,0,2.543,0,269.2,0,15.23,0.0,0,0.0,0,0.0,0,0.0,20000.0,0,20000.0,0,0.0,0,0.0,0,0.0,0,0.0,0,83.34,0,3.0,0,13.24,0,15.02,0,39.317,-76.586,45.0
2024-12-17 15:53:00,2024-12-17,2024-12-17 15:53:00,101.68,0,13.06,0,0.03,88.4,0,0.191,1.329,0,0.004,3.089,0,3.025,0,271.6,0,11.61,0.0,0,0.0,0,0.0,0,0.0,20000.0,0,20000.0,0,0.0,0,0.0,0,0.0,0,0.0,0,83.34,0,3.0,0,13.24,0,15.06,0,39.317,-76.586,45.0
2024-12-17 15:54:00,2024-12-17,2024-12-17 15:54:00,101.68,0,13.0,0,0.048,88.3,0,0.297,1.322,0,0.007,3.309,0,3.212,0,262.5,0,13.85,0.0,0,0.0,0,0.0,0,0.0,20000.0,0,20000.0,0,0.0,0,0.0,0,0.0,0,0.0,0,83.34,0,3.0,0,13.24,0,15.11,0,39.317,-76.586,45.0
2024-12-17 15:55:00,2024-12-17,2024-12-17 15:55:00,101.68,0,13.02,0,0.063,88.8,0,0.303,1.331,0,0.007,2.262,0,2.205,0,276.4,0,12.91,0.0,0,0.0,0,0.0,0,0.0,20000.0,0,20000.0,0,0.0,0,0.0,0,0.0,0,0.0,0,83.34,0,3.0,0,13.23,0,15.15,0,39.317,-76.586,45.0
2024-12-17 15:56:00,2024-12-17,2024-12-17 15:56:00,101.68,0,13.06,0,0.036,89.0,0,0.259,1.338,0,0.006,2.644,0,2.552,0,283.8,0,15.17,0.0,0,0.0,0,0.0,0,0.0,20000.0,0,20000.0,0,0.0,0,0.0,0,0.0,0,0.0,0,83.34,0,3.0,0,13.23,0,15.19,0,39.317,-76.586,45.0
2024-12-17 15:57:00,2024-12-17,2024-12-17 15:57:00,101.68,0,13.09,0,0.03,89.0,0,0.235,1.341,0,0.005,3.04,0,2.894,0,282.7,0,17.74,0.0,0,0.0,0,0.0,0,0.0,20000.0,0,20000.0,0,0.0,0,0.0,0,0.0,0,0.0,0,83.34,0,3.0,0,13.23,0,15.22,0,39.317,-76.586,45.0
2024-12-17 15:58:00,2024-12-17,2024-12-17 15:58:00,101.68,0,13.09,0,0.038,88.6,0,0.291,1.334,0,0.007,2.386,0,2.316,0,261.6,0,13.9,0.0,0,0.0,0,0.0,0,0.0,17944.0,0,20000.0,0,0.0,0,0.0,0,0.0,0,0.0,0,83.34,0,3.0,0,13.23,0,15.26,0,39.317,-76.586,45.0
2024-12-17 15:59:00,2024-12-17,2024-12-17 15:59:00,101.68,0,13.17,0,0.036,89.3,0,0.197,1.352,0,0.005,1.816,0,1.705,0,268.7,0,20.05,0.0,0,0.0,0,0.0,0,0.0,20000.0,0,20000.0,0,0.0,0,0.0,0,0.0,0,0.0,0,83.34,0,3.0,0,13.23,0,15.29,0,39.317,-76.586,45.0
2024-12-17 16:00:00,2024-12-17,2024-12-17 16:00:00,101.67,0,13.28,0,0.054,89.6,0,0.318,1.366,0,0.007,2.795,0,2.674,0,301.4,0,16.85,0.0,0,0.0,0,0.0,0,0.0,20000.0,0,20000.0,0,0.0,0,0.0,0,0.0,0,0.0,0,83.34,0,3.0,0,13.23,0,15.32,0,39.317,-76.586,45.0
2024-12-17 16:01:00,2024-12-17,2024-12-17 16:01:00,101.68,0,13.25,0,0.034,88.6,0,0.551,1.348,0,0.01,4.382,0,4.21,0,283.4,0,16.07,0.0,0,0.0,0,0.0,0,0.0,20000.0,0,20000.0,0,0.0,0,0.0,0,0.0,0,0.0,0,83.34,0,3.0,0,13.23,0,15.35,0,39.317,-76.586,45.0
2024-12-17 16:02:00,2024-12-17,2024-12-17 16:02:00,101.68,0,13.22,0,0.03,88.3,0,0.302,1.341,0,0.006,3.005,0,2.87,0,283.9,0,17.2,0.0,0,0.0,0,0.0,0,0.0,20000.0,0,20000.0,0,0.0,0,0.0,0,0.0,0,0.0,0,83.34,0,3.0,0,13.23,0,15.38,0,39.317,-76.586,45.0
2024-12-17 16:03:00,2024-12-17,2024-12-17 16:03:00,101.67,0,13.23,0,0.031,88.6,0,0.36,1.347,0,0.007,2.349,0,2.272,0,290.1,0,14.67,0.0,0,0.0,0,0.0,0,0.0,20000.0,0,20000.0,0,0.0,0,0.0,0,0.0,0,0.0,0,83.34,0,3.0,0,13.23,0,15.41,0,39.317,-76.586,45.0
2024-12-17 16:04:00,2024-12-17,2024-12-17 16:04:00,101.67,0,13.26,0,0.035,88.5,0,0.287,1.348,0,0.006,3.022,0,2.817,0,289.5,0,21.06,0.0,0,0.0,0,0.0,0,0.0,20000.0,0,20000.0,0,0.0,0,0.0,0,0.0,0,0.0,0,83.34,0,3.0,0,13.23,0,15.44,0,39.317,-76.586,45.0
2024-12-17 16:05:00,2024-12-17,2024-12-17 16:05:00,101.67,0,13.31,0,0.068,88.6,0,0.308,1.353,0,0.009,3.061,0,2.931,0,297.7,0,16.68,0.0,0,0.0,0,0.0,0,0.0,20000.0,0,20000.0,0,0.0,0,0.0,0,0.0,0,0.0,0,83.34,0,3.0,0,13.23,0,15.47,0,39.317,-76.586,45.0
2024-12-17 16:06:00,2024-12-17,2024-12-17 16:06:00,101.66,0,13.39,0,0.029,89.0,0,0.298,1.367,0,0.006,2.066,0,1.987,0,288.7,0,15.88,0.0,0,0.0,0,0.0,0,0.0,20000.0,0,20000.0,0,0.0,0,0.0,0,0.0,0,0.0,0,83.34,0,3.0,0,13.23,0,15.5,0,39.317,-76.586,45.0
2024-12-17 16:07:00,2024-12-17,2024-12-17 16:07:00,101.66,0,13.41,0,0.031,88.6,0,0.207,1.362,0,0.005,2.127,0,2.046,0,286.7,0,15.78,0.0,0,0.0,0,0.0,0,0.0,20000.0,0,20000.0,0,0.0,0,0.0,0,0.0,0,0.0,0,83.34,0,3.0,0,13.23,0,15.53,0,39.317,-76.586,45.0
2024-12-17 16:08:00,2024-12-17,2024-12-17 16:08:00,101.66,0,13.37,0,0.065,87.8,0,0.287,1.346,0,0.008,2.742,0,2.673,0,290.3,0,12.85,0.0,0,0.0,0,0.0,0,0.0,20000.0,0,20000.0,0,0.0,0,0.0,0,0.0,0,0.0,0,83.34,0,3.0,0,13.23,0,15.56,0,39.317,-76.586,45.0
2024-12-17 16:09:00,2024-12-17,2024-12-17 16:09:00,101.67,0,13.31,0,0.028,87.6,0,0.246,1.337,0,0.005,3.278,0,3.186,0,291.4,0,13.57,0.0,0,0.0,0,0.0,0,0.0,20000.0,0,20000.0,0,0.0,0,0.0,0,0.0,0,0.0,0,83.34,0,3.0,0,13.22,0,15.59,0,39.317,-76.586,45.0
2024-12-17 16:10:00,2024-12-17,2024-12-17 16:10:00,101.66,0,13.29,0,0.035,87.8,0,0.28,1.338,0,0.005,2.61,0,2.525,0,293.5,0,14.59,0.0,0,0.0,0,0.0,0,0.0,20000.0,0,20000.0,0,0.0,0,0.0,0,0.0,0,0.0,0,83.34,0,3.0,0,13.22,0,15.62,0,39.317,-76.586,45.0
2024-12-17 16:11:00,2024-12-17,2024-12-17 16:11:00,101.66,0,13.31,0,0.069,88.1,0,0.508,1.346,0,0.012,2.215,0,2.125,0,312.8,0,16.35,0.0,0,0.0,0,0.0,0,0.0,20000.0,0,20000.0,0,0.0,0,0.0,0,0.0,0,0.0,0,83.34,0,3.0,0,13.22,0,15.65,0,39.317,-76.586,45.0
2024-12-17 16:12:00,2024-12-17,2024-12-17 16:12:00,101.66,0,13.38,0,0.027,88.4,0,0.352,1.357,0,0.006,3.459,0,3.412,0,305.7,0,9.51,0.0,0,0.0,0,0.0,0,0.0,20000.0,0,20000.0,0,0.0,0,0.0,0,0.0,0,0.0,0,83.34,0,3.0,0,13.22,0,15.68,0,39.317,-76.586,45.0
2024-12-17 16:13:00,2024-12-17,2024-12-17 16:13:00,101.66,0,13.36,0,0.028,87.6,0,0.406,1.343,0,0.007,3.461,0,3.428,0,304.8,0,7.923,0.0,0,0.0,0,0.0,0,0.0,20000.0,0,20000.0,0,0.0,0,0.0,0,0.0,0,0.0,0,83.34,0,3.0,0,13.22,0,15.71,0,39.317,-76.586,45.0
2024-12-17 16:14:00,2024-12-17,2024-12-17 16:14:00,101.66,0,13.37,0,0.036,87.8,0,0.421,1.347,0,0.008,3.193,0,3.155,0,304.3,0,8.8,0.0,0,0.0,0,0.0,0,0.0,20000.0,0,20000.0,0,0.0,0,0.0,0,0.0,0,0.0,0,83.34,0,3.0,0,13.22,0,15.74,0,39.317,-76.586,45.0
2024-12-17 16:15:00,2024-12-17,2024-12-17 16:15:00,101.66,0,13.34,0,0.04,87.1,0,0.309,1.333,0,0.007,2.385,0,2.329,0,302.3,0,12.4,0.0,0,0.0,0,0.0,0,0.0,20000.0,0,20000.0,0,0.0,0,0.0,0,0.0,0,0.0,0,83.34,0,3.0,0,13.22,0,15.78,0,39.317,-76.586,45.0
2024-12-17 16:16:00,2024-12-17,2024-12-17 16:16:00,101.67,0,13.37,0,0.037,87.5,0,0.326,1.342,0,0.006,3.29,0,3.231,0,308.1,0,10.82,0.0,0,0.0,0,0.0,0,0.0,20000.0,0,20000.0,0,0.0,0,0.0,0,0.0,0,0.0,0,83.34,0,3.0,0,13.22,0,15.81,0,39.317,-76.586,45.0
2024-12-17 16:17:00,2024-12-17,2024-12-17 16:17:00,101.67,0,13.4,0,0.037,87.4,0,0.341,1.343,0,0.007,4.124,0,4.096,0,305.9,0,6.72,0.0,0,0.0,0,0.0,0,0.0,20000.0,0,20000.0,0,0.0,0,0.0,0,0.0,0,0.0,0,83.34,0,3.0,0,13.22,0,15.84,0,39.317,-76.586,45.0
2024-12-17 16:18:00,2024-12-17,2024-12-17 16:18:00,101.67,0,13.3,0,0.038,86.4,0,0.278,1.318,0,0.007,3.864,0,3.819,0,307.5,0,8.77,0.0,0,0.0,0,0.0,0,0.0,20000.0,0,20000.0,0,0.0,0,0.0,0,0.0,0,0.0,0,83.34,0,3.0,0,13.22,0,15.88,0,39.317,-76.586,45.0
2024-12-17 16:19:00,2024-12-17,2024-12-17 16:19:00,101.68,0,13.25,0,0.039,86.5,0,0.212,1.316,0,0.005,4.016,0,3.967,0,286.5,0,8.95,0.0,0,0.0,0,0.0,0,0.0,20000.0,0,20000.0,0,0.0,0,0.0,0,0.0,0,0.0,0,83.34,0,3.0,0,13.22,0,15.91,0,39.317,-76.586,45.0
2024-12-17 16:20:00,2024-12-17,2024-12-17 16:20:00,101.68,0,13.22,0,0.027,86.5,0,0.267,1.313,0,0.005,3.726,0,3.705,0,293.9,0,5.98,0.0,0,0.0,0,0.0,0,0.0,20000.0,0,20000.0,0,0.0,0,0.0,0,0.0,0,0.0,0,83.34,0,3.0,0,13.22,0,15.95,0,39.317,-76.586,45.0
2024-12-17 16:21:00,2024-12-17,2024-12-17 16:21:00,101.67,0,13.2,0,0.03,86.8,0,0.35,1.316,0,0.007,2.582,0,2.517,0,300.9,0,12.88,0.0,0,0.0,0,0.0,0,0.0,20000.0,0,20000.0,0,0.0,0,0.0,0,0.0,0,0.0,0,83.34,0,3.0,0,13.22,0,15.99,0,39.317,-76.586,45.0
2024-12-17 16:22:00,2024-12-17,2024-12-17 16:22:00,101.67,0,13.24,0,0.036,87.3,0,0.258,1.327,0,0.006,2.034,0,1.939,0,294.7,0,17.45,0.0,0,0.0,0,0.0,0,0.0,20000.0,0,20000.0,0,0.0,0,0.0,0,0.0,0,0.0,0,83.34,0,3.0,0,13.22,0,16.02,0,39.317,-76.586,45.0
2024-12-17 16:23:00,2024-12-17,2024-12-17 16:23:00,101.67,0,13.32,0,0.032,87.8,0,0.313,1.342,0,0.006,2.492,0,2.348,0,288.3,0,19.49,0.0,0,0.0,0,0.0,0,0.0,20000.0,0,20000.0,0,0.0,0,0.0,0,0.0,0,0.0,0,83.34,0,3.0,0,13.21,0,16.05,0,39.317,-76.586,45.0
2024-12-17 16:24:00,2024-12-17,2024-12-17 16:24:00,101.67,0,13.37,0,0.033,87.8,0,0.382,1.346,0,0.006,2.096,0,2.054,0,304.7,0,11.35,0.0,0,0.0,0,0.0,0,0.0,20000.0,0,20000.0,0,0.0,0,0.0,0,0.0,0,0.0,0,83.34,0,3.0,0,13.21,0,16.08,0,39.317,-76.586,45.0
2024-12-17 16:25:00,2024-12-17,2024-12-17 16:25:00,101.67,0,13.48,0,0.037,88.1,0,0.332,1.361,0,0.007,2.876,0,2.822,0,298.6,0,11.15,0.0,0,0.0,0,0.0,0,0.0,20000.0,0,20000.0,0,0.0,0,0.0,0,0.0,0,0.0,0,83.34,0,3.0,0,13.21,0,16.11,0,39.317,-76.586,45.0
2024-12-17 16:26:00,2024-12-17,2024-12-17 16:26:00,101.68,0,13.51,0,0.036,87.6,0,0.266,1.356,0,0.006,2.359,0,2.284,0,314.4,0,14.44,0.0,0,0.0,0,0.0,0,0.0,20000.0,0,20000.0,0,0.0,0,0.0,0,0.0,0,0.0,0,83.34,0,3.0,0,13.21,0,16.13,0,39.317,-76.586,45.0
2024-12-17 16:27:00,2024-12-17,2024-12-17 16:27:00,101.68,0,13.53,0,0.036,87.1,0,0.231,1.349,0,0.005,2.285,0,2.154,0,307.3,0,19.42,0.0,0,0.0,0,0.0,0,0.0,20000.0,0,20000.0,0,0.0,0,0.0,0,0.0,0,0.0,0,83.34,0,3.0,0,13.21,0,16.17,0,39.317,-76.586,45.0
2024-12-17 16:28:00,2024-12-17,2024-12-17 16:28:00,101.68,0,13.57,0,0.034,87.2,0,0.253,1.354,0,0.006,2.688,0,2.611,0,298.3,0,13.75,0.0,0,0.0,0,0.0,0,0.0,20000.0,0,20000.0,0,0.0,0,0.0,0,0.0,0,0.0,0,83.34,0,3.0,0,13.21,0,16.19,0,39.317,-76.586,45.0
2024-12-17 16:29:00,2024-12-17,2024-12-17 16:29:00,101.68,0,13.62,0,0.036,87.1,0,0.265,1.358,0,0.006,2.793,0,2.724,0,306.7,0,12.7,0.0,0,0.0,0,0.0,0,0.0,20000.0,0,20000.0,0,0.0,0,0.0,0,0.0,0,0.0,0,83.34,0,3.0,0,13.21,0,16.22,0,39.317,-76.586,45.0
2024-12-17 16:30:00,2024-12-17,2024-12-17 16:30:00,101.68,0,13.61,0,0.043,87.2,0,0.504,1.358,0,0.011,4.232,0,4.164,0,313.8,0,10.27,0.0,0,0.0,0,0.0,0,0.0,20000.0,0,20000.0,0,0.0,0,0.0,0,0.0,0,0.0,0,83.34,0,3.0,0,13.21,0,16.25,0,39.317,-76.586,45.0
2024-12-17 16:31:00,2024-12-17,2024-12-17 16:31:00,101.67,0,13.44,0,0.052,86.0,0,0.275,1.324,0,0.008,4.371,0,4.287,0,333.8,0,11.24,0.0,0,0.0,0,0.0,0,0.0,20000.0,0,20000.0,0,0.0,0,0.0,0,0.0,0,0.0,0,83.34,0,3.0,0,13.21,0,16.27,0,39.317,-76.586,45.0
2024-12-17 16:32:00,2024-12-17,2024-12-17 16:32:00,101.67,0,13.34,0,0.039,86.6,0,0.409,1.325,0,0.006,3.417,0,3.363,0,307.6,0,10.16,0.0,0,0.0,0,0.0,0,0.0,20000.0,0,20000.0,0,0.0,0,0.0,0,0.0,0,0.0,0,83.34,0,3.0,0,13.21,0,16.3,0,39.317,-76.586,45.0
2024-12-17 16:33:00,2024-12-17,2024-12-17 16:33:00,101.66,0,13.25,0,0.066,86.5,0,0.297,1.315,0,0.006,3.869,0,3.761,0,296.2,0,13.53,0.0,0,0.0,0,0.0,0,0.0,20000.0,0,20000.0,0,0.0,0,0.0,0,0.0,0,0.0,0,83.34,0,3.0,0,13.21,0,16.32,0,39.317,-76.586,45.0
2024-12-17 16:34:00,2024-12-17,2024-12-17 16:34:00,101.66,0,13.18,0,0.036,86.4,0,0.253,1.309,0,0.005,3.463,0,3.28,0,297.2,0,18.6,0.0,0,0.0,0,0.0,0,0.0,20000.0,0,20000.0,0,0.0,0,0.0,0,0.0,0,0.0,0,83.34,0,3.0,0,13.21,0,16.34,0,39.317,-76.586,45.0
2024-12-17 16:35:00,2024-12-17,2024-12-17 16:35:00,101.66,0,13.19,0,0.025,87.0,0,0.232,1.319,0,0.004,3.837,0,3.75,0,277.4,0,12.18,0.0,0,0.0,0,0.0,0,0.0,20000.0,0,20000.0,0,0.0,0,0.0,0,0.0,0,0.0,0,83.34,0,3.0,0,13.21,0,16.36,0,39.317,-76.586,45.0
2024-12-17 16:36:00,2024-12-17,2024-12-17 16:36:00,101.65,0,13.2,0,0.027,87.0,0,0.293,1.319,0,0.006,3.265,0,3.213,0,265.8,0,10.2,0.0,0,0.0,0,0.0,0,0.0,20000.0,0,20000.0,0,0.0,0,0.0,0,0.0,0,0.0,0,83.34,0,3.0,0,13.21,0,16.38,0,39.317,-76.586,45.0
2024-12-17 16:37:00,2024-12-17,2024-12-17 16:37:00,101.65,0,13.17,0,0.028,86.7,0,0.223,1.312,0,0.005,3.464,0,3.395,0,270.2,0,11.44,0.0,0,0.0,0,0.0,0,0.0,20000.0,0,20000.0,0,0.0,0,0.0,0,0.0,0,0.0,0,83.34,0,3.0,0,13.21,0,16.39,0,39.317,-76.586,45.0
2024-12-17 16:38:00,2024-12-17,2024-12-17 16:38:00,101.65,0,13.19,0,0.037,86.9,0,0.263,1.318,0,0.006,2.982,0,2.916,0,270.2,0,12.09,0.0,0,0.0,0,0.0,0,0.0,20000.0,0,20000.0,0,0.0,0,0.0,0,0.0,0,0.0,0,83.34,0,3.0,0,13.21,0,16.41,0,39.317,-76.586,45.0
2024-12-17 16:39:00,2024-12-17,2024-12-17 16:39:00,101.65,0,13.17,0,0.031,86.6,0,0.2,1.311,0,0.004,2.595,0,2.52,0,276.4,0,13.78,0.0,0,0.0,0,0.0,0,0.0,20000.0,0,20000.0,0,0.0,0,0.0,0,0.0,0,0.0,0,83.34,0,3.0,0,13.21,0,16.42,0,39.317,-76.586,45.0
2024-12-17 16:40:00,2024-12-17,2024-12-17 16:40:00,101.65,0,13.22,0,0.048,87.1,0,0.58,1.321,0,0.012,1.748,0,1.669,0,281.4,0,17.16,0.0,0,0.0,0,0.0,0,0.0,20000.0,0,20000.0,0,0.0,0,0.0,0,0.0,0,0.0,0,83.34,0,3.0,0,13.21,0,16.44,0,39.317,-76.586,45.0
2024-12-17 16:41:00,2024-12-17,2024-12-17 16:41:00,101.65,0,13.32,0,0.034,87.7,0,0.206,1.34,0,0.005,1.952,0,1.765,0,254.2,0,25.09,0.0,0,0.0,0,0.0,0,0.0,20000.0,0,20000.0,0,0.0,0,0.0,0,0.0,0,0.0,0,83.34,0,3.0,0,13.21,0,16.45,0,39.317,-76.586,45.0
2024-12-17 16:42:00,2024-12-17,2024-12-17 16:42:00,101.65,0,13.34,0,0.035,86.9,0,0.507,1.329,0,0.01,3.512,0,3.48,0,262.6,0,7.682,0.0,0,0.0,0,0.0,0,0.0,20000.0,0,20000.0,0,0.0,0,0.0,0,0.0,0,0.0,0,83.34,0,3.0,0,13.2,0,16.47,0,39.317,-76.586,45.0
2024-12-17 16:43:00,2024-12-17,2024-12-17 16:43:00,101.64,0,13.28,0,0.029,86.1,0,0.27,1.313,0,0.005,2.777,0,2.722,0,257.3,0,11.39,0.0,0,0.0,0,0.0,0,0.0,20000.0,0,20000.0,0,0.0,0,0.0,0,0.0,0,0.0,0,83.34,0,3.0,0,13.21,0,16.48,0,39.317,-76.586,45.0
2024-12-17 16:44:00,2024-12-17,2024-12-17 16:44:00,101.65,0,13.24,0,0.038,86.1,0,0.345,1.309,0,0.008,2.772,0,2.699,0,251.9,0,13.11,0.0,0,0.0,0,0.0,0,0.0,20000.0,0,20000.0,0,0.0,0,0.0,0,0.0,0,0.0,0,83.34,0,3.0,0,13.2,0,16.5,0,39.317,-76.586,45.0
2024-12-17 16:45:00,2024-12-17,2024-12-17 16:45:00,101.65,0,13.31,0,0.057,87.0,0,0.735,1.329,0,0.015,1.501,0,1.42,0,269.7,0,18.79,0.0,0,0.0,0,0.0,0,0.0,20000.0,0,20000.0,0,0.0,0,0.0,0,0.0,0,0.0,0,83.34,0,3.0,0,13.2,0,16.51,0,39.317,-76.586,45.0
2024-12-17 16:46:00,2024-12-17,2024-12-17 16:46:00,101.65,0,13.34,0,0.031,86.7,0,0.443,1.327,0,0.008,2.445,0,2.415,0,260.7,0,9.05,0.0,0,0.0,0,0.0,0,0.0,20000.0,0,20000.0,0,0.0,0,0.0,0,0.0,0,0.0,0,83.34,0,3.0,0,13.2,0,16.53,0,39.317,-76.586,45.0
2024-12-17 16:47:00,2024-12-17,2024-12-17 16:47:00,101.65,0,13.31,0,0.034,86.3,0,0.261,1.319,0,0.005,2.344,0,2.269,0,272.9,0,14.5,0.0,0,0.0,0,0.0,0,0.0,20000.0,0,20000.0,0,0.0,0,0.0,0,0.0,0,0.0,0,83.34,0,3.0,0,13.2,0,16.55,0,39.317,-76.586,45.0
2024-12-17 16:48:00,2024-12-17,2024-12-17 16:48:00,101.64,0,13.43,0,0.046,87.2,0,0.424,1.343,0,0.009,2.105,0,2.044,0,276.0,0,13.81,0.0,0,0.0,0,0.0,0,0.0,20000.0,0,20000.0,0,0.0,0,0.0,0,0.0,0,0.0,0,83.34,0,3.0,0,13.2,0,16.56,0,39.317,-76.586,45.0
2024-12-17 16:49:00,2024-12-17,2024-12-17 16:49:00,101.64,0,13.53,0,0.048,86.9,0,0.303,1.346,0,0.008,1.695,0,1.661,0,284.3,0,11.47,0.0,0,0.0,0,0.0,0,0.0,20000.0,0,20000.0,0,0.0,0,0.0,0,0.0,0,0.0,0,83.34,0,3.0,0,13.2,0,16.58,0,39.317,-76.586,45.0
2024-12-17 16:50:00,2024-12-17,2024-12-17 16:50:00,101.65,0,13.61,0,0.039,86.4,0,0.342,1.346,0,0.006,1.331,0,1.257,0,296.6,0,19.11,0.0,0,0.0,0,0.0,0,0.0,20000.0,0,20000.0,0,0.0,0,0.0,0,0.0,0,0.0,0,83.34,0,3.0,0,13.2,0,16.6,0,39.317,-76.586,45.0
2024-12-17 16:51:00,2024-12-17,2024-12-17 16:51:00,101.65,0,13.81,0,0.085,87.0,0,0.348,1.372,0,0.012,2.032,0,1.895,0,285.4,0,21.02,0.0,0,0.0,0,0.0,0,0.0,20000.0,0,20000.0,0,0.0,0,0.0,0,0.0,0,0.0,0,83.34,0,3.0,0,13.2,0,16.63,0,39.317,-76.586,45.0
2024-12-17 16:52:00,2024-12-17,2024-12-17 16:52:00,101.64,0,14.01,0,0.026,87.1,0,0.716,1.392,0,0.012,1.215,0,1.123,0,262.4,0,22.32,0.0,0,0.0,0,0.0,0,0.0,20000.0,0,20000.0,0,0.0,0,0.0,0,0.0,0,0.0,0,83.34,0,3.0,0,13.2,0,16.65,0,39.317,-76.586,45.0
2024-12-17 16:53:00,2024-12-17,2024-12-17 16:53:00,101.64,0,14.03,0,0.031,85.8,0,0.5,1.374,0,0.01,2.285,0,2.197,0,265.9,0,15.88,0.0,0,0.0,0,0.0,0,0.0,20000.0,0,20000.0,0,0.0,0,0.0,0,0.0,0,0.0,0,83.34,0,3.0,0,13.2,0,16.68,0,39.317,-76.586,45.0
2024-12-17 16:54:00,2024-12-17,2024-12-17 16:54:00,101.63,0,13.94,0,0.033,84.3,0,0.265,1.341,0,0.006,2.326,0,2.186,0,265.5,0,19.85,0.0,0,0.0,0,0.0,0,0.0,20000.0,0,20000.0,0,0.0,0,0.0,0,0.0,0,0.0,0,83.34,0,3.0,0,13.2,0,16.71,0,39.317,-76.586,45.0
2024-12-17 16:55:00,2024-12-17,2024-12-17 16:55:00,101.63,0,13.9,0,0.043,84.7,0,0.49,1.344,0,0.011,2.688,0,2.596,0,268.9,0,15.04,0.0,0,0.0,0,0.0,0,0.0,20000.0,0,20000.0,0,0.0,0,0.0,0,0.0,0,0.0,0,83.34,0,3.0,0,13.2,0,16.74,0,39.317,-76.586,45.0
2024-12-17 16:56:00,2024-12-17,2024-12-17 16:56:00,101.63,0,13.79,0,0.054,84.2,0,0.359,1.327,0,0.009,3.08,0,3.049,0,255.5,0,8.17,0.0,0,0.0,0,0.0,0,0.0,20000.0,0,20000.0,0,0.0,0,0.0,0,0.0,0,0.0,0,83.34,0,3.0,0,13.2,0,16.77,0,39.317,-76.586,45.0
2024-12-17 16:57:00,2024-12-17,2024-12-17 16:57:00,101.62,0,13.69,0,0.029,84.2,0,0.419,1.318,0,0.007,3.394,0,3.317,0,269.8,0,12.21,0.0,0,0.0,0,0.0,0,0.0,20000.0,0,20000.0,0,0.0,0,0.0,0,0.0,0,0.0,0,83.34,0,3.0,0,13.2,0,16.8,0,39.317,-76.586,45.0
2024-12-17 16:58:00,2024-12-17,2024-12-17 16:58:00,101.62,0,13.73,0,0.038,85.1,0,0.488,1.335,0,0.01,2.069,0,2.036,0,262.4,0,10.33,0.0,0,0.0,0,0.0,0,0.0,20000.0,0,20000.0,0,0.0,0,0.0,0,0.0,0,0.0,0,83.34,0,3.0,0,13.2,0,16.83,0,39.317,-76.586,45.0
2024-12-17 16:59:00,2024-12-17,2024-12-17 16:59:00,101.62,0,13.75,0,0.034,85.0,0,0.461,1.337,0,0.009,1.818,0,1.655,0,270.8,0,24.22,0.0,0,0.0,0,0.0,0,0.0,20000.0,0,20000.0,0,0.0,0,0.0,0,0.0,0,0.0,0,83.34,0,3.0,0,13.2,0,16.86,0,39.317,-76.586,45.0
2024-12-17 17:00:00,2024-12-17,2024-12-17 17:00:00,101.62,0,13.86,0,0.029,85.7,0,0.515,1.356,0,0.008,2.004,0,1.853,0,279.2,0,22.27,0.0,0,0.0,0,0.0,0,0.0,20000.0,0,20000.0,0,0.0,0,0.0,0,0.0,0,0.0,0,83.34,0,3.0,0,13.19,0,16.89,0,39.317,-76.586,45.0
2024-12-17 17:01:00,2024-12-17,2024-12-17 17:01:00,101.62,0,13.83,0,0.046,84.1,0,0.612,1.33,0,0.013,2.7,0,2.651,0,285.1,0,10.91,0.0,0,0.0,0,0.0,0,0.0,20000.0,0,20000.0,0,0.0,0,0.0,0,0.0,0,0.0,0,83.34,0,3.0,0,13.19,0,16.92,0,39.317,-76.586,45.0
2024-12-17 17:02:00,2024-12-17,2024-12-17 17:02:00,101.62,0,13.79,0,0.027,83.7,0,0.393,1.319,0,0.007,2.53,0,2.454,0,305.2,0,14.07,0.0,0,0.0,0,0.0,0,0.0,20000.0,0,20000.0,0,0.0,0,0.0,0,0.0,0,0.0,0,83.34,0,3.0,0,13.19,0,16.95,0,39.317,-76.586,45.0
2024-12-17 17:03:00,2024-12-17,2024-12-17 17:03:00,101.62,0,13.74,0,0.032,83.8,0,0.214,1.316,0,0.005,2.486,0,2.377,0,292.3,0,16.97,0.0,0,0.0,0,0.0,0,0.0,20000.0,0,20000.0,0,0.0,0,0.0,0,0.0,0,0.0,0,83.34,0,3.0,0,13.19,0,16.98,0,39.317,-76.586,45.0
2024-12-17 17:04:00,2024-12-17,2024-12-17 17:04:00,101.62,0,13.79,0,0.042,84.3,0,0.309,1.328,0,0.008,2.143,0,2.054,0,279.8,0,16.5,0.0,0,0.0,0,0.0,0,0.0,20000.0,0,20000.0,0,0.0,0,0.0,0,0.0,0,0.0,0,83.34,0,3.0,0,13.19,0,17.01,0,39.317,-76.586,45.0
2024-12-17 17:05:00,2024-12-17,2024-12-17 17:05:00,101.62,0,13.86,0,0.029,84.4,0,0.502,1.335,0,0.009,2.636,0,2.611,0,304.4,0,7.955,0.0,0,0.0,0,0.0,0,0.0,20000.0,0,20000.0,0,0.0,0,0.0,0,0.0,0,0.0,0,83.34,0,3.0,0,13.19,0,17.04,0,39.317,-76.586,45.0
2024-12-17 17:06:00,2024-12-17,2024-12-17 17:06:00,101.62,0,13.88,0,0.036,84.3,0,0.478,1.336,0,0.01,2.318,0,2.253,0,285.3,0,13.49,0.0,0,0.0,0,0.0,0,0.0,20000.0,0,20000.0,0,0.0,0,0.0,0,0.0,0,0.0,0,83.34,0,3.0,0,13.19,0,17.07,0,39.317,-76.586,45.0
2024-12-17 17:07:00,2024-12-17,2024-12-17 17:07:00,101.62,0,13.89,0,0.026,83.6,0,0.267,1.327,0,0.005,2.058,0,1.997,0,292.3,0,13.93,0.0,0,0.0,0,0.0,0,0.0,20000.0,0,20000.0,0,0.0,0,0.0,0,0.0,0,0.0,0,83.34,0,3.0,0,13.19,0,17.09,0,39.317,-76.586,45.0
2024-12-17 17:08:00,2024-12-17,2024-12-17 17:08:00,101.62,0,13.98,0,0.036,84.2,0,0.38,1.343,0,0.008,2.243,0,2.185,0,289.1,0,12.92,0.0,0,0.0,0,0.0,0,0.0,20000.0,0,20000.0,0,0.0,0,0.0,0,0.0,0,0.0,0,83.34,0,3.0,0,13.19,0,17.12,0,39.317,-76.586,45.0
2024-12-17 17:09:00,2024-12-17,2024-12-17 17:09:00,101.62,0,14.03,0,0.05,83.7,0,0.458,1.34,0,0.009,2.881,0,2.842,0,293.9,0,9.41,0.0,0,0.0,0,0.0,0,0.0,20000.0,0,20000.0,0,0.0,0,0.0,0,0.0,0,0.0,0,83.34,0,3.0,0,13.19,0,17.14,0,39.317,-76.586,45.0
2024-12-17 17:10:00,2024-12-17,2024-12-17 17:10:00,101.62,0,14.01,0,0.033,83.1,0,0.225,1.328,0,0.005,2.814,0,2.748,0,283.9,0,12.46,0.0,0,0.0,0,0.0,0,0.0,20000.0,0,20000.0,0,0.0,0,0.0,0,0.0,0,0.0,0,83.34,0,3.0,0,13.19,0,17.18,0,39.317,-76.586,45.0
2024-12-17 17:11:00,2024-12-17,2024-12-17 17:11:00,101.62,0,14.01,0,0.03,83.0,0,0.329,1.326,0,0.007,2.432,0,2.373,0,282.3,0,12.61,0.0,0,0.0,0,0.0,0,0.0,20000.0,0,20000.0,0,0.0,0,0.0,0,0.0,0,0.0,0,83.34,0,3.0,0,13.19,0,17.2,0,39.317,-76.586,45.0
2024-12-17 17:12:00,2024-12-17,2024-12-17 17:12:00,101.62,0,14.04,0,0.027,83.1,0,0.245,1.331,0,0.004,2.463,0,2.373,0,278.0,0,15.46,0.0,0,0.0,0,0.0,0,0.0,20000.0,0,20000.0,0,0.0,0,0.0,0,0.0,0,0.0,0,83.34,0,3.0,0,13.19,0,17.23,0,39.317,-76.586,45.0
2024-12-17 17:13:00,2024-12-17,2024-12-17 17:13:00,101.62,0,14.06,0,0.031,83.1,0,0.289,1.332,0,0.006,2.978,0,2.945,0,276.5,0,8.52,0.0,0,0.0,0,0.0,0,0.0,20000.0,0,20000.0,0,0.0,0,0.0,0,0.0,0,0.0,0,83.34,0,3.0,0,13.19,0,17.26,0,39.317,-76.586,45.0
2024-12-17 17:14:00,2024-12-17,2024-12-17 17:14:00,101.61,0,14.06,0,0.03,82.9,0,0.307,1.329,0,0.006,2.638,0,2.55,0,267.8,0,14.79,0.0,0,0.0,0,0.0,0,0.0,20000.0,0,20000.0,0,0.0,0,0.0,0,0.0,0,0.0,0,83.34,0,3.0,0,13.19,0,17.28,0,39.317,-76.586,45.0
2024-12-17 17:15:00,2024-12-17,2024-12-17 17:15:00,101.61,0,14.09,0,0.033,82.8,0,0.425,1.33,0,0.009,1.779,0,1.703,0,271.7,0,16.68,0.0,0,0.0,0,0.0,0,0.0,20000.0,0,20000.0,0,0.0,0,0.0,0,0.0,0,0.0,0,83.34,0,3.0,0,13.18,0,17.31,0,39.317,-76.586,45.0
2024-12-17 17:16:00,2024-12-17,2024-12-17 17:16:00,101.61,0,14.17,0,0.027,83.2,0,0.476,1.343,0,0.009,3.005,0,2.966,0,283.7,0,9.23,0.0,0,0.0,0,0.0,0,0.0,20000.0,0,20000.0,0,0.0,0,0.0,0,0.0,0,0.0,0,83.34,0,3.0,0,13.18,0,17.34,0,39.317,-76.586,45.0
2024-12-17 17:17:00,2024-12-17,2024-12-17 17:17:00,101.61,0,14.13,0,0.032,82.4,0,0.343,1.327,0,0.007,3.232,0,3.173,0,268.4,0,10.98,0.0,0,0.0,0,0.0,0,0.0,20000.0,0,20000.0,0,0.0,0,0.0,0,0.0,0,0.0,0,83.34,0,3.0,0,13.18,0,17.36,0,39.317,-76.586,45.0
2024-12-17 17:18:00,2024-12-17,2024-12-17 17:18:00,101.61,0,14.14,0,0.026,82.5,0,0.291,1.331,0,0.006,2.234,0,2.112,0,275.9,0,18.93,0.0,0,0.0,0,0.0,0,0.0,20000.0,0,20000.0,0,0.0,0,0.0,0,0.0,0,0.0,0,83.34,0,3.0,0,13.18,0,17.39,0,39.317,-76.586,45.0
2024-12-17 17:19:00,2024-12-17,2024-12-17 17:19:00,101.62,0,14.17,0,0.046,82.5,0,0.564,1.333,0,0.012,2.27,0,2.18,0,274.9,0,16.19,0.0,0,0.0,0,0.0,0,0.0,20000.0,0,20000.0,0,0.0,0,0.0,0,0.0,0,0.0,0,83.34,0,3.0,0,13.18,0,17.42,0,39.317,-76.586,45.0
2024-12-17 17:20:00,2024-12-17,2024-12-17 17:20:00,101.61,0,14.24,0,0.032,82.6,0,0.522,1.34,0,0.009,2.537,0,2.465,0,275.0,0,13.57,0.0,0,0.0,0,0.0,0,0.0,20000.0,0,20000.0,0,0.0,0,0.0,0,0.0,0,0.0,0,83.34,0,3.0,0,13.18,0,17.44,0,39.317,-76.586,45.0
2024-12-17 17:21:00,2024-12-17,2024-12-17 17:21:00,101.61,0,14.24,0,0.025,82.0,0,0.223,1.331,0,0.004,2.592,0,2.532,0,277.0,0,12.38,0.0,0,0.0,0,0.0,0,0.0,20000.0,0,20000.0,0,0.0,0,0.0,0,0.0,0,0.0,0,83.34,0,3.0,0,13.18,0,17.47,0,39.317,-76.586,45.0
2024-12-17 17:22:00,2024-12-17,2024-12-17 17:22:00,101.61,0,14.24,0,0.026,81.9,0,0.265,1.328,0,0.005,2.927,0,2.825,0,277.0,0,15.13,0.0,0,0.0,0,0.0,0,0.0,20000.0,0,20000.0,0,0.0,0,0.0,0,0.0,0,0.0,0,83.34,0,3.0,0,13.18,0,17.49,0,39.317,-76.586,45.0
2024-12-17 17:23:00,2024-12-17,2024-12-17 17:23:00,101.61,0,14.23,0,0.028,81.5,0,0.217,1.322,0,0.005,2.308,0,2.271,0,290.6,0,10.2,0.0,0,0.0,0,0.0,0,0.0,20000.0,0,20000.0,0,0.0,0,0.0,0,0.0,0,0.0,0,83.34,0,3.0,0,13.18,0,17.52,0,39.317,-76.586,45.0
2024-12-17 17:24:00,2024-12-17,2024-12-17 17:24:00,101.61,0,14.28,0,0.046,81.8,0,0.44,1.33,0,0.01,1.913,0,1.863,0,294.1,0,13.0,0.0,0,0.0,0,0.0,0,0.0,20000.0,0,20000.0,0,0.0,0,0.0,0,0.0,0,0.0,0,83.34,0,3.0,0,13.18,0,17.54,0,39.317,-76.586,45.0
2024-12-17 17:25:00,2024-12-17,2024-12-17 17:25:00,101.61,0,14.36,0,0.033,81.9,0,0.484,1.339,0,0.008,2.561,0,2.528,0,303.0,0,9.26,0.0,0,0.0,0,0.0,0,0.0,20000.0,0,20000.0,0,0.0,0,0.0,0,0.0,0,0.0,0,83.34,0,3.0,0,13.18,0,17.57,0,39.317,-76.586,45.0
2024-12-17 17:26:00,2024-12-17,2024-12-17 17:26:00,101.62,0,14.43,0,0.034,81.8,0,0.405,1.344,0,0.008,2.063,0,2.028,0,294.9,0,10.59,0.0,0,0.0,0,0.0,0,0.0,20000.0,0,20000.0,0,0.0,0,0.0,0,0.0,0,0.0,0,83.34,0,3.0,0,13.18,0,17.59,0,39.317,-76.586,45.0
2024-12-17 17:27:00,2024-12-17,2024-12-17 17:27:00,101.61,0,14.42,0,0.028,80.7,0,0.255,1.325,0,0.005,3.027,0,2.937,0,273.1,0,13.9,0.0,0,0.0,0,0.0,0,0.0,20000.0,0,20000.0,0,0.0,0,0.0,0,0.0,0,0.0,0,83.34,0,3.0,0,13.18,0,17.62,0,39.317,-76.586,45.0
2024-12-17 17:28:00,2024-12-17,2024-12-17 17:28:00,101.61,0,14.45,0,0.027,81.0,0,0.232,1.333,0,0.005,2.172,0,2.099,0,282.4,0,14.9,0.0,0,0.0,0,0.0,0,0.0,20000.0,0,20000.0,0,0.0,0,0.0,0,0.0,0,0.0,0,83.34,0,3.0,0,13.18,0,17.64,0,39.317,-76.586,45.0
2024-12-17 17:29:00,2024-12-17,2024-12-17 17:29:00,101.61,0,14.43,0,0.029,79.97,0,0.543,1.314,0,0.01,2.623,0,2.559,0,281.9,0,12.63,0.0,0,0.0,0,0.0,0,0.0,20000.0,0,20000.0,0,0.0,0,0.0,0,0.0,0,0.0,0,83.34,0,3.0,0,13.18,0,17.67,0,39.317,-76.586,45.0
2024-12-17 17:30:00,2024-12-17,2024-12-17 17:30:00,101.61,0,14.47,0,0.039,80.5,0,0.461,1.325,0,0.01,2.551,0,2.512,0,298.5,0,10.05,0.0,0,0.0,0,0.0,0,0.0,20000.0,0,20000.0,0,0.0,0,0.0,0,0.0,0,0.0,0,83.34,0,3.0,0,13.18,0,17.7,0,39.317,-76.586,45.0
2024-12-17 17:31:00,2024-12-17,2024-12-17 17:31:00,101.61,0,14.55,0,0.034,80.6,0,0.226,1.334,0,0.005,2.104,0,1.981,0,288.7,0,19.54,0.0,0,0.0,0,0.0,0,0.0,20000.0,0,20000.0,0,0.0,0,0.0,0,0.0,0,0.0,0,83.34,0,3.0,0,13.18,0,17.72,0,39.317,-76.586,45.0
2024-12-17 17:32:00,2024-12-17,2024-12-17 17:32:00,101.61,0,14.62,0,0.028,79.72,0,0.686,1.326,0,0.012,2.741,0,2.66,0,276.1,0,13.86,0.0,0,0.0,0,0.0,0,0.0,20000.0,0,20000.0,0,0.0,0,0.0,0,0.0,0,0.0,0,83.34,0,3.0,0,13.17,0,17.75,0,39.317,-76.586,45.0
2024-12-17 17:33:00,2024-12-17,2024-12-17 17:33:00,101.61,0,14.62,0,0.026,78.75,0,0.545,1.31,0,0.01,3.206,0,3.05,0,294.4,0,17.86,0.0,0,0.0,0,0.0,0,0.0,20000.0,0,20000.0,0,0.0,0,0.0,0,0.0,0,0.0,0,83.34,0,3.0,0,13.17,0,17.78,0,39.317,-76.586,45.0
2024-12-17 17:34:00,2024-12-17,2024-12-17 17:34:00,101.61,0,14.6,0,0.025,78.1,0,0.248,1.297,0,0.005,3.654,0,3.582,0,275.9,0,11.36,0.0,0,0.0,0,0.0,0,0.0,20000.0,0,20000.0,0,0.0,0,0.0,0,0.0,0,0.0,0,83.34,0,3.0,0,13.17,0,17.81,0,39.317,-76.586,45.0
2024-12-17 17:35:00,2024-12-17,2024-12-17 17:35:00,101.61,0,14.59,0,0.043,77.77,0,0.353,1.291,0,0.007,3.461,0,3.374,0,274.3,0,12.83,0.0,0,0.0,0,0.0,0,0.0,20000.0,0,20000.0,0,0.0,0,0.0,0,0.0,0,0.0,0,83.34,0,3.0,0,13.17,0,17.84,0,39.317,-76.586,45.0
2024-12-17 17:36:00,2024-12-17,2024-12-17 17:36:00,101.61,0,14.58,0,0.033,77.83,0,0.257,1.291,0,0.006,2.754,0,2.693,0,288.3,0,12.0,0.0,0,0.0,0,0.0,0,0.0,20000.0,0,20000.0,0,0.0,0,0.0,0,0.0,0,0.0,0,83.34,0,3.0,0,13.17,0,17.87,0,39.317,-76.586,45.0
2024-12-17 17:37:00,2024-12-17,2024-12-17 17:37:00,101.61,0,14.65,0,0.034,78.72,0,0.362,1.311,0,0.008,2.452,0,2.381,0,291.0,0,13.8,0.0,0,0.0,0,0.0,0,0.0,20000.0,0,20000.0,0,0.0,0,0.0,0,0.0,0,0.0,0,83.34,0,3.0,0,13.18,0,17.89,0,39.317,-76.586,45.0
2024-12-17 17:38:00,2024-12-17,2024-12-17 17:38:00,101.62,0,14.74,0,0.039,78.7,0,0.372,1.319,0,0.009,2.381,0,2.261,0,284.0,0,18.23,0.0,0,0.0,0,0.0,0,0.0,20000.0,0,20000.0,0,0.0,0,0.0,0,0.0,0,0.0,0,83.34,0,3.0,0,13.17,0,17.92,0,39.317,-76.586,45.0
2024-12-17 17:39:00,2024-12-17,2024-12-17 17:39:00,101.62,0,14.81,0,0.024,78.01,0,0.543,1.313,0,0.01,3.339,0,3.208,0,287.5,0,16.03,0.0,0,0.0,0,0.0,0,0.0,20000.0,0,20000.0,0,0.0,0,0.0,0,0.0,0,0.0,0,83.34,0,3.0,0,13.17,0,17.95,0,39.317,-76.586,45.0
2024-12-17 17:40:00,2024-12-17,2024-12-17 17:40:00,101.62,0,14.83,0,0.044,78.05,0,0.523,1.316,0,0.012,2.135,0,1.991,0,292.2,0,21.03,0.0,0,0.0,0,0.0,0,0.0,20000.0,0,20000.0,0,0.0,0,0.0,0,0.0,0,0.0,0,83.34,0,3.0,0,13.17,0,17.98,0,39.317,-76.586,45.0
2024-12-17 17:41:00,2024-12-17,2024-12-17 17:41:00,101.61,0,14.91,0,0.026,77.94,0,0.37,1.321,0,0.007,2.354,0,2.267,0,289.0,0,15.51,0.0,0,0.0,0,0.0,0,0.0,20000.0,0,20000.0,0,0.0,0,0.0,0,0.0,0,0.0,0,83.34,0,3.0,0,13.17,0,18.01,0,39.317,-76.586,45.0
2024-12-17 17:42:00,2024-12-17,2024-12-17 17:42:00,101.61,0,14.92,0,0.027,77.09,0,0.256,1.307,0,0.005,2.711,0,2.527,0,288.2,0,21.11,0.0,0,0.0,0,0.0,0,0.0,20000.0,0,20000.0,0,0.0,0,0.0,0,0.0,0,0.0,0,83.34,0,3.0,0,13.17,0,18.03,0,39.317,-76.586,45.0
2024-12-17 17:43:00,2024-12-17,2024-12-17 17:43:00,101.61,0,14.9,0,0.032,76.82,0,0.549,1.301,0,0.011,3.036,0,2.931,0,275.3,0,15.09,0.0,0,0.0,0,0.0,0,0.0,20000.0,0,20000.0,0,0.0,0,0.0,0,0.0,0,0.0,0,83.34,0,3.0,0,13.17,0,18.06,0,39.317,-76.586,45.0
2024-12-17 17:44:00,2024-12-17,2024-12-17 17:44:00,101.61,0,14.82,0,0.038,75.67,0,0.228,1.275,0,0.005,3.327,0,3.292,0,283.2,0,8.34,0.0,0,0.0,0,0.0,0,0.0,20000.0,0,20000.0,0,0.0,0,0.0,0,0.0,0,0.0,0,83.34,0,3.0,0,13.17,0,18.09,0,39.317,-76.586,45.0
2024-12-17 17:45:00,2024-12-17,2024-12-17 17:45:00,101.61,0,14.78,0,0.024,75.78,0,0.396,1.273,0,0.007,2.238,0,2.192,0,282.1,0,11.52,0.0,0,0.0,0,0.0,0,0.0,20000.0,0,20000.0,0,0.0,0,0.0,0,0.0,0,0.0,0,83.34,0,3.0,0,13.17,0,18.11,0,39.317,-76.586,45.0
2024-12-17 17:46:00,2024-12-17,2024-12-17 17:46:00,101.61,0,14.8,0,0.036,76.84,0,0.303,1.293,0,0.007,2.002,0,1.912,0,280.9,0,17.18,0.0,0,0.0,0,0.0,0,0.0,20000.0,0,20000.0,0,0.0,0,0.0,0,0.0,0,0.0,0,83.34,0,3.0,0,13.17,0,18.14,0,39.317,-76.586,45.0
2024-12-17 17:47:00,2024-12-17,2024-12-17 17:47:00,101.61,0,14.81,0,0.022,76.45,0,0.392,1.287,0,0.007,2.512,0,2.431,0,280.2,0,14.55,0.0,0,0.0,0,0.0,0,0.0,20000.0,0,20000.0,0,0.0,0,0.0,0,0.0,0,0.0,0,83.34,0,3.0,0,13.17,0,18.16,0,39.317,-76.586,45.0
2024-12-17 17:48:00,2024-12-17,2024-12-17 17:48:00,101.61,0,14.83,0,0.025,76.03,0,0.363,1.281,0,0.007,2.488,0,2.424,0,270.4,0,12.99,0.0,0,0.0,0,0.0,0,0.0,20000.0,0,20000.0,0,0.0,0,0.0,0,0.0,0,0.0,0,83.34,0,3.0,0,13.16,0,18.18,0,39.317,-76.586,45.0
2024-12-17 17:49:00,2024-12-17,2024-12-17 17:49:00,101.61,0,14.82,0,0.036,75.51,0,0.229,1.272,0,0.005,2.275,0,2.225,0,277.9,0,12.0,0.0,0,0.0,0,0.0,0,0.0,20000.0,0,20000.0,0,0.0,0,0.0,0,0.0,0,0.0,0,83.34,0,3.0,0,13.17,0,18.2,0,39.317,-76.586,45.0
2024-12-17 17:50:00,2024-12-17,2024-12-17 17:50:00,101.61,0,14.82,0,0.024,75.22,0,0.241,1.267,0,0.005,2.92,0,2.889,0,288.8,0,8.42,0.0,0,0.0,0,0.0,0,0.0,20000.0,0,20000.0,0,0.0,0,0.0,0,0.0,0,0.0,0,83.34,0,3.0,0,13.16,0,18.21,0,39.317,-76.586,45.0
2024-12-17 17:51:00,2024-12-17,2024-12-17 17:51:00,101.61,0,14.84,0,0.033,75.53,0,0.543,1.274,0,0.011,1.903,0,1.863,0,288.6,0,11.67,0.0,0,0.0,0,0.0,0,0.0,20000.0,0,20000.0,0,0.0,0,0.0,0,0.0,0,0.0,0,83.34,0,3.0,0,13.17,0,18.23,0,39.317,-76.586,45.0
2024-12-17 17:52:00,2024-12-17,2024-12-17 17:52:00,101.61,0,14.9,0,0.034,76.47,0,0.432,1.295,0,0.008,2.345,0,2.299,0,290.3,0,11.38,0.0,0,0.0,0,0.0,0,0.0,20000.0,0,20000.0,0,0.0,0,0.0,0,0.0,0,0.0,0,83.34,0,3.0,0,13.17,0,18.25,0,39.317,-76.586,45.0
2024-12-17 17:53:00,2024-12-17,2024-12-17 17:53:00,101.6,0,14.92,0,0.037,75.84,0,0.59,1.286,0,0.01,2.125,0,2.051,0,283.3,0,15.15,0.0,0,0.0,0,0.0,0,0.0,20000.0,0,20000.0,0,0.0,0,0.0,0,0.0,0,0.0,0,83.34,0,3.0,0,13.16,0,18.26,0,39.317,-76.586,45.0
2024-12-17 17:54:00,2024-12-17,2024-12-17 17:54:00,101.61,0,14.91,0,0.022,75.17,0,0.221,1.274,0,0.005,1.839,0,1.799,0,294.2,0,11.98,0.0,0,0.0,0,0.0,0,0.0,20000.0,0,20000.0,0,0.0,0,0.0,0,0.0,0,0.0,0,83.34,0,3.0,0,13.16,0,18.28,0,39.317,-76.586,45.0
2024-12-17 17:55:00,2024-12-17,2024-12-17 17:55:00,101.6,0,14.93,0,0.051,74.54,0,0.588,1.264,0,0.01,2.213,0,2.091,0,308.1,0,19.07,0.0,0,0.0,0,0.0,0,0.0,20000.0,0,20000.0,0,0.0,0,0.0,0,0.0,0,0.0,0,83.34,0,3.0,0,13.16,0,18.29,0,39.317,-76.586,45.0
2024-12-17 17:56:00,2024-12-17,2024-12-17 17:56:00,101.6,0,14.94,0,0.02,73.31,0,0.383,1.245,0,0.007,2.648,0,2.603,0,305.6,0,10.47,0.0,0,0.0,0,0.0,0,0.0,20000.0,0,20000.0,0,0.0,0,0.0,0,0.0,0,0.0,0,83.34,0,3.0,0,13.16,0,18.3,0,39.317,-76.586,45.0
2024-12-17 17:57:00,2024-12-17,2024-12-17 17:57:00,101.6,0,14.96,0,0.029,73.64,0,0.409,1.251,0,0.008,1.916,0,1.86,0,282.2,0,13.78,0.0,0,0.0,0,0.0,0,0.0,20000.0,0,20000.0,0,0.0,0,0.0,0,0.0,0,0.0,0,83.34,0,3.0,0,13.17,0,18.31,0,39.317,-76.586,45.0
2024-12-17 17:58:00,2024-12-17,2024-12-17 17:58:00,101.6,0,14.97,0,0.028,73.56,0,0.264,1.251,0,0.006,1.785,0,1.751,0,299.8,0,11.23,0.0,0,0.0,0,0.0,0,0.0,20000.0,0,20000.0,0,0.0,0,0.0,0,0.0,0,0.0,0,83.34,0,3.0,0,13.16,0,18.32,0,39.317,-76.586,45.0
2024-12-17 17:59:00,2024-12-17,2024-12-17 17:59:00,101.6,0,14.97,0,0.03,73.64,0,0.3,1.253,0,0.006,1.699,0,1.65,0,285.6,0,13.78,0.0,0,0.0,0,0.0,0,0.0,20000.0,0,20000.0,0,0.0,0,0.0,0,0.0,0,0.0,0,83.34,0,3.0,0,13.16,0,18.33,0,39.317,-76.586,45.0
2024-12-17 18:00:00,2024-12-17,2024-12-17 18:00:00,101.6,0,15.01,0,0.036,73.85,0,0.609,1.259,0,0.013,1.738,0,1.65,0,290.4,0,18.2,0.0,0,0.0,0,0.0,0,0.0,20000.0,0,20000.0,0,0.0,0,0.0,0,0.0,0,0.0,0,83.34,0,3.0,0,13.17,0,18.34,0,39.317,-76.586,45.0
2024-12-17 18:01:00,2024-12-17,2024-12-17 18:01:00,101.6,0,15.04,0,0.046,73.51,0,0.501,1.256,0,0.009,1.687,0,1.484,0,270.7,0,28.14,0.0,0,0.0,0,0.0,0,0.0,20000.0,0,20000.0,0,0.0,0,0.0,0,0.0,0,0.0,0,83.34,0,3.0,0,13.16,0,18.35,0,39.317,-76.586,45.0
2024-12-17 18:02:00,2024-12-17,2024-12-17 18:02:00,101.6,0,15.04,0,0.04,73.66,0,0.378,1.259,0,0.008,2.084,0,2.047,0,302.3,0,10.87,0.0,0,0.0,0,0.0,0,0.0,20000.0,0,20000.0,0,0.0,0,0.0,0,0.0,0,0.0,0,83.34,0,3.0,0,13.16,0,18.36,0,39.317,-76.586,45.0
2024-12-17 18:03:00,2024-12-17,2024-12-17 18:03:00,101.6,0,15.08,0,0.025,73.39,0,0.697,1.257,0,0.012,3.002,0,2.976,0,303.8,0,7.501,0.0,0,0.0,0,0.0,0,0.0,20000.0,0,20000.0,0,0.0,0,0.0,0,0.0,0,0.0,0,83.34,0,3.0,0,13.16,0,18.37,0,39.317,-76.586,45.0
2024-12-17 18:04:00,2024-12-17,2024-12-17 18:04:00,101.6,0,15.05,0,0.027,72.39,0,0.426,1.238,0,0.008,1.677,0,1.576,0,293.5,0,19.89,0.0,0,0.0,0,0.0,0,0.0,20000.0,0,20000.0,0,0.0,0,0.0,0,0.0,0,0.0,0,83.34,0,3.0,0,13.16,0,18.38,0,39.317,-76.586,45.0
2024-12-17 18:05:00,2024-12-17,2024-12-17 18:05:00,101.6,0,15.11,0,0.032,73.61,0,0.271,1.264,0,0.006,3.036,0,2.939,0,281.1,0,14.54,0.0,0,0.0,0,0.0,0,0.0,20000.0,0,20000.0,0,0.0,0,0.0,0,0.0,0,0.0,0,83.34,0,3.0,0,13.16,0,18.4,0,39.317,-76.586,45.0
2024-12-17 18:06:00,2024-12-17,2024-12-17 18:06:00,101.59,0,15.13,0,0.028,73.11,0,0.304,1.256,0,0.006,3.361,0,3.326,0,292.8,0,8.36,0.0,0,0.0,0,0.0,0,0.0,20000.0,0,20000.0,0,0.0,0,0.0,0,0.0,0,0.0,0,83.34,0,3.0,0,13.16,0,18.41,0,39.317,-76.586,45.0
2024-12-17 18:07:00,2024-12-17,2024-12-17 18:07:00,101.59,0,15.11,0,0.062,72.6,0,0.406,1.246,0,0.009,2.543,0,2.42,0,287.4,0,17.8,0.0,0,0.0,0,0.0,0,0.0,20000.0,0,20000.0,0,0.0,0,0.0,0,0.0,0,0.0,0,83.34,0,3.0,0,13.16,0,18.43,0,39.317,-76.586,45.0
2024-12-17 18:08:00,2024-12-17,2024-12-17 18:08:00,101.59,0,15.17,0,0.032,73.66,0,0.536,1.269,0,0.009,2.383,0,2.319,0,260.4,0,13.23,0.0,0,0.0,0,0.0,0,0.0,20000.0,0,20000.0,0,0.0,0,0.0,0,0.0,0,0.0,0,83.34,0,3.0,0,13.16,0,18.44,0,39.317,-76.586,45.0
2024-12-17 18:09:00,2024-12-17,2024-12-17 18:09:00,101.59,0,15.21,0,0.028,72.37,0,0.277,1.25,0,0.006,1.679,0,1.607,0,292.9,0,16.78,0.0,0,0.0,0,0.0,0,0.0,20000.0,0,20000.0,0,0.0,0,0.0,0,0.0,0,0.0,0,83.34,0,3.0,0,13.16,0,18.45,0,39.317,-76.586,45.0
2024-12-17 18:10:00,2024-12-17,2024-12-17 18:10:00,101.59,0,15.26,0,0.032,72.89,0,0.27,1.264,0,0.006,2.065,0,1.916,0,278.7,0,21.74,0.0,0,0.0,0,0.0,0,0.0,20000.0,0,20000.0,0,0.0,0,0.0,0,0.0,0,0.0,0,83.34,0,3.0,0,13.16,0,18.47,0,39.317,-76.586,45.0
2024-12-17 18:11:00,2024-12-17,2024-12-17 18:11:00,101.59,0,15.27,0,0.038,71.61,0,0.503,1.242,0,0.01,2.061,0,2.015,0,279.5,0,12.11,0.0,0,0.0,0,0.0,0,0.0,20000.0,0,20000.0,0,0.0,0,0.0,0,0.0,0,0.0,0,83.34,0,3.0,0,13.16,0,18.49,0,39.317,-76.586,45.0
2024-12-17 18:12:00,2024-12-17,2024-12-17 18:12:00,101.59,0,15.23,0,0.034,71.26,0,0.895,1.233,0,0.017,1.741,0,1.665,0,304.6,0,16.95,0.0,0,0.0,0,0.0,0,0.0,20000.0,0,20000.0,0,0.0,0,0.0,0,0.0,0,0.0,0,83.34,0,3.0,0,13.16,0,18.51,0,39.317,-76.586,45.0
2024-12-17 18:13:00,2024-12-17,2024-12-17 18:13:00,101.59,0,15.3,0,0.042,72.47,0,0.314,1.259,0,0.005,2.14,0,2.084,0,292.9,0,13.05,0.0,0,0.0,0,0.0,0,0.0,20000.0,0,20000.0,0,0.0,0,0.0,0,0.0,0,0.0,0,83.34,0,3.0,0,13.16,0,18.53,0,39.317,-76.586,45.0
2024-12-17 18:14:00,2024-12-17,2024-12-17 18:14:00,101.59,0,15.35,0,0.023,71.68,0,0.394,1.249,0,0.007,2.412,0,2.347,0,293.9,0,13.38,0.0,0,0.0,0,0.0,0,0.0,20000.0,0,20000.0,0,0.0,0,0.0,0,0.0,0,0.0,0,83.34,0,3.0,0,13.15,0,18.56,0,39.317,-76.586,45.0
2024-12-17 18:15:00,2024-12-17,2024-12-17 18:15:00,101.59,0,15.34,0,0.037,71.07,0,0.258,1.238,0,0.006,2.502,0,2.421,0,295.4,0,14.59,0.0,0,0.0,0,0.0,0,0.0,20000.0,0,20000.0,0,0.0,0,0.0,0,0.0,0,0.0,0,83.34,0,3.0,0,13.16,0,18.58,0,39.317,-76.586,45.0
2024-12-17 18:16:00,2024-12-17,2024-12-17 18:16:00,101.59,0,15.34,0,0.025,70.76,0,0.441,1.233,0,0.008,1.777,0,1.713,0,289.8,0,15.36,0.0,0,0.0,0,0.0,0,0.0,20000.0,0,20000.0,0,0.0,0,0.0,0,0.0,0,0.0,0,83.34,0,3.0,0,13.15,0,18.6,0,39.317,-76.586,45.0
2024-12-17 18:17:00,2024-12-17,2024-12-17 18:17:00,101.59,0,15.36,0,0.026,71.04,0,0.36,1.239,0,0.007,1.491,0,1.396,0,284.8,0,20.51,0.0,0,0.0,0,0.0,0,0.0,20000.0,0,20000.0,0,0.0,0,0.0,0,0.0,0,0.0,0,83.34,0,3.0,0,13.15,0,18.62,0,39.317,-76.586,45.0
2024-12-17 18:18:00,2024-12-17,2024-12-17 18:18:00,101.59,0,15.37,0,0.028,70.57,0,0.65,1.232,0,0.012,2.551,0,2.506,0,274.7,0,10.76,0.0,0,0.0,0,0.0,0,0.0,20000.0,0,20000.0,0,0.0,0,0.0,0,0.0,0,0.0,0,83.34,0,3.0,0,13.16,0,18.65,0,39.317,-76.586,45.0
2024-12-17 18:19:00,2024-12-17,2024-12-17 18:19:00,101.59,0,15.36,0,0.025,70.01,0,0.259,1.221,0,0.005,2.631,0,2.585,0,273.6,0,10.78,0.0,0,0.0,0,0.0,0,0.0,20000.0,0,20000.0,0,0.0,0,0.0,0,0.0,0,0.0,0,83.34,0,3.0,0,13.15,0,18.66,0,39.317,-76.586,45.0
2024-12-17 18:20:00,2024-12-17,2024-12-17 18:20:00,101.59,0,15.37,0,0.035,70.13,0,0.593,1.224,0,0.012,1.739,0,1.657,0,299.5,0,17.68,0.0,0,0.0,0,0.0,0,0.0,20000.0,0,20000.0,0,0.0,0,0.0,0,0.0,0,0.0,0,83.34,0,3.0,0,13.15,0,18.69,0,39.317,-76.586,45.0
2024-12-17 18:21:00,2024-12-17,2024-12-17 18:21:00,101.59,0,15.44,0,0.044,71.25,0,0.299,1.249,0,0.008,2.032,0,1.96,0,287.8,0,15.23,0.0,0,0.0,0,0.0,0,0.0,20000.0,0,20000.0,0,0.0,0,0.0,0,0.0,0,0.0,0,83.34,0,3.0,0,13.15,0,18.71,0,39.317,-76.586,45.0
2024-12-17 18:22:00,2024-12-17,2024-12-17 18:22:00,101.59,0,15.51,0,0.035,71.31,0,0.447,1.256,0,0.009,2.36,0,2.319,0,301.6,0,10.72,0.0,0,0.0,0,0.0,0,0.0,20000.0,0,20000.0,0,0.0,0,0.0,0,0.0,0,0.0,0,83.34,0,3.0,0,13.16,0,18.73,0,39.317,-76.586,45.0
2024-12-17 18:23:00,2024-12-17,2024-12-17 18:23:00,101.59,0,15.55,0,0.033,70.87,0,0.534,1.251,0,0.01,2.03,0,1.909,0,289.9,0,19.81,0.0,0,0.0,0,0.0,0,0.0,20000.0,0,20000.0,0,0.0,0,0.0,0,0.0,0,0.0,0,83.34,0,3.0,0,13.15,0,18.75,0,39.317,-76.586,45.0
2024-12-17 18:24:00,2024-12-17,2024-12-17 18:24:00,101.59,0,15.6,0,0.023,70.6,0,0.608,1.25,0,0.011,1.924,0,1.842,0,309.8,0,16.75,0.0,0,0.0,0,0.0,0,0.0,20000.0,0,20000.0,0,0.0,0,0.0,0,0.0,0,0.0,0,83.34,0,3.0,0,13.15,0,18.77,0,39.317,-76.586,45.0
2024-12-17 18:25:00,2024-12-17,2024-12-17 18:25:00,101.59,0,15.65,0,0.043,71.25,0,0.284,1.266,0,0.007,1.826,0,1.78,0,288.7,0,12.86,0.0,0,0.0,0,0.0,0,0.0,20000.0,0,20000.0,0,0.0,0,0.0,0,0.0,0,0.0,0,83.34,0,3.0,0,13.15,0,18.8,0,39.317,-76.586,45.0
2024-12-17 18:26:00,2024-12-17,2024-12-17 18:26:00,101.59,0,15.78,0,0.042,71.76,0,0.252,1.286,0,0.006,1.3,0,1.263,0,297.8,0,13.72,0.0,0,0.0,0,0.0,0,0.0,20000.0,0,20000.0,0,0.0,0,0.0,0,0.0,0,0.0,0,83.34,0,3.0,0,13.15,0,18.82,0,39.317,-76.586,45.0
2024-12-17 18:27:00,2024-12-17,2024-12-17 18:27:00,101.59,0,15.83,0,0.038,70.12,0,0.71,1.261,0,0.013,2.448,0,2.318,0,309.4,0,18.7,0.0,0,0.0,0,0.0,0,0.0,20000.0,0,20000.0,0,0.0,0,0.0,0,0.0,0,0.0,0,83.34,0,3.0,0,13.15,0,18.84,0,39.317,-76.586,45.0
2024-12-17 18:28:00,2024-12-17,2024-12-17 18:28:00,101.59,0,15.86,0,0.028,69.98,0,0.276,1.26,0,0.006,2.52,0,2.42,0,280.3,0,16.15,0.0,0,0.0,0,0.0,0,0.0,20000.0,0,20000.0,0,0.0,0,0.0,0,0.0,0,0.0,0,83.34,0,3.0,0,13.15,0,18.87,0,39.317,-76.586,45.0
2024-12-17 18:29:00,2024-12-17,2024-12-17 18:29:00,101.58,0,15.83,0,0.036,68.46,0,0.923,1.23,0,0.018,3.891,0,3.811,0,299.0,0,11.6,0.0,0,0.0,0,0.0,0,0.0,20000.0,0,20000.0,0,0.0,0,0.0,0,0.0,0,0.0,0,83.34,0,3.0,0,13.15,0,18.9,0,39.317,-76.586,45.0
2024-12-17 18:30:00,2024-12-17,2024-12-17 18:30:00,101.58,0,15.75,0,0.037,67.77,0,0.339,1.212,0,0.006,4.064,0,4.026,0,301.5,0,7.798,0.0,0,0.0,0,0.0,0,0.0,20000.0,0,20000.0,0,0.0,0,0.0,0,0.0,0,0.0,0,83.34,0,3.0,0,13.15,0,18.93,0,39.317,-76.586,45.0
2024-12-17 18:31:00,2024-12-17,2024-12-17 18:31:00,101.58,0,15.7,0,0.026,67.46,0,0.281,1.202,0,0.006,3.708,0,3.65,0,290.0,0,10.11,0.0,0,0.0,0,0.0,0,0.0,20000.0,0,20000.0,0,0.0,0,0.0,0,0.0,0,0.0,0,83.34,0,3.0,0,13.15,0,18.96,0,39.317,-76.586,45.0
2024-12-17 18:32:00,2024-12-17,2024-12-17 18:32:00,101.58,0,15.66,0,0.025,67.06,0,0.27,1.193,0,0.005,3.482,0,3.345,0,296.0,0,16.09,0.0,0,0.0,0,0.0,0,0.0,20000.0,0,20000.0,0,0.0,0,0.0,0,0.0,0,0.0,0,83.34,0,3.0,0,13.15,0,19.0,0,39.317,-76.586,45.0
2024-12-17 18:33:00,2024-12-17,2024-12-17 18:33:00,101.58,0,15.65,0,0.03,66.65,0,0.346,1.184,0,0.007,2.728,0,2.644,0,295.2,0,14.21,0.0,0,0.0,0,0.0,0,0.0,20000.0,0,20000.0,0,0.0,0,0.0,0,0.0,0,0.0,0,83.34,0,3.0,0,13.15,0,19.03,0,39.317,-76.586,45.0
2024-12-17 18:34:00,2024-12-17,2024-12-17 18:34:00,101.57,0,15.7,0,0.03,67.37,0,0.497,1.201,0,0.008,4.505,0,4.403,0,307.7,0,12.19,0.0,0,0.0,0,0.0,0,0.0,20000.0,0,20000.0,0,0.0,0,0.0,0,0.0,0,0.0,0,83.34,0,3.0,0,13.15,0,19.05,0,39.317,-76.586,45.0
2024-12-17 18:35:00,2024-12-17,2024-12-17 18:35:00,101.58,0,15.73,0,0.026,66.55,0,0.235,1.188,0,0.004,5.13,0,5.089,0,302.7,0,7.247,0.0,0,0.0,0,0.0,0,0.0,20000.0,0,20000.0,0,0.0,0,0.0,0,0.0,0,0.0,0,83.34,0,3.0,0,13.15,0,19.08,0,39.317,-76.586,45.0
2024-12-17 18:36:00,2024-12-17,2024-12-17 18:36:00,101.57,0,15.73,0,0.032,66.38,0,0.355,1.186,0,0.007,3.812,0,3.753,0,302.6,0,10.12,0.0,0,0.0,0,0.0,0,0.0,20000.0,0,20000.0,0,0.0,0,0.0,0,0.0,0,0.0,0,83.34,0,3.0,0,13.15,0,19.11,0,39.317,-76.586,45.0
2024-12-17 18:37:00,2024-12-17,2024-12-17 18:37:00,101.57,0,15.78,0,0.025,66.97,0,0.779,1.2,0,0.015,2.896,0,2.82,0,299.2,0,13.11,0.0,0,0.0,0,0.0,0,0.0,20000.0,0,20000.0,0,0.0,0,0.0,0,0.0,0,0.0,0,83.34,0,3.0,0,13.14,0,19.14,0,39.317,-76.586,45.0
2024-12-17 18:38:00,2024-12-17,2024-12-17 18:38:00,101.57,0,15.8,0,0.027,66.6,0,0.479,1.195,0,0.009,3.428,0,3.366,0,296.3,0,10.93,0.0,0,0.0,0,0.0,0,0.0,20000.0,0,20000.0,0,0.0,0,0.0,0,0.0,0,0.0,0,83.34,0,3.0,0,13.15,0,19.16,0,39.317,-76.586,45.0
2024-12-17 18:39:00,2024-12-17,2024-12-17 18:39:00,101.57,0,15.77,0,0.022,66.14,0,0.295,1.184,0,0.006,3.747,0,3.691,0,292.6,0,9.87,0.0,0,0.0,0,0.0,0,0.0,20000.0,0,20000.0,0,0.0,0,0.0,0,0.0,0,0.0,0,83.34,0,3.0,0,13.14,0,19.19,0,39.317,-76.586,45.0
2024-12-17 18:40:00,2024-12-17,2024-12-17 18:40:00,101.56,0,15.76,0,0.026,65.57,0,0.439,1.173,0,0.008,3.407,0,3.356,0,302.0,0,9.97,0.0,0,0.0,0,0.0,0,0.0,20000.0,0,20000.0,0,0.0,0,0.0,0,0.0,0,0.0,0,83.34,0,3.0,0,13.14,0,19.22,0,39.317,-76.586,45.0
2024-12-17 18:41:00,2024-12-17,2024-12-17 18:41:00,101.56,0,15.82,0,0.03,65.76,0,0.251,1.182,0,0.006,2.484,0,2.349,0,296.1,0,18.92,0.0,0,0.0,0,0.0,0,0.0,20000.0,0,20000.0,0,0.0,0,0.0,0,0.0,0,0.0,0,83.34,0,3.0,0,13.15,0,19.25,0,39.317,-76.586,45.0
2024-12-17 18:42:00,2024-12-17,2024-12-17 18:42:00,101.56,0,15.91,0,0.046,66.23,0,0.321,1.196,0,0.008,3.147,0,3.002,0,309.3,0,17.42,0.0,0,0.0,0,0.0,0,0.0,20000.0,0,20000.0,0,0.0,0,0.0,0,0.0,0,0.0,0,83.34,0,3.0,0,13.14,0,19.28,0,39.317,-76.586,45.0
2024-12-17 18:43:00,2024-12-17,2024-12-17 18:43:00,101.55,0,16.03,0,0.041,65.9,0,0.434,1.2,0,0.007,4.162,0,4.074,0,296.7,0,11.77,0.0,0,0.0,0,0.0,0,0.0,20000.0,0,20000.0,0,0.0,0,0.0,0,0.0,0,0.0,0,83.34,0,3.0,0,13.14,0,19.31,0,39.317,-76.586,45.0
2024-12-17 18:44:00,2024-12-17,2024-12-17 18:44:00,101.55,0,16.08,0,0.026,64.12,0,0.237,1.171,0,0.004,4.439,0,4.363,0,296.7,0,10.63,0.0,0,0.0,0,0.0,0,0.0,20000.0,0,20000.0,0,0.0,0,0.0,0,0.0,0,0.0,0,83.34,0,3.0,0,13.14,0,19.35,0,39.317,-76.586,45.0
2024-12-17 18:45:00,2024-12-17,2024-12-17 18:45:00,101.56,0,16.06,0,0.031,63.39,0,0.312,1.156,0,0.007,3.616,0,3.514,0,291.5,0,13.64,0.0,0,0.0,0,0.0,0,0.0,20000.0,0,20000.0,0,0.0,0,0.0,0,0.0,0,0.0,0,83.34,0,3.0,0,13.14,0,19.38,0,39.317,-76.586,45.0
2024-12-17 18:46:00,2024-12-17,2024-12-17 18:46:00,101.55,0,16.06,0,0.02,64.19,0,0.45,1.171,0,0.009,3.721,0,3.589,0,295.3,0,15.22,0.0,0,0.0,0,0.0,0,0.0,20000.0,0,20000.0,0,0.0,0,0.0,0,0.0,0,0.0,0,83.34,0,3.0,0,13.14,0,19.41,0,39.317,-76.586,45.0
2024-12-17 18:47:00,2024-12-17,2024-12-17 18:47:00,101.55,0,16.04,0,0.02,63.24,0,0.494,1.152,0,0.009,3.861,0,3.764,0,300.0,0,12.88,0.0,0,0.0,0,0.0,0,0.0,20000.0,0,20000.0,0,0.0,0,0.0,0,0.0,0,0.0,0,83.34,0,3.0,0,13.14,0,19.44,0,39.317,-76.586,45.0
2024-12-17 18:48:00,2024-12-17,2024-12-17 18:48:00,101.56,0,16.0,0,0.035,63.35,0,0.559,1.151,0,0.012,4.085,0,3.959,0,302.2,0,14.22,0.0,0,0.0,0,0.0,0,0.0,20000.0,0,20000.0,0,0.0,0,0.0,0,0.0,0,0.0,0,83.34,0,3.0,0,13.14,0,19.47,0,39.317,-76.586,45.0
2024-12-17 18:49:00,2024-12-17,2024-12-17 18:49:00,101.55,0,15.96,0,0.033,62.45,0,0.344,1.132,0,0.008,4.444,0,4.405,0,284.4,0,7.618,0.0,0,0.0,0,0.0,0,0.0,20000.0,0,20000.0,0,0.0,0,0.0,0,0.0,0,0.0,0,83.34,0,3.0,0,13.14,0,19.5,0,39.317,-76.586,45.0
2024-12-17 18:50:00,2024-12-17,2024-12-17 18:50:00,101.55,0,15.89,0,0.021,62.7,0,0.431,1.132,0,0.008,4.165,0,4.084,0,291.0,0,11.32,0.0,0,0.0,0,0.0,0,0.0,20000.0,0,20000.0,0,0.0,0,0.0,0,0.0,0,0.0,0,83.34,0,3.0,0,13.14,0,19.53,0,39.317,-76.586,45.0
2024-12-17 18:51:00,2024-12-17,2024-12-17 18:51:00,101.55,0,15.9,0,0.02,63.76,0,0.328,1.151,0,0.006,4.573,0,4.436,0,305.8,0,14.03,0.0,0,0.0,0,0.0,0,0.0,20000.0,0,20000.0,0,0.0,0,0.0,0,0.0,0,0.0,0,83.34,0,3.0,0,13.14,0,19.56,0,39.317,-76.586,45.0
2024-12-17 18:52:00,2024-12-17,2024-12-17 18:52:00,101.55,0,15.93,0,0.031,63.84,0,0.244,1.155,0,0.005,4.55,0,4.44,0,288.6,0,12.59,0.0,0,0.0,0,0.0,0,0.0,20000.0,0,20000.0,0,0.0,0,0.0,0,0.0,0,0.0,0,83.34,0,3.0,0,13.14,0,19.58,0,39.317,-76.586,45.0
2024-12-17 18:53:00,2024-12-17,2024-12-17 18:53:00,101.54,0,15.93,0,0.026,62.36,0,0.516,1.128,0,0.01,5.473,0,5.327,0,310.6,0,13.25,0.0,0,0.0,0,0.0,0,0.0,20000.0,0,20000.0,0,0.0,0,0.0,0,0.0,0,0.0,0,83.34,0,3.0,0,13.13,0,19.6,0,39.317,-76.586,45.0
2024-12-17 18:54:00,2024-12-17,2024-12-17 18:54:00,101.55,0,15.95,0,0.045,62.38,0,0.284,1.13,0,0.006,4.918,0,4.78,0,307.8,0,13.56,0.0,0,0.0,0,0.0,0,0.0,20000.0,0,20000.0,0,0.0,0,0.0,0,0.0,0,0.0,0,83.34,0,3.0,0,13.14,0,19.63,0,39.317,-76.586,45.0
2024-12-17 18:55:00,2024-12-17,2024-12-17 18:55:00,101.54,0,16.0,0,0.028,63.11,0,0.367,1.147,0,0.007,5.197,0,5.117,0,302.2,0,10.06,0.0,0,0.0,0,0.0,0,0.0,20000.0,0,20000.0,0,0.0,0,0.0,0,0.0,0,0.0,0,83.34,0,3.0,0,13.13,0,19.65,0,39.317,-76.586,45.0
2024-12-17 18:56:00,2024-12-17,2024-12-17 18:56:00,101.54,0,16.01,0,0.029,62.59,0,0.672,1.138,0,0.013,4.353,0,4.236,0,304.7,0,13.25,0.0,0,0.0,0,0.0,0,0.0,20000.0,0,20000.0,0,0.0,0,0.0,0,0.0,0,0.0,0,83.34,0,3.0,0,13.14,0,19.68,0,39.317,-76.586,45.0
2024-12-17 18:57:00,2024-12-17,2024-12-17 18:57:00,101.54,0,16.05,0,0.041,61.52,0,0.346,1.121,0,0.007,4.508,0,4.462,0,303.8,0,8.2,0.0,0,0.0,0,0.0,0,0.0,20000.0,0,20000.0,0,0.0,0,0.0,0,0.0,0,0.0,0,83.34,0,3.0,0,13.13,0,19.7,0,39.317,-76.586,45.0
2024-12-17 18:58:00,2024-12-17,2024-12-17 18:58:00,101.54,0,16.04,0,0.021,60.54,0,0.281,1.103,0,0.005,3.742,0,3.623,0,311.1,0,14.47,0.0,0,0.0,0,0.0,0,0.0,20000.0,0,20000.0,0,0.0,0,0.0,0,0.0,0,0.0,0,83.34,0,3.0,0,13.14,0,19.72,0,39.317,-76.586,45.0
2024-12-17 18:59:00,2024-12-17,2024-12-17 18:59:00,101.54,0,16.08,0,0.031,62.29,0,0.731,1.138,0,0.015,3.762,0,3.722,0,300.4,0,8.35,0.0,0,0.0,0,0.0,0,0.0,20000.0,0,20000.0,0,0.0,0,0.0,0,0.0,0,0.0,0,83.34,0,3.0,0,13.14,0,19.75,0,39.317,-76.586,45.0
2024-12-17 19:00:00,2024-12-17,2024-12-17 19:00:00,101.54,0,16.14,0,0.028,63.29,0,0.237,1.16,0,0.005,3.543,0,3.512,0,299.9,0,7.565,0.0,0,0.0,0,0.0,0,0.0,20000.0,0,20000.0,0,0.0,0,0.0,0,0.0,0,0.0,0,83.34,0,3.0,0,13.13,0,19.77,0,39.317,-76.586,45.0
2024-12-17 19:01:00,2024-12-17,2024-12-17 19:01:00,101.55,0,16.14,0,0.046,63.24,0,0.284,1.159,0,0.006,3.842,0,3.768,0,296.1,0,11.25,0.0,0,0.0,0,0.0,0,0.0,20000.0,0,20000.0,0,0.0,0,0.0,0,0.0,0,0.0,0,83.34,0,3.0,0,13.13,0,19.79,0,39.317,-76.586,45.0
2024-12-17 19:02:00,2024-12-17,2024-12-17 19:02:00,101.53,0,16.16,0,0.03,62.71,0,0.396,1.152,0,0.008,5.045,0,4.955,0,305.1,0,10.86,0.0,0,0.0,0,0.0,0,0.0,20000.0,0,20000.0,0,0.0,0,0.0,0,0.0,0,0.0,0,83.34,0,3.0,0,13.13,0,19.82,0,39.317,-76.586,45.0
2024-12-17 19:03:00,2024-12-17,2024-12-17 19:03:00,101.55,0,16.19,0,0.027,61.31,0,0.536,1.127,0,0.01,5.769,0,5.664,0,294.7,0,10.92,0.0,0,0.0,0,0.0,0,0.0,20000.0,0,20000.0,0,0.0,0,0.0,0,0.0,0,0.0,0,83.34,0,3.0,0,13.13,0,19.85,0,39.317,-76.586,45.0
2024-12-17 19:04:00,2024-12-17,2024-12-17 19:04:00,101.54,0,16.2,0,0.025,61.22,0,0.303,1.127,0,0.006,5.481,0,5.368,0,301.3,0,11.67,0.0,0,0.0,0,0.0,0,0.0,20000.0,0,20000.0,0,0.0,0,0.0,0,0.0,0,0.0,0,83.34,0,3.0,0,13.14,0,19.87,0,39.317,-76.586,45.0
2024-12-17 19:05:00,2024-12-17,2024-12-17 19:05:00,101.54,0,16.2,0,0.027,61.25,0,0.396,1.127,0,0.007,4.348,0,4.264,0,310.7,0,11.28,0.0,0,0.0,0,0.0,0,0.0,20000.0,0,20000.0,0,0.0,0,0.0,0,0.0,0,0.0,0,83.34,0,3.0,0,13.13,0,19.9,0,39.317,-76.586,45.0
2024-12-17 19:06:00,2024-12-17,2024-12-17 19:06:00,101.54,0,16.14,0,0.029,61.44,0,0.215,1.126,0,0.004,5.903,0,5.818,0,312.3,0,9.69,0.0,0,0.0,0,0.0,0,0.0,20000.0,0,20000.0,0,0.0,0,0.0,0,0.0,0,0.0,0,83.34,0,3.0,0,13.13,0,19.93,0,39.317,-76.586,45.0
2024-12-17 19:07:00,2024-12-17,2024-12-17 19:07:00,101.54,0,16.09,0,0.042,61.17,0,0.411,1.118,0,0.009,4.701,0,4.617,0,312.7,0,10.83,0.0,0,0.0,0,0.0,0,0.0,20000.0,0,20000.0,0,0.0,0,0.0,0,0.0,0,0.0,0,83.34,0,3.0,0,13.13,0,19.96,0,39.317,-76.586,45.0
2024-12-17 19:08:00,2024-12-17,2024-12-17 19:08:00,101.54,0,16.07,0,0.023,62.13,0,0.528,1.134,0,0.01,3.332,0,3.278,0,296.0,0,10.32,0.0,0,0.0,0,0.0,0,0.0,20000.0,0,20000.0,0,0.0,0,0.0,0,0.0,0,0.0,0,83.34,0,3.0,0,13.13,0,19.98,0,39.317,-76.586,45.0
2024-12-17 19:09:00,2024-12-17,2024-12-17 19:09:00,101.54,0,16.09,0,0.028,62.78,0,0.221,1.148,0,0.005,4.237,0,4.116,0,296.5,0,13.7,0.0,0,0.0,0,0.0,0,0.0,20000.0,0,20000.0,0,0.0,0,0.0,0,0.0,0,0.0,0,83.34,0,3.0,0,13.13,0,20.01,0,39.317,-76.586,45.0
2024-12-17 19:10:00,2024-12-17,2024-12-17 19:10:00,101.54,0,16.1,0,0.033,63.02,0,0.279,1.153,0,0.006,3.094,0,3.032,0,300.9,0,11.42,0.0,0,0.0,0,0.0,0,0.0,20000.0,0,20000.0,0,0.0,0,0.0,0,0.0,0,0.0,0,83.34,0,3.0,0,13.13,0,20.04,0,39.317,-76.586,45.0
2024-12-17 19:11:00,2024-12-17,2024-12-17 19:11:00,101.54,0,16.1,0,0.033,62.63,0,0.326,1.146,0,0.008,3.546,0,3.468,0,297.0,0,12.03,0.0,0,0.0,0,0.0,0,0.0,20000.0,0,20000.0,0,0.0,0,0.0,0,0.0,0,0.0,0,83.34,0,3.0,0,13.13,0,20.06,0,39.317,-76.586,45.0
2024-12-17 19:12:00,2024-12-17,2024-12-17 19:12:00,101.54,0,16.16,0,0.035,62.83,0,0.722,1.153,0,0.015,2.62,0,2.548,0,298.4,0,13.4,0.0,0,0.0,0,0.0,0,0.0,20000.0,0,20000.0,0,0.0,0,0.0,0,0.0,0,0.0,0,83.34,0,3.0,0,13.13,0,20.09,0,39.317,-76.586,45.0
2024-12-17 19:13:00,2024-12-17,2024-12-17 19:13:00,101.54,0,16.22,0,0.029,64.29,0,0.764,1.185,0,0.015,3.644,0,3.593,0,301.0,0,9.61,0.0,0,0.0,0,0.0,0,0.0,20000.0,0,20000.0,0,0.0,0,0.0,0,0.0,0,0.0,0,83.34,0,3.0,0,13.13,0,20.11,0,39.317,-76.586,45.0
2024-12-17 19:14:00,2024-12-17,2024-12-17 19:14:00,101.54,0,16.22,0,0.029,61.53,0,0.48,1.134,0,0.01,3.355,0,3.287,0,296.3,0,11.54,0.0,0,0.0,0,0.0,0,0.0,20000.0,0,20000.0,0,0.0,0,0.0,0,0.0,0,0.0,0,83.34,0,3.0,0,13.13,0,20.13,0,39.317,-76.586,45.0
2024-12-17 19:15:00,2024-12-17,2024-12-17 19:15:00,101.55,0,16.14,0,0.034,60.36,0,0.458,1.106,0,0.008,3.226,0,3.176,0,298.4,0,10.02,0.0,0,0.0,0,0.0,0,0.0,20000.0,0,20000.0,0,0.0,0,0.0,0,0.0,0,0.0,0,83.34,0,3.0,0,13.12,0,20.15,0,39.317,-76.586,45.0
2024-12-17 19:16:00,2024-12-17,2024-12-17 19:16:00,101.55,0,16.11,0,0.063,61.9,0,0.324,1.133,0,0.007,3.925,0,3.819,0,296.4,0,13.32,0.0,0,0.0,0,0.0,0,0.0,20000.0,0,20000.0,0,0.0,0,0.0,0,0.0,0,0.0,0,83.34,0,3.0,0,13.13,0,20.17,0,39.317,-76.586,45.0
2024-12-17 19:17:00,2024-12-17,2024-12-17 19:17:00,101.54,0,16.13,0,0.023,62.4,0,0.626,1.143,0,0.012,3.664,0,3.625,0,296.9,0,8.33,0.0,0,0.0,0,0.0,0,0.0,20000.0,0,20000.0,0,0.0,0,0.0,0,0.0,0,0.0,0,83.34,0,3.0,0,13.12,0,20.19,0,39.317,-76.586,45.0
2024-12-17 19:18:00,2024-12-17,2024-12-17 19:18:00,101.54,0,16.1,0,0.022,61.48,0,0.25,1.125,0,0.005,3.156,0,3.082,0,292.2,0,12.37,0.0,0,0.0,0,0.0,0,0.0,20000.0,0,20000.0,0,0.0,0,0.0,0,0.0,0,0.0,0,83.34,0,3.0,0,13.13,0,20.21,0,39.317,-76.586,45.0
2024-12-17 19:19:00,2024-12-17,2024-12-17 19:19:00,101.54,0,16.12,0,0.023,61.94,0,0.52,1.134,0,0.01,3.08,0,3.004,0,284.6,0,12.74,0.0,0,0.0,0,0.0,0,0.0,20000.0,0,20000.0,0,0.0,0,0.0,0,0.0,0,0.0,0,83.34,0,3.0,0,13.12,0,20.23,0,39.317,-76.586,45.0
2024-12-17 19:20:00,2024-12-17,2024-12-17 19:20:00,101.54,0,16.11,0,0.021,60.78,0,0.33,1.112,0,0.006,4.154,0,4.1,0,297.0,0,9.19,0.0,0,0.0,0,0.0,0,0.0,20000.0,0,20000.0,0,0.0,0,0.0,0,0.0,0,0.0,0,83.34,0,3.0,0,13.13,0,20.25,0,39.317,-76.586,45.0
2024-12-17 19:21:00,2024-12-17,2024-12-17 19:21:00,101.54,0,16.1,0,0.028,60.43,0,0.335,1.105,0,0.007,3.459,0,3.227,0,291.3,0,21.0,0.0,0,0.0,0,0.0,0,0.0,20000.0,0,20000.0,0,0.0,0,0.0,0,0.0,0,0.0,0,83.34,0,3.0,0,13.13,0,20.27,0,39.317,-76.586,45.0
2024-12-17 19:22:00,2024-12-17,2024-12-17 19:22:00,101.54,0,16.08,0,0.024,61.41,0,0.61,1.122,0,0.011,4.031,0,3.918,0,291.6,0,13.56,0.0,0,0.0,0,0.0,0,0.0,20000.0,0,20000.0,0,0.0,0,0.0,0,0.0,0,0.0,0,83.34,0,3.0,0,13.12,0,20.29,0,39.317,-76.586,45.0
2024-12-17 19:23:00,2024-12-17,2024-12-17 19:23:00,101.54,0,16.02,0,0.033,61.65,0,0.327,1.122,0,0.007,5.215,0,5.129,0,298.8,0,10.44,0.0,0,0.0,0,0.0,0,0.0,20000.0,0,20000.0,0,0.0,0,0.0,0,0.0,0,0.0,0,83.34,0,3.0,0,13.13,0,20.31,0,39.317,-76.586,45.0
2024-12-17 19:24:00,2024-12-17,2024-12-17 19:24:00,101.53,0,15.96,0,0.026,61.19,0,0.358,1.109,0,0.007,4.867,0,4.843,0,305.7,0,5.718,0.0,0,0.0,0,0.0,0,0.0,20000.0,0,20000.0,0,0.0,0,0.0,0,0.0,0,0.0,0,83.34,0,3.0,0,13.12,0,20.32,0,39.317,-76.586,45.0
2024-12-17 19:25:00,2024-12-17,2024-12-17 19:25:00,101.54,0,15.95,0,0.026,61.02,0,0.289,1.106,0,0.006,4.988,0,4.969,0,306.4,0,5.068,0.0,0,0.0,0,0.0,0,0.0,20000.0,0,20000.0,0,0.0,0,0.0,0,0.0,0,0.0,0,83.34,0,3.0,0,13.12,0,20.33,0,39.317,-76.586,45.0
2024-12-17 19:26:00,2024-12-17,2024-12-17 19:26:00,101.53,0,15.95,0,0.02,60.83,0,0.244,1.102,0,0.004,4.47,0,4.397,0,305.7,0,10.38,0.0,0,0.0,0,0.0,0,0.0,20000.0,0,20000.0,0,0.0,0,0.0,0,0.0,0,0.0,0,83.34,0,3.0,0,13.12,0,20.34,0,39.317,-76.586,45.0
2024-12-17 19:27:00,2024-12-17,2024-12-17 19:27:00,101.53,0,15.97,0,0.021,61.01,0,0.329,1.107,0,0.006,3.02,0,2.939,0,309.0,0,13.26,0.0,0,0.0,0,0.0,0,0.0,20000.0,0,20000.0,0,0.0,0,0.0,0,0.0,0,0.0,0,83.34,0,3.0,0,13.12,0,20.35,0,39.317,-76.586,45.0
2024-12-17 19:28:00,2024-12-17,2024-12-17 19:28:00,101.54,0,15.99,0,0.024,61.53,0,0.204,1.117,0,0.004,3.111,0,3.053,0,301.8,0,11.06,0.0,0,0.0,0,0.0,0,0.0,20000.0,0,20000.0,0,0.0,0,0.0,0,0.0,0,0.0,0,83.34,0,3.0,0,13.13,0,20.35,0,39.317,-76.586,45.0
2024-12-17 19:29:00,2024-12-17,2024-12-17 19:29:00,101.54,0,16.02,0,0.026,60.95,0,0.436,1.109,0,0.007,3.288,0,3.145,0,306.2,0,16.9,0.0,0,0.0,0,0.0,0,0.0,20000.0,0,20000.0,0,0.0,0,0.0,0,0.0,0,0.0,0,83.34,0,3.0,0,13.12,0,20.35,0,39.317,-76.586,45.0
2024-12-17 19:30:00,2024-12-17,2024-12-17 19:30:00,101.54,0,16.05,0,0.019,60.88,0,0.246,1.11,0,0.005,2.88,0,2.827,0,287.1,0,10.99,0.0,0,0.0,0,0.0,0,0.0,20000.0,0,20000.0,0,0.0,0,0.0,0,0.0,0,0.0,0,83.34,0,3.0,0,13.12,0,20.36,0,39.317,-76.586,45.0
2024-12-17 19:31:00,2024-12-17,2024-12-17 19:31:00,101.54,0,16.09,0,0.035,60.4,0,0.317,1.104,0,0.006,3.651,0,3.462,0,296.4,0,18.4,0.0,0,0.0,0,0.0,0,0.0,20000.0,0,20000.0,0,0.0,0,0.0,0,0.0,0,0.0,0,83.34,0,3.0,0,13.12,0,20.36,0,39.317,-76.586,45.0
2024-12-17 19:32:00,2024-12-17,2024-12-17 19:32:00,101.53,0,16.16,0,0.037,60.73,0,0.223,1.115,0,0.005,3.205,0,2.988,0,296.6,0,21.05,0.0,0,0.0,0,0.0,0,0.0,20000.0,0,20000.0,0,0.0,0,0.0,0,0.0,0,0.0,0,83.34,0,3.0,0,13.12,0,20.36,0,39.317,-76.586,45.0
2024-12-17 19:33:00,2024-12-17,2024-12-17 19:33:00,101.54,0,16.17,0,0.02,59.4,0,0.48,1.091,0,0.009,4.5,0,4.447,0,300.4,0,8.81,0.0,0,0.0,0,0.0,0,0.0,20000.0,0,20000.0,0,0.0,0,0.0,0,0.0,0,0.0,0,83.34,0,3.0,0,13.12,0,20.36,0,39.317,-76.586,45.0
2024-12-17 19:34:00,2024-12-17,2024-12-17 19:34:00,101.54,0,16.17,0,0.036,59.33,0,0.317,1.09,0,0.006,4.271,0,4.215,0,309.2,0,9.28,0.0,0,0.0,0,0.0,0,0.0,20000.0,0,20000.0,0,0.0,0,0.0,0,0.0,0,0.0,0,83.34,0,3.0,0,13.13,0,20.36,0,39.317,-76.586,45.0
2024-12-17 19:35:00,2024-12-17,2024-12-17 19:35:00,101.54,0,16.07,0,0.051,60.01,0,0.306,1.095,0,0.005,4.245,0,4.179,0,287.9,0,10.12,0.0,0,0.0,0,0.0,0,0.0,20000.0,0,20000.0,0,0.0,0,0.0,0,0.0,0,0.0,0,83.34,0,3.0,0,13.12,0,20.36,0,39.317,-76.586,45.0
2024-12-17 19:36:00,2024-12-17,2024-12-17 19:36:00,101.54,0,16.02,0,0.029,59.97,0,0.284,1.091,0,0.006,2.948,0,2.907,0,301.6,0,9.6,0.0,0,0.0,0,0.0,0,0.0,20000.0,0,20000.0,0,0.0,0,0.0,0,0.0,0,0.0,0,83.34,0,3.0,0,13.12,0,20.36,0,39.317,-76.586,45.0
2024-12-17 19:37:00,2024-12-17,2024-12-17 19:37:00,101.54,0,15.99,0,0.044,60.02,0,0.299,1.09,0,0.006,3.312,0,3.25,0,296.9,0,11.16,0.0,0,0.0,0,0.0,0,0.0,20000.0,0,20000.0,0,0.0,0,0.0,0,0.0,0,0.0,0,83.34,0,3.0,0,13.13,0,20.36,0,39.317,-76.586,45.0
2024-12-17 19:38:00,2024-12-17,2024-12-17 19:38:00,101.54,0,16.05,0,0.023,60.17,0,0.331,1.097,0,0.006,3.804,0,3.773,0,287.0,0,7.339,0.0,0,0.0,0,0.0,0,0.0,20000.0,0,20000.0,0,0.0,0,0.0,0,0.0,0,0.0,0,83.34,0,3.0,0,13.12,0,20.35,0,39.317,-76.586,45.0
2024-12-17 19:39:00,2024-12-17,2024-12-17 19:39:00,101.54,0,16.04,0,0.021,60.22,0,0.258,1.097,0,0.005,2.976,0,2.895,0,292.5,0,13.39,0.0,0,0.0,0,0.0,0,0.0,20000.0,0,20000.0,0,0.0,0,0.0,0,0.0,0,0.0,0,83.34,0,3.0,0,13.12,0,20.35,0,39.317,-76.586,45.0
2024-12-17 19:40:00,2024-12-17,2024-12-17 19:40:00,101.54,0,16.01,0,0.021,60.33,0,0.28,1.097,0,0.006,2.592,0,2.531,0,282.2,0,12.42,0.0,0,0.0,0,0.0,0,0.0,20000.0,0,20000.0,0,0.0,0,0.0,0,0.0,0,0.0,0,83.34,0,3.0,0,13.12,0,20.34,0,39.317,-76.586,45.0
2024-12-17 19:41:00,2024-12-17,2024-12-17 19:41:00,101.53,0,15.96,0,0.028,60.76,0,0.314,1.101,0,0.006,2.213,0,2.18,0,291.5,0,9.97,0.0,0,0.0,0,0.0,0,0.0,20000.0,0,20000.0,0,0.0,0,0.0,0,0.0,0,0.0,0,83.34,0,3.0,0,13.12,0,20.34,0,39.317,-76.586,45.0
2024-12-17 19:42:00,2024-12-17,2024-12-17 19:42:00,101.53,0,15.93,0,0.025,60.34,0,0.248,1.092,0,0.005,3.208,0,3.145,0,294.8,0,11.32,0.0,0,0.0,0,0.0,0,0.0,20000.0,0,20000.0,0,0.0,0,0.0,0,0.0,0,0.0,0,83.34,0,3.0,0,13.12,0,20.33,0,39.317,-76.586,45.0
2024-12-17 19:43:00,2024-12-17,2024-12-17 19:43:00,101.53,0,15.92,0,0.032,60.62,0,0.389,1.096,0,0.008,3.486,0,3.309,0,280.5,0,18.23,0.0,0,0.0,0,0.0,0,0.0,20000.0,0,20000.0,0,0.0,0,0.0,0,0.0,0,0.0,0,83.34,0,3.0,0,13.12,0,20.32,0,39.317,-76.586,45.0
2024-12-17 19:44:00,2024-12-17,2024-12-17 19:44:00,101.53,0,15.91,0,0.022,59.72,0,0.388,1.079,0,0.007,3.858,0,3.717,0,287.5,0,15.51,0.0,0,0.0,0,0.0,0,0.0,20000.0,0,20000.0,0,0.0,0,0.0,0,0.0,0,0.0,0,83.34,0,3.0,0,13.13,0,20.31,0,39.317,-76.586,45.0
2024-12-17 19:45:00,2024-12-17,2024-12-17 19:45:00,101.53,0,15.9,0,0.031,59.17,0,0.277,1.068,0,0.005,3.696,0,3.537,0,295.5,0,16.83,0.0,0,0.0,0,0.0,0,0.0,20000.0,0,20000.0,0,0.0,0,0.0,0,0.0,0,0.0,0,83.34,0,3.0,0,13.13,0,20.3,0,39.317,-76.586,45.0
2024-12-17 19:46:00,2024-12-17,2024-12-17 19:46:00,101.53,0,15.86,0,0.026,59.34,0,0.308,1.069,0,0.005,3.649,0,3.594,0,296.6,0,9.93,0.0,0,0.0,0,0.0,0,0.0,20000.0,0,20000.0,0,0.0,0,0.0,0,0.0,0,0.0,0,83.34,0,3.0,0,13.12,0,20.28,0,39.317,-76.586,45.0
2024-12-17 19:47:00,2024-12-17,2024-12-17 19:47:00,101.54,0,15.82,0,0.021,59.51,0,0.3,1.069,0,0.005,3.536,0,3.47,0,302.3,0,11.09,0.0,0,0.0,0,0.0,0,0.0,20000.0,0,20000.0,0,0.0,0,0.0,0,0.0,0,0.0,0,83.34,0,3.0,0,13.12,0,20.26,0,39.317,-76.586,45.0
2024-12-17 19:48:00,2024-12-17,2024-12-17 19:48:00,101.54,0,15.72,0,0.04,60.72,0,0.43,1.084,0,0.006,2.21,0,2.137,0,285.8,0,14.67,0.0,0,0.0,0,0.0,0,0.0,20000.0,0,20000.0,0,0.0,0,0.0,0,0.0,0,0.0,0,83.34,0,3.0,0,13.12,0,20.24,0,39.317,-76.586,45.0
2024-12-17 19:49:00,2024-12-17,2024-12-17 19:49:00,101.54,0,15.64,0,0.031,60.93,0,0.352,1.082,0,0.007,2.388,0,2.32,0,299.9,0,13.68,0.0,0,0.0,0,0.0,0,0.0,20000.0,0,20000.0,0,0.0,0,0.0,0,0.0,0,0.0,0,83.34,0,3.0,0,13.12,0,20.22,0,39.317,-76.586,45.0
2024-12-17 19:50:00,2024-12-17,2024-12-17 19:50:00,101.54,0,15.67,0,0.027,60.31,0,0.272,1.073,0,0.006,3.432,0,3.396,0,305.5,0,8.26,0.0,0,0.0,0,0.0,0,0.0,20000.0,0,20000.0,0,0.0,0,0.0,0,0.0,0,0.0,0,83.34,0,3.0,0,13.13,0,20.2,0,39.317,-76.586,45.0
2024-12-17 19:51:00,2024-12-17,2024-12-17 19:51:00,101.54,0,15.74,0,0.034,59.86,0,0.354,1.07,0,0.005,3.757,0,3.631,0,295.3,0,14.81,0.0,0,0.0,0,0.0,0,0.0,20000.0,0,20000.0,0,0.0,0,0.0,0,0.0,0,0.0,0,83.34,0,3.0,0,13.12,0,20.18,0,39.317,-76.586,45.0
2024-12-17 19:52:00,2024-12-17,2024-12-17 19:52:00,101.54,0,15.81,0,0.023,59.64,0,0.365,1.07,0,0.007,2.386,0,2.346,0,304.4,0,10.53,0.0,0,0.0,0,0.0,0,0.0,20000.0,0,20000.0,0,0.0,0,0.0,0,0.0,0,0.0,0,83.34,0,3.0,0,13.12,0,20.15,0,39.317,-76.586,45.0
2024-12-17 19:53:00,2024-12-17,2024-12-17 19:53:00,101.54,0,15.8,0,0.024,59.64,0,0.315,1.07,0,0.006,3.616,0,3.441,0,292.5,0,17.83,0.0,0,0.0,0,0.0,0,0.0,20000.0,0,20000.0,0,0.0,0,0.0,0,0.0,0,0.0,0,83.34,0,3.0,0,13.13,0,20.13,0,39.317,-76.586,45.0
2024-12-17 19:54:00,2024-12-17,2024-12-17 19:54:00,101.54,0,15.83,0,0.031,59.19,0,0.321,1.064,0,0.005,3.993,0,3.832,0,282.6,0,16.28,0.0,0,0.0,0,0.0,0,0.0,20000.0,0,20000.0,0,0.0,0,0.0,0,0.0,0,0.0,0,83.34,0,3.0,0,13.12,0,20.1,0,39.317,-76.586,45.0
2024-12-17 19:55:00,2024-12-17,2024-12-17 19:55:00,101.54,0,15.87,0,0.033,58.66,0,0.217,1.057,0,0.004,4.343,0,4.308,0,295.6,0,7.267,0.0,0,0.0,0,0.0,0,0.0,20000.0,0,20000.0,0,0.0,0,0.0,0,0.0,0,0.0,0,83.34,0,3.0,0,13.12,0,20.08,0,39.317,-76.586,45.0
2024-12-17 19:56:00,2024-12-17,2024-12-17 19:56:00,101.54,0,15.86,0,0.026,59.11,0,0.355,1.065,0,0.006,2.788,0,2.719,0,292.6,0,12.74,0.0,0,0.0,0,0.0,0,0.0,20000.0,0,20000.0,0,0.0,0,0.0,0,0.0,0,0.0,0,83.34,0,3.0,0,13.12,0,20.05,0,39.317,-76.586,45.0
2024-12-17 19:57:00,2024-12-17,2024-12-17 19:57:00,101.54,0,15.85,0,0.027,59.29,0,0.36,1.067,0,0.006,3.459,0,3.345,0,294.9,0,14.7,0.0,0,0.0,0,0.0,0,0.0,20000.0,0,20000.0,0,0.0,0,0.0,0,0.0,0,0.0,0,83.34,0,3.0,0,13.13,0,20.03,0,39.317,-76.586,45.0
2024-12-17 19:58:00,2024-12-17,2024-12-17 19:58:00,101.54,0,15.8,0,0.07,59.68,0,0.383,1.071,0,0.008,2.372,0,2.303,0,293.9,0,13.74,0.0,0,0.0,0,0.0,0,0.0,20000.0,0,20000.0,0,0.0,0,0.0,0,0.0,0,0.0,0,83.34,0,3.0,0,13.12,0,20.01,0,39.317,-76.586,45.0
2024-12-17 19:59:00,2024-12-17,2024-12-17 19:59:00,101.54,0,15.78,0,0.024,59.66,0,0.22,1.069,0,0.004,2.45,0,2.376,0,299.0,0,14.07,0.0,0,0.0,0,0.0,0,0.0,20000.0,0,20000.0,0,0.0,0,0.0,0,0.0,0,0.0,0,83.34,0,3.0,0,13.12,0,19.99,0,39.317,-76.586,45.0
2024-12-17 20:00:00,2024-12-17,2024-12-17 20:00:00,101.54,0,15.7,0,0.045,60.67,0,0.374,1.082,0,0.007,2.408,0,2.309,0,299.5,0,16.36,0.0,0,0.0,0,0.0,0,0.0,20000.0,0,20000.0,0,0.0,0,0.0,0,0.0,0,0.0,0,83.34,0,3.0,0,13.13,0,19.96,0,39.317,-76.586,45.0
2024-12-17 20:01:00,2024-12-17,2024-12-17 20:01:00,101.54,0,15.7,0,0.057,59.71,0,0.315,1.064,0,0.005,3.822,0,3.763,0,296.0,0,10.08,0.0,0,0.0,0,0.0,0,0.0,20000.0,0,20000.0,0,0.0,0,0.0,0,0.0,0,0.0,0,83.34,0,3.0,0,13.13,0,19.94,0,39.317,-76.586,45.0
2024-12-17 20:02:00,2024-12-17,2024-12-17 20:02:00,101.54,0,15.81,0,0.034,58.68,0,0.337,1.054,0,0.006,3.195,0,3.146,0,293.6,0,9.98,0.0,0,0.0,0,0.0,0,0.0,20000.0,0,20000.0,0,0.0,0,0.0,0,0.0,0,0.0,0,83.34,0,3.0,0,13.12,0,19.92,0,39.317,-76.586,45.0
2024-12-17 20:03:00,2024-12-17,2024-12-17 20:03:00,101.54,0,15.78,0,0.03,59.48,0,0.255,1.066,0,0.004,1.648,0,1.571,0,301.9,0,17.55,0.0,0,0.0,0,0.0,0,0.0,20000.0,0,20000.0,0,0.0,0,0.0,0,0.0,0,0.0,0,83.34,0,3.0,0,13.13,0,19.9,0,39.317,-76.586,45.0
2024-12-17 20:04:00,2024-12-17,2024-12-17 20:04:00,101.54,0,15.7,0,0.027,60.05,0,0.342,1.07,0,0.007,3.059,0,3.01,0,302.3,0,10.32,0.0,0,0.0,0,0.0,0,0.0,20000.0,0,20000.0,0,0.0,0,0.0,0,0.0,0,0.0,0,83.34,0,3.0,0,13.13,0,19.88,0,39.317,-76.586,45.0
2024-12-17 20:05:00,2024-12-17,2024-12-17 20:05:00,101.54,0,15.72,0,0.025,59.34,0,0.224,1.059,0,0.005,2.688,0,2.523,0,267.9,0,20.11,0.0,0,0.0,0,0.0,0,0.0,20000.0,0,20000.0,0,0.0,0,0.0,0,0.0,0,0.0,0,83.34,0,3.0,0,13.13,0,19.86,0,39.317,-76.586,45.0
2024-12-17 20:06:00,2024-12-17,2024-12-17 20:06:00,101.55,0,15.72,0,0.034,59.46,0,0.228,1.061,0,0.005,2.996,0,2.908,0,291.6,0,13.84,0.0,0,0.0,0,0.0,0,0.0,20000.0,0,20000.0,0,0.0,0,0.0,0,0.0,0,0.0,0,83.34,0,3.0,0,13.13,0,19.83,0,39.317,-76.586,45.0
2024-12-17 20:07:00,2024-12-17,2024-12-17 20:07:00,101.55,0,15.69,0,0.038,60.43,0,0.517,1.076,0,0.008,1.57,0,1.536,0,284.3,0,11.79,0.0,0,0.0,0,0.0,0,0.0,20000.0,0,20000.0,0,0.0,0,0.0,0,0.0,0,0.0,0,83.34,0,3.0,0,13.13,0,19.81,0,39.317,-76.586,45.0
2024-12-17 20:08:00,2024-12-17,2024-12-17 20:08:00,101.55,0,15.65,0,0.023,60.2,0,0.267,1.069,0,0.005,3.332,0,3.254,0,297.7,0,12.42,0.0,0,0.0,0,0.0,0,0.0,20000.0,0,20000.0,0,0.0,0,0.0,0,0.0,0,0.0,0,83.34,0,3.0,0,13.13,0,19.8,0,39.317,-76.586,45.0
2024-12-17 20:09:00,2024-12-17,2024-12-17 20:09:00,101.56,0,15.69,0,0.034,59.93,0,0.352,1.068,0,0.005,2.372,0,2.296,0,292.3,0,14.51,0.0,0,0.0,0,0.0,0,0.0,20000.0,0,20000.0,0,0.0,0,0.0,0,0.0,0,0.0,0,83.34,0,3.0,0,13.13,0,19.78,0,39.317,-76.586,45.0
2024-12-17 20:10:00,2024-12-17,2024-12-17 20:10:00,101.55,0,15.76,0,0.025,59.69,0,0.31,1.068,0,0.006,2.213,0,2.154,0,288.9,0,13.24,0.0,0,0.0,0,0.0,0,0.0,20000.0,0,20000.0,0,0.0,0,0.0,0,0.0,0,0.0,0,83.34,0,3.0,0,13.13,0,19.77,0,39.317,-76.586,45.0
2024-12-17 20:11:00,2024-12-17,2024-12-17 20:11:00,101.56,0,15.77,0,0.028,59.28,0,0.343,1.061,0,0.005,1.921,0,1.894,0,287.2,0,9.6,0.0,0,0.0,0,0.0,0,0.0,20000.0,0,20000.0,0,0.0,0,0.0,0,0.0,0,0.0,0,83.34,0,3.0,0,13.13,0,19.76,0,39.317,-76.586,45.0
2024-12-17 20:12:00,2024-12-17,2024-12-17 20:12:00,101.56,0,15.76,0,0.026,59.22,0,0.283,1.06,0,0.005,2.489,0,2.373,0,288.0,0,17.49,0.0,0,0.0,0,0.0,0,0.0,20000.0,0,20000.0,0,0.0,0,0.0,0,0.0,0,0.0,0,83.34,0,3.0,0,13.13,0,19.74,0,39.317,-76.586,45.0
2024-12-17 20:13:00,2024-12-17,2024-12-17 20:13:00,101.55,0,15.77,0,0.028,59.12,0,0.347,1.059,0,0.007,3.322,0,3.219,0,298.1,0,14.29,0.0,0,0.0,0,0.0,0,0.0,20000.0,0,20000.0,0,0.0,0,0.0,0,0.0,0,0.0,0,83.34,0,3.0,0,13.13,0,19.73,0,39.317,-76.586,45.0
2024-12-17 20:14:00,2024-12-17,2024-12-17 20:14:00,101.56,0,15.74,0,0.063,58.56,0,0.287,1.047,0,0.006,4.021,0,3.93,0,292.3,0,12.19,0.0,0,0.0,0,0.0,0,0.0,20000.0,0,20000.0,0,0.0,0,0.0,0,0.0,0,0.0,0,83.34,0,3.0,0,13.13,0,19.73,0,39.317,-76.586,45.0
2024-12-17 20:15:00,2024-12-17,2024-12-17 20:15:00,101.56,0,15.77,0,0.027,57.8,0,0.327,1.035,0,0.006,3.438,0,3.26,0,289.1,0,18.46,0.0,0,0.0,0,0.0,0,0.0,20000.0,0,20000.0,0,0.0,0,0.0,0,0.0,0,0.0,0,83.34,0,3.0,0,13.13,0,19.72,0,39.317,-76.586,45.0
2024-12-17 20:16:00,2024-12-17,2024-12-17 20:16:00,101.56,0,15.79,0,0.024,56.96,0,0.487,1.021,0,0.009,4.977,0,4.912,0,305.0,0,9.22,0.0,0,0.0,0,0.0,0,0.0,20000.0,0,20000.0,0,0.0,0,0.0,0,0.0,0,0.0,0,83.34,0,3.0,0,13.13,0,19.71,0,39.317,-76.586,45.0
2024-12-17 20:17:00,2024-12-17,2024-12-17 20:17:00,101.56,0,15.86,0,0.033,55.82,0,0.328,1.005,0,0.006,4.116,0,3.993,0,291.9,0,14.02,0.0,0,0.0,0,0.0,0,0.0,20000.0,0,20000.0,0,0.0,0,0.0,0,0.0,0,0.0,0,83.34,0,3.0,0,13.13,0,19.7,0,39.317,-76.586,45.0
2024-12-17 20:18:00,2024-12-17,2024-12-17 20:18:00,101.57,0,15.91,0,0.025,56.06,0,0.387,1.013,0,0.007,3.296,0,3.195,0,301.1,0,14.21,0.0,0,0.0,0,0.0,0,0.0,20000.0,0,20000.0,0,0.0,0,0.0,0,0.0,0,0.0,0,83.34,0,3.0,0,13.13,0,19.68,0,39.317,-76.586,45.0
2024-12-17 20:19:00,2024-12-17,2024-12-17 20:19:00,101.57,0,15.81,0,0.046,57.44,0,0.464,1.031,0,0.006,2.96,0,2.87,0,291.1,0,14.12,0.0,0,0.0,0,0.0,0,0.0,20000.0,0,20000.0,0,0.0,0,0.0,0,0.0,0,0.0,0,83.34,0,3.0,0,13.13,0,19.67,0,39.317,-76.586,45.0
2024-12-17 20:20:00,2024-12-17,2024-12-17 20:20:00,101.57,0,15.74,0,0.031,57.49,0,0.322,1.028,0,0.005,2.398,0,2.331,0,305.4,0,13.54,0.0,0,0.0,0,0.0,0,0.0,20000.0,0,20000.0,0,0.0,0,0.0,0,0.0,0,0.0,0,83.34,0,3.0,0,13.13,0,19.66,0,39.317,-76.586,45.0
2024-12-17 20:21:00,2024-12-17,2024-12-17 20:21:00,101.57,0,15.78,0,0.022,57.72,0,0.296,1.034,0,0.005,2.79,0,2.699,0,296.6,0,14.64,0.0,0,0.0,0,0.0,0,0.0,20000.0,0,20000.0,0,0.0,0,0.0,0,0.0,0,0.0,0,83.34,0,3.0,0,13.13,0,19.65,0,39.317,-76.586,45.0
2024-12-17 20:22:00,2024-12-17,2024-12-17 20:22:00,101.58,0,15.77,0,0.023,57.87,0,0.254,1.036,0,0.005,2.818,0,2.758,0,295.0,0,11.8,0.0,0,0.0,0,0.0,0,0.0,20000.0,0,20000.0,0,0.0,0,0.0,0,0.0,0,0.0,0,83.34,0,3.0,0,13.13,0,19.63,0,39.317,-76.586,45.0
2024-12-17 20:23:00,2024-12-17,2024-12-17 20:23:00,101.58,0,15.71,0,0.027,58.0,0,0.39,1.035,0,0.007,2.504,0,2.371,0,297.6,0,18.66,0.0,0,0.0,0,0.0,0,0.0,20000.0,0,20000.0,0,0.0,0,0.0,0,0.0,0,0.0,0,83.34,0,3.0,0,13.13,0,19.62,0,39.317,-76.586,45.0
2024-12-17 20:24:00,2024-12-17,2024-12-17 20:24:00,101.58,0,15.68,0,0.032,57.82,0,0.288,1.029,0,0.006,2.28,0,2.226,0,297.3,0,12.48,0.0,0,0.0,0,0.0,0,0.0,20000.0,0,20000.0,0,0.0,0,0.0,0,0.0,0,0.0,0,83.34,0,3.0,0,13.13,0,19.61,0,39.317,-76.586,45.0
2024-12-17 20:25:00,2024-12-17,2024-12-17 20:25:00,101.58,0,15.66,0,0.02,57.8,0,0.252,1.028,0,0.005,2.835,0,2.764,0,311.5,0,12.83,0.0,0,0.0,0,0.0,0,0.0,20000.0,0,20000.0,0,0.0,0,0.0,0,0.0,0,0.0,0,83.34,0,3.0,0,13.14,0,19.59,0,39.317,-76.586,45.0
2024-12-17 20:26:00,2024-12-17,2024-12-17 20:26:00,101.58,0,15.69,0,0.03,57.2,0,0.571,1.019,0,0.01,3.796,0,3.679,0,296.8,0,14.21,0.0,0,0.0,0,0.0,0,0.0,20000.0,0,20000.0,0,0.0,0,0.0,0,0.0,0,0.0,0,83.34,0,3.0,0,13.14,0,19.58,0,39.317,-76.586,45.0
2024-12-17 20:27:00,2024-12-17,2024-12-17 20:27:00,101.58,0,15.74,0,0.032,56.79,0,0.313,1.015,0,0.005,3.976,0,3.93,0,308.0,0,8.66,0.0,0,0.0,0,0.0,0,0.0,20000.0,0,20000.0,0,0.0,0,0.0,0,0.0,0,0.0,0,83.34,0,3.0,0,13.14,0,19.57,0,39.317,-76.586,45.0
2024-12-17 20:28:00,2024-12-17,2024-12-17 20:28:00,101.59,0,15.78,0,0.041,56.62,0,0.225,1.015,0,0.005,2.809,0,2.749,0,304.3,0,11.92,0.0,0,0.0,0,0.0,0,0.0,20000.0,0,20000.0,0,0.0,0,0.0,0,0.0,0,0.0,0,83.34,0,3.0,0,13.14,0,19.55,0,39.317,-76.586,45.0
2024-12-17 20:29:00,2024-12-17,2024-12-17 20:29:00,101.59,0,15.81,0,0.031,56.44,0,0.637,1.013,0,0.01,3.259,0,3.181,0,316.3,0,12.47,0.0,0,0.0,0,0.0,0,0.0,20000.0,0,20000.0,0,0.0,0,0.0,0,0.0,0,0.0,0,83.34,0,3.0,0,13.13,0,19.54,0,39.317,-76.586,45.0
2024-12-17 20:30:00,2024-12-17,2024-12-17 20:30:00,101.59,0,15.88,0,0.03,55.87,0,0.313,1.008,0,0.005,4.044,0,4.003,0,305.1,0,8.14,0.0,0,0.0,0,0.0,0,0.0,20000.0,0,20000.0,0,0.0,0,0.0,0,0.0,0,0.0,0,83.34,0,3.0,0,13.13,0,19.53,0,39.317,-76.586,45.0
2024-12-17 20:31:00,2024-12-17,2024-12-17 20:31:00,101.59,0,15.94,0,0.025,55.81,0,0.266,1.011,0,0.005,2.499,0,2.424,0,306.2,0,13.99,0.0,0,0.0,0,0.0,0,0.0,20000.0,0,20000.0,0,0.0,0,0.0,0,0.0,0,0.0,0,83.34,0,3.0,0,13.14,0,19.53,0,39.317,-76.586,45.0
2024-12-17 20:32:00,2024-12-17,2024-12-17 20:32:00,101.59,0,15.92,0,0.036,56.59,0,0.258,1.023,0,0.004,3.258,0,3.179,0,310.0,0,12.66,0.0,0,0.0,0,0.0,0,0.0,20000.0,0,20000.0,0,0.0,0,0.0,0,0.0,0,0.0,0,83.34,0,3.0,0,13.13,0,19.53,0,39.317,-76.586,45.0
2024-12-17 20:33:00,2024-12-17,2024-12-17 20:33:00,101.59,0,15.89,0,0.028,55.61,0,0.448,1.003,0,0.008,3.716,0,3.609,0,297.6,0,13.73,0.0,0,0.0,0,0.0,0,0.0,20000.0,0,20000.0,0,0.0,0,0.0,0,0.0,0,0.0,0,83.34,0,3.0,0,13.14,0,19.53,0,39.317,-76.586,45.0
2024-12-17 20:34:00,2024-12-17,2024-12-17 20:34:00,101.6,0,15.85,0,0.042,55.34,0,0.462,0.996,0,0.007,2.925,0,2.881,0,307.8,0,9.99,0.0,0,0.0,0,0.0,0,0.0,20000.0,0,20000.0,0,0.0,0,0.0,0,0.0,0,0.0,0,83.34,0,3.0,0,13.14,0,19.53,0,39.317,-76.586,45.0
2024-12-17 20:35:00,2024-12-17,2024-12-17 20:35:00,101.6,0,15.79,0,0.027,55.04,0,0.657,0.986,0,0.011,4.364,0,4.337,0,305.6,0,6.424,0.0,0,0.0,0,0.0,0,0.0,20000.0,0,20000.0,0,0.0,0,0.0,0,0.0,0,0.0,0,83.34,0,3.0,0,13.13,0,19.54,0,39.317,-76.586,45.0
2024-12-17 20:36:00,2024-12-17,2024-12-17 20:36:00,101.6,0,15.83,0,0.026,54.42,0,0.244,0.978,0,0.004,3.691,0,3.67,0,300.3,0,6.1,0.0,0,0.0,0,0.0,0,0.0,20000.0,0,20000.0,0,0.0,0,0.0,0,0.0,0,0.0,0,83.34,0,3.0,0,13.13,0,19.54,0,39.317,-76.586,45.0
2024-12-17 20:37:00,2024-12-17,2024-12-17 20:37:00,101.6,0,15.8,0,0.021,54.58,0,0.253,0.979,0,0.005,3.1,0,3.055,0,305.6,0,9.77,0.0,0,0.0,0,0.0,0,0.0,20000.0,0,20000.0,0,0.0,0,0.0,0,0.0,0,0.0,0,83.34,0,3.0,0,13.13,0,19.54,0,39.317,-76.586,45.0
2024-12-17 20:38:00,2024-12-17,2024-12-17 20:38:00,101.6,0,15.75,0,0.037,54.94,0,0.394,0.982,0,0.007,4.191,0,4.013,0,308.9,0,16.71,0.0,0,0.0,0,0.0,0,0.0,20000.0,0,20000.0,0,0.0,0,0.0,0,0.0,0,0.0,0,83.34,0,3.0,0,13.13,0,19.54,0,39.317,-76.586,45.0
2024-12-17 20:39:00,2024-12-17,2024-12-17 20:39:00,101.6,0,15.73,0,0.051,53.91,0,0.291,0.963,0,0.007,3.807,0,3.74,0,291.4,0,10.75,0.0,0,0.0,0,0.0,0,0.0,20000.0,0,20000.0,0,0.0,0,0.0,0,0.0,0,0.0,0,83.34,0,3.0,0,13.14,0,19.54,0,39.317,-76.586,45.0
2024-12-17 20:40:00,2024-12-17,2024-12-17 20:40:00,101.6,0,15.72,0,0.029,53.88,0,0.36,0.962,0,0.007,3.432,0,3.345,0,295.6,0,12.85,0.0,0,0.0,0,0.0,0,0.0,20000.0,0,20000.0,0,0.0,0,0.0,0,0.0,0,0.0,0,83.34,0,3.0,0,13.14,0,19.53,0,39.317,-76.586,45.0
2024-12-17 20:41:00,2024-12-17,2024-12-17 20:41:00,101.6,0,15.63,0,0.061,54.76,0,0.496,0.972,0,0.006,3.09,0,3.013,0,290.9,0,12.81,0.0,0,0.0,0,0.0,0,0.0,20000.0,0,20000.0,0,0.0,0,0.0,0,0.0,0,0.0,0,83.34,0,3.0,0,13.13,0,19.52,0,39.317,-76.586,45.0
2024-12-17 20:42:00,2024-12-17,2024-12-17 20:42:00,101.6,0,15.49,0,0.029,55.56,0,0.227,0.977,0,0.005,3.435,0,3.404,0,304.9,0,7.644,0.0,0,0.0,0,0.0,0,0.0,20000.0,0,20000.0,0,0.0,0,0.0,0,0.0,0,0.0,0,83.34,0,3.0,0,13.13,0,19.5,0,39.317,-76.586,45.0
2024-12-17 20:43:00,2024-12-17,2024-12-17 20:43:00,101.6,0,15.5,0,0.032,55.72,0,0.259,0.981,0,0.005,2.855,0,2.824,0,307.7,0,8.45,0.0,0,0.0,0,0.0,0,0.0,20000.0,0,20000.0,0,0.0,0,0.0,0,0.0,0,0.0,0,83.34,0,3.0,0,13.13,0,19.49,0,39.317,-76.586,45.0
2024-12-17 20:44:00,2024-12-17,2024-12-17 20:44:00,101.6,0,15.52,0,0.027,56.2,0,0.368,0.991,0,0.006,2.006,0,1.943,0,303.6,0,14.32,0.0,0,0.0,0,0.0,0,0.0,20000.0,0,20000.0,0,0.0,0,0.0,0,0.0,0,0.0,0,83.34,0,3.0,0,13.13,0,19.48,0,39.317,-76.586,45.0
2024-12-17 20:45:00,2024-12-17,2024-12-17 20:45:00,101.6,0,15.42,0,0.04,56.7,0,0.246,0.993,0,0.005,2.708,0,2.64,0,304.6,0,12.86,0.0,0,0.0,0,0.0,0,0.0,20000.0,0,20000.0,0,0.0,0,0.0,0,0.0,0,0.0,0,83.34,0,3.0,0,13.13,0,19.46,0,39.317,-76.586,45.0
2024-12-17 20:46:00,2024-12-17,2024-12-17 20:46:00,101.6,0,15.37,0,0.023,56.46,0,0.252,0.985,0,0.005,2.8,0,2.73,0,311.3,0,12.77,0.0,0,0.0,0,0.0,0,0.0,20000.0,0,20000.0,0,0.0,0,0.0,0,0.0,0,0.0,0,83.34,0,3.0,0,13.13,0,19.45,0,39.317,-76.586,45.0
2024-12-17 20:47:00,2024-12-17,2024-12-17 20:47:00,101.61,0,15.38,0,0.026,56.1,0,0.334,0.98,0,0.006,1.614,0,1.571,0,305.3,0,13.18,0.0,0,0.0,0,0.0,0,0.0,20000.0,0,20000.0,0,0.0,0,0.0,0,0.0,0,0.0,0,83.34,0,3.0,0,13.13,0,19.44,0,39.317,-76.586,45.0
2024-12-17 20:48:00,2024-12-17,2024-12-17 20:48:00,101.61,0,15.35,0,0.048,56.32,0,0.288,0.982,0,0.006,1.95,0,1.913,0,293.9,0,11.24,0.0,0,0.0,0,0.0,0,0.0,20000.0,0,20000.0,0,0.0,0,0.0,0,0.0,0,0.0,0,83.34,0,3.0,0,13.14,0,19.42,0,39.317,-76.586,45.0
2024-12-17 20:49:00,2024-12-17,2024-12-17 20:49:00,101.61,0,15.33,0,0.031,56.32,0,0.322,0.98,0,0.006,2.847,0,2.756,0,290.2,0,14.49,0.0,0,0.0,0,0.0,0,0.0,20000.0,0,20000.0,0,0.0,0,0.0,0,0.0,0,0.0,0,83.34,0,3.0,0,13.14,0,19.41,0,39.317,-76.586,45.0
2024-12-17 20:50:00,2024-12-17,2024-12-17 20:50:00,101.61,0,15.36,0,0.033,55.28,0,0.356,0.964,0,0.006,2.803,0,2.729,0,295.5,0,13.13,0.0,0,0.0,0,0.0,0,0.0,20000.0,0,20000.0,0,0.0,0,0.0,0,0.0,0,0.0,0,83.34,0,3.0,0,13.14,0,19.39,0,39.317,-76.586,45.0
2024-12-17 20:51:00,2024-12-17,2024-12-17 20:51:00,101.62,0,15.45,0,0.025,54.94,0,0.375,0.964,0,0.007,2.114,0,2.057,0,298.4,0,13.29,0.0,0,0.0,0,0.0,0,0.0,20000.0,0,20000.0,0,0.0,0,0.0,0,0.0,0,0.0,0,83.34,0,3.0,0,13.14,0,19.38,0,39.317,-76.586,45.0
2024-12-17 20:52:00,2024-12-17,2024-12-17 20:52:00,101.62,0,15.45,0,0.019,55.22,0,0.246,0.969,0,0.005,2.246,0,2.131,0,292.2,0,18.28,0.0,0,0.0,0,0.0,0,0.0,20000.0,0,20000.0,0,0.0,0,0.0,0,0.0,0,0.0,0,83.34,0,3.0,0,13.14,0,19.37,0,39.317,-76.586,45.0
2024-12-17 20:53:00,2024-12-17,2024-12-17 20:53:00,101.62,0,15.41,0,0.028,55.55,0,0.284,0.972,0,0.005,2.414,0,2.363,0,303.6,0,11.8,0.0,0,0.0,0,0.0,0,0.0,20000.0,0,20000.0,0,0.0,0,0.0,0,0.0,0,0.0,0,83.34,0,3.0,0,13.14,0,19.36,0,39.317,-76.586,45.0
2024-12-17 20:54:00,2024-12-17,2024-12-17 20:54:00,101.62,0,15.42,0,0.026,55.34,0,0.279,0.969,0,0.005,2.443,0,2.363,0,299.3,0,14.74,0.0,0,0.0,0,0.0,0,0.0,20000.0,0,20000.0,0,0.0,0,0.0,0,0.0,0,0.0,0,83.34,0,3.0,0,13.14,0,19.35,0,39.317,-76.586,45.0
2024-12-17 20:55:00,2024-12-17,2024-12-17 20:55:00,101.62,0,15.43,0,0.024,55.26,0,0.244,0.968,0,0.004,2.568,0,2.478,0,296.7,0,15.13,0.0,0,0.0,0,0.0,0,0.0,20000.0,0,20000.0,0,0.0,0,0.0,0,0.0,0,0.0,0,83.34,0,3.0,0,13.14,0,19.35,0,39.317,-76.586,45.0
2024-12-17 20:56:00,2024-12-17,2024-12-17 20:56:00,101.63,0,15.51,0,0.032,54.47,0,0.295,0.959,0,0.005,3.521,0,3.456,0,296.5,0,11.04,0.0,0,0.0,0,0.0,0,0.0,20000.0,0,20000.0,0,0.0,0,0.0,0,0.0,0,0.0,0,83.34,0,3.0,0,13.13,0,19.36,0,39.317,-76.586,45.0
2024-12-17 20:57:00,2024-12-17,2024-12-17 20:57:00,101.63,0,15.54,0,0.023,54.1,0,0.205,0.955,0,0.004,3.998,0,3.966,0,300.6,0,7.263,0.0,0,0.0,0,0.0,0,0.0,20000.0,0,20000.0,0,0.0,0,0.0,0,0.0,0,0.0,0,83.34,0,3.0,0,13.14,0,19.36,0,39.317,-76.586,45.0
2024-12-17 20:58:00,2024-12-17,2024-12-17 20:58:00,101.63,0,15.51,0,0.034,53.69,0,0.303,0.945,0,0.005,2.795,0,2.744,0,293.1,0,10.87,0.0,0,0.0,0,0.0,0,0.0,20000.0,0,20000.0,0,0.0,0,0.0,0,0.0,0,0.0,0,83.34,0,3.0,0,13.14,0,19.37,0,39.317,-76.586,45.0
2024-12-17 20:59:00,2024-12-17,2024-12-17 20:59:00,101.63,0,15.4,0,0.032,54.1,0,0.31,0.946,0,0.005,2.468,0,2.355,0,288.1,0,17.35,0.0,0,0.0,0,0.0,0,0.0,20000.0,0,20000.0,0,0.0,0,0.0,0,0.0,0,0.0,0,83.34,0,3.0,0,13.14,0,19.37,0,39.317,-76.586,45.0
2024-12-17 21:00:00,2024-12-17,2024-12-17 21:00:00,101.63,0,15.34,0,0.06,54.58,0,0.384,0.951,0,0.005,2.852,0,2.775,0,298.2,0,13.29,0.0,0,0.0,0,0.0,0,0.0,20000.0,0,20000.0,0,0.0,0,0.0,0,0.0,0,0.0,0,83.34,0,3.0,0,13.14,0,19.38,0,39.317,-76.586,45.0
2024-12-17 21:01:00,2024-12-17,2024-12-17 21:01:00,101.63,0,15.2,0,0.021,55.05,0,0.239,0.95,0,0.004,2.778,0,2.702,0,281.2,0,13.42,0.0,0,0.0,0,0.0,0,0.0,20000.0,0,20000.0,0,0.0,0,0.0,0,0.0,0,0.0,0,83.34,0,3.0,0,13.14,0,19.38,0,39.317,-76.586,45.0
2024-12-17 21:02:00,2024-12-17,2024-12-17 21:02:00,101.63,0,15.24,0,0.023,54.36,0,0.229,0.941,0,0.004,3.254,0,3.183,0,299.3,0,11.9,0.0,0,0.0,0,0.0,0,0.0,20000.0,0,20000.0,0,0.0,0,0.0,0,0.0,0,0.0,0,83.34,0,3.0,0,13.13,0,19.37,0,39.317,-76.586,45.0
2024-12-17 21:03:00,2024-12-17,2024-12-17 21:03:00,101.63,0,15.29,0,0.029,54.04,0,0.255,0.938,0,0.005,3.139,0,3.077,0,285.5,0,11.4,0.0,0,0.0,0,0.0,0,0.0,20000.0,0,20000.0,0,0.0,0,0.0,0,0.0,0,0.0,0,83.34,0,3.0,0,13.14,0,19.36,0,39.317,-76.586,45.0
2024-12-17 21:04:00,2024-12-17,2024-12-17 21:04:00,101.63,0,15.4,0,0.031,53.52,0,0.25,0.936,0,0.004,3.061,0,3.011,0,284.4,0,10.35,0.0,0,0.0,0,0.0,0,0.0,20000.0,0,20000.0,0,0.0,0,0.0,0,0.0,0,0.0,0,83.34,0,3.0,0,13.14,0,19.36,0,39.317,-76.586,45.0
2024-12-17 21:05:00,2024-12-17,2024-12-17 21:05:00,101.64,0,15.3,0,0.1,53.96,0,0.532,0.938,0,0.005,2.514,0,2.471,0,299.1,0,10.59,0.0,0,0.0,0,0.0,0,0.0,20000.0,0,20000.0,0,0.0,0,0.0,0,0.0,0,0.0,0,83.34,0,3.0,0,13.14,0,19.34,0,39.317,-76.586,45.0
2024-12-17 21:06:00,2024-12-17,2024-12-17 21:06:00,101.64,0,14.96,0,0.113,55.44,0,0.576,0.942,0,0.005,2.884,0,2.817,0,296.3,0,12.38,0.0,0,0.0,0,0.0,0,0.0,20000.0,0,20000.0,0,0.0,0,0.0,0,0.0,0,0.0,0,83.34,0,3.0,0,13.14,0,19.31,0,39.317,-76.586,45.0
2024-12-17 21:07:00,2024-12-17,2024-12-17 21:07:00,101.64,0,14.74,0,0.056,56.48,0,0.309,0.947,0,0.005,2.399,0,2.336,0,294.5,0,13.12,0.0,0,0.0,0,0.0,0,0.0,20000.0,0,20000.0,0,0.0,0,0.0,0,0.0,0,0.0,0,83.34,0,3.0,0,13.14,0,19.29,0,39.317,-76.586,45.0
2024-12-17 21:08:00,2024-12-17,2024-12-17 21:08:00,101.64,0,14.64,0,0.054,56.87,0,0.262,0.947,0,0.004,2.504,0,2.465,0,280.1,0,10.09,0.0,0,0.0,0,0.0,0,0.0,20000.0,0,20000.0,0,0.0,0,0.0,0,0.0,0,0.0,0,83.34,0,3.0,0,13.14,0,19.25,0,39.317,-76.586,45.0
2024-12-17 21:09:00,2024-12-17,2024-12-17 21:09:00,101.64,0,14.69,0,0.04,56.75,0,0.237,0.948,0,0.004,2.445,0,2.333,0,280.3,0,17.37,0.0,0,0.0,0,0.0,0,0.0,20000.0,0,20000.0,0,0.0,0,0.0,0,0.0,0,0.0,0,83.34,0,3.0,0,13.14,0,19.22,0,39.317,-76.586,45.0
2024-12-17 21:10:00,2024-12-17,2024-12-17 21:10:00,101.64,0,14.71,0,0.065,56.52,0,0.515,0.945,0,0.007,2.504,0,2.461,0,287.6,0,10.63,0.0,0,0.0,0,0.0,0,0.0,20000.0,0,20000.0,0,0.0,0,0.0,0,0.0,0,0.0,0,83.34,0,3.0,0,13.14,0,19.18,0,39.317,-76.586,45.0
2024-12-17 21:11:00,2024-12-17,2024-12-17 21:11:00,101.64,0,14.88,0,0.061,55.54,0,0.399,0.939,0,0.005,3.856,0,3.788,0,297.3,0,10.78,0.0,0,0.0,0,0.0,0,0.0,20000.0,0,20000.0,0,0.0,0,0.0,0,0.0,0,0.0,0,83.34,0,3.0,0,13.14,0,19.14,0,39.317,-76.586,45.0
2024-12-17 21:12:00,2024-12-17,2024-12-17 21:12:00,101.64,0,15.0,0,0.038,55.1,0,0.239,0.939,0,0.004,2.574,0,2.544,0,287.5,0,8.71,0.0,0,0.0,0,0.0,0,0.0,20000.0,0,20000.0,0,0.0,0,0.0,0,0.0,0,0.0,0,83.34,0,3.0,0,13.14,0,19.09,0,39.317,-76.586,45.0
2024-12-17 21:13:00,2024-12-17,2024-12-17 21:13:00,101.64,0,14.93,0,0.039,55.33,0,0.257,0.938,0,0.004,2.749,0,2.676,0,294.4,0,13.22,0.0,0,0.0,0,0.0,0,0.0,20000.0,0,20000.0,0,0.0,0,0.0,0,0.0,0,0.0,0,83.34,0,3.0,0,13.14,0,19.04,0,39.317,-76.586,45.0
2024-12-17 21:14:00,2024-12-17,2024-12-17 21:14:00,101.64,0,14.82,0,0.032,55.71,0,0.245,0.939,0,0.005,3.647,0,3.559,0,298.6,0,12.63,0.0,0,0.0,0,0.0,0,0.0,20000.0,0,20000.0,0,0.0,0,0.0,0,0.0,0,0.0,0,83.34,0,3.0,0,13.14,0,18.99,0,39.317,-76.586,45.0
2024-12-17 21:15:00,2024-12-17,2024-12-17 21:15:00,101.65,0,14.86,0,0.054,55.32,0,0.289,0.934,0,0.005,3.513,0,3.435,0,285.1,0,12.09,0.0,0,0.0,0,0.0,0,0.0,20000.0,0,20000.0,0,0.0,0,0.0,0,0.0,0,0.0,0,83.34,0,3.0,0,13.15,0,18.93,0,39.317,-76.586,45.0
2024-12-17 21:16:00,2024-12-17,2024-12-17 21:16:00,101.64,0,14.86,0,0.065,55.46,0,0.421,0.937,0,0.005,2.935,0,2.839,0,289.6,0,14.63,0.0,0,0.0,0,0.0,0,0.0,20000.0,0,20000.0,0,0.0,0,0.0,0,0.0,0,0.0,0,83.34,0,3.0,0,13.14,0,18.87,0,39.317,-76.586,45.0
2024-12-17 21:17:00,2024-12-17,2024-12-17 21:17:00,101.65,0,14.7,0,0.056,56.08,0,0.263,0.937,0,0.004,2.798,0,2.737,0,298.2,0,11.97,0.0,0,0.0,0,0.0,0,0.0,20000.0,0,20000.0,0,0.0,0,0.0,0,0.0,0,0.0,0,83.34,0,3.0,0,13.15,0,18.81,0,39.317,-76.586,45.0
2024-12-17 21:18:00,2024-12-17,2024-12-17 21:18:00,101.65,0,14.56,0,0.035,56.69,0,0.242,0.939,0,0.005,2.424,0,2.342,0,290.1,0,14.91,0.0,0,0.0,0,0.0,0,0.0,20000.0,0,20000.0,0,0.0,0,0.0,0,0.0,0,0.0,0,83.34,0,3.0,0,13.15,0,18.75,0,39.317,-76.586,45.0
2024-12-17 21:19:00,2024-12-17,2024-12-17 21:19:00,101.66,0,14.55,0,0.033,56.8,0,0.219,0.94,0,0.004,2.512,0,2.429,0,286.7,0,14.69,0.0,0,0.0,0,0.0,0,0.0,20000.0,0,20000.0,0,0.0,0,0.0,0,0.0,0,0.0,0,83.34,0,3.0,0,13.15,0,18.69,0,39.317,-76.586,45.0
2024-12-17 21:20:00,2024-12-17,2024-12-17 21:20:00,101.66,0,14.45,0,0.058,57.11,0,0.281,0.939,0,0.006,2.445,0,2.399,0,287.6,0,11.14,0.0,0,0.0,0,0.0,0,0.0,20000.0,0,20000.0,0,0.0,0,0.0,0,0.0,0,0.0,0,83.34,0,3.0,0,13.15,0,18.63,0,39.317,-76.586,45.0
2024-12-17 21:21:00,2024-12-17,2024-12-17 21:21:00,101.65,0,14.5,0,0.062,57.26,0,0.404,0.945,0,0.005,3.152,0,3.025,0,294.5,0,16.3,0.0,0,0.0,0,0.0,0,0.0,20000.0,0,20000.0,0,0.0,0,0.0,0,0.0,0,0.0,0,83.34,0,3.0,0,13.15,0,18.56,0,39.317,-76.586,45.0
2024-12-17 21:22:00,2024-12-17,2024-12-17 21:22:00,101.65,0,14.67,0,0.043,56.48,0,0.272,0.942,0,0.004,2.764,0,2.71,0,268.5,0,11.26,0.0,0,0.0,0,0.0,0,0.0,20000.0,0,20000.0,0,0.0,0,0.0,0,0.0,0,0.0,0,83.34,0,3.0,0,13.15,0,18.5,0,39.317,-76.586,45.0
2024-12-17 21:23:00,2024-12-17,2024-12-17 21:23:00,101.65,0,14.68,0,0.029,56.44,0,0.235,0.942,0,0.004,2.328,0,2.266,0,278.8,0,13.2,0.0,0,0.0,0,0.0,0,0.0,20000.0,0,20000.0,0,0.0,0,0.0,0,0.0,0,0.0,0,83.34,0,3.0,0,13.15,0,18.44,0,39.317,-76.586,45.0
2024-12-17 21:24:00,2024-12-17,2024-12-17 21:24:00,101.66,0,14.67,0,0.035,56.33,0,0.243,0.939,0,0.004,2.274,0,2.239,0,282.8,0,10.02,0.0,0,0.0,0,0.0,0,0.0,20000.0,0,20000.0,0,0.0,0,0.0,0,0.0,0,0.0,0,83.34,0,3.0,0,13.15,0,18.37,0,39.317,-76.586,45.0
2024-12-17 21:25:00,2024-12-17,2024-12-17 21:25:00,101.66,0,14.58,0,0.044,56.64,0,0.244,0.939,0,0.004,2.071,0,2.019,0,287.9,0,12.85,0.0,0,0.0,0,0.0,0,0.0,20000.0,0,20000.0,0,0.0,0,0.0,0,0.0,0,0.0,0,83.34,0,3.0,0,13.15,0,18.3,0,39.317,-76.586,45.0
2024-12-17 21:26:00,2024-12-17,2024-12-17 21:26:00,101.66,0,14.5,0,0.027,56.79,0,0.181,0.937,0,0.003,2.568,0,2.535,0,283.6,0,9.16,0.0,0,0.0,0,0.0,0,0.0,20000.0,0,20000.0,0,0.0,0,0.0,0,0.0,0,0.0,0,83.34,0,3.0,0,13.16,0,18.24,0,39.317,-76.586,45.0
2024-12-17 21:27:00,2024-12-17,2024-12-17 21:27:00,101.66,0,14.54,0,0.033,57.0,0,0.237,0.943,0,0.004,2.184,0,2.164,0,274.7,0,7.727,0.0,0,0.0,0,0.0,0,0.0,20000.0,0,20000.0,0,0.0,0,0.0,0,0.0,0,0.0,0,83.34,0,3.0,0,13.16,0,18.17,0,39.317,-76.586,45.0
2024-12-17 21:28:00,2024-12-17,2024-12-17 21:28:00,101.66,0,14.55,0,0.026,56.75,0,0.205,0.939,0,0.004,2.264,0,2.207,0,274.6,0,12.83,0.0,0,0.0,0,0.0,0,0.0,20000.0,0,20000.0,0,0.0,0,0.0,0,0.0,0,0.0,0,83.34,0,3.0,0,13.16,0,18.11,0,39.317,-76.586,45.0
2024-12-17 21:29:00,2024-12-17,2024-12-17 21:29:00,101.66,0,14.49,0,0.059,56.93,0,0.267,0.939,0,0.004,1.836,0,1.804,0,279.7,0,10.69,0.0,0,0.0,0,0.0,0,0.0,20000.0,0,20000.0,0,0.0,0,0.0,0,0.0,0,0.0,0,83.34,0,3.0,0,13.16,0,18.04,0,39.317,-76.586,45.0
2024-12-17 21:30:00,2024-12-17,2024-12-17 21:30:00,101.66,0,14.42,0,0.037,57.2,0,0.235,0.939,0,0.004,1.468,0,1.44,0,281.9,0,11.32,0.0,0,0.0,0,0.0,0,0.0,20000.0,0,20000.0,0,0.0,0,0.0,0,0.0,0,0.0,0,83.34,0,3.0,0,13.16,0,17.97,0,39.317,-76.586,45.0
2024-12-17 21:31:00,2024-12-17,2024-12-17 21:31:00,101.67,0,14.27,0,0.044,57.71,0,0.272,0.938,0,0.005,2.122,0,2.068,0,285.1,0,12.93,0.0,0,0.0,0,0.0,0,0.0,20000.0,0,20000.0,0,0.0,0,0.0,0,0.0,0,0.0,0,83.34,0,3.0,0,13.16,0,17.91,0,39.317,-76.586,45.0
2024-12-17 21:32:00,2024-12-17,2024-12-17 21:32:00,101.67,0,14.23,0,0.066,57.99,0,0.244,0.94,0,0.006,2.332,0,2.278,0,278.0,0,12.39,0.0,0,0.0,0,0.0,0,0.0,20000.0,0,20000.0,0,0.0,0,0.0,0,0.0,0,0.0,0,83.34,0,3.0,0,13.16,0,17.84,0,39.317,-76.586,45.0
2024-12-17 21:33:00,2024-12-17,2024-12-17 21:33:00,101.67,0,14.29,0,0.038,57.92,0,0.222,0.943,0,0.004,2.494,0,2.429,0,271.4,0,13.06,0.0,0,0.0,0,0.0,0,0.0,20000.0,0,20000.0,0,0.0,0,0.0,0,0.0,0,0.0,0,83.34,0,3.0,0,13.17,0,17.78,0,39.317,-76.586,45.0
2024-12-17 21:34:00,2024-12-17,2024-12-17 21:34:00,101.67,0,14.35,0,0.037,57.6,0,0.207,0.941,0,0.004,1.986,0,1.939,0,274.5,0,12.49,0.0,0,0.0,0,0.0,0,0.0,20000.0,0,20000.0,0,0.0,0,0.0,0,0.0,0,0.0,0,83.34,0,3.0,0,13.16,0,17.71,0,39.317,-76.586,45.0
2024-12-17 21:35:00,2024-12-17,2024-12-17 21:35:00,101.67,0,14.26,0,0.051,57.63,0,0.237,0.936,0,0.004,3.118,0,3.02,0,284.7,0,14.37,0.0,0,0.0,0,0.0,0,0.0,20000.0,0,20000.0,0,0.0,0,0.0,0,0.0,0,0.0,0,83.34,0,3.0,0,13.16,0,17.64,0,39.317,-76.586,45.0
2024-12-17 21:36:00,2024-12-17,2024-12-17 21:36:00,101.67,0,14.37,0,0.074,57.48,0,0.255,0.941,0,0.005,1.953,0,1.904,0,278.9,0,12.85,0.0,0,0.0,0,0.0,0,0.0,20000.0,0,20000.0,0,0.0,0,0.0,0,0.0,0,0.0,0,83.34,0,3.0,0,13.17,0,17.57,0,39.317,-76.586,45.0
2024-12-17 21:37:00,2024-12-17,2024-12-17 21:37:00,101.67,0,14.48,0,0.035,57.13,0,0.268,0.941,0,0.005,1.831,0,1.77,0,287.5,0,14.72,0.0,0,0.0,0,0.0,0,0.0,20000.0,0,20000.0,0,0.0,0,0.0,0,0.0,0,0.0,0,83.34,0,3.0,0,13.17,0,17.51,0,39.317,-76.586,45.0
2024-12-17 21:38:00,2024-12-17,2024-12-17 21:38:00,101.67,0,14.38,0,0.045,57.23,0,0.228,0.937,0,0.004,2.272,0,2.208,0,281.0,0,13.57,0.0,0,0.0,0,0.0,0,0.0,20000.0,0,20000.0,0,0.0,0,0.0,0,0.0,0,0.0,0,83.34,0,3.0,0,13.17,0,17.44,0,39.317,-76.586,45.0
2024-12-17 21:39:00,2024-12-17,2024-12-17 21:39:00,101.68,0,14.28,0,0.041,57.58,0,0.27,0.937,0,0.004,1.931,0,1.866,0,273.3,0,14.78,0.0,0,0.0,0,0.0,0,0.0,20000.0,0,20000.0,0,0.0,0,0.0,0,0.0,0,0.0,0,83.34,0,3.0,0,13.17,0,17.38,0,39.317,-76.586,45.0
2024-12-17 21:40:00,2024-12-17,2024-12-17 21:40:00,101.68,0,14.32,0,0.036,57.68,0,0.221,0.94,0,0.004,1.364,0,1.296,0,257.1,0,18.03,0.0,0,0.0,0,0.0,0,0.0,20000.0,0,20000.0,0,0.0,0,0.0,0,0.0,0,0.0,0,83.34,0,3.0,0,13.17,0,17.31,0,39.317,-76.586,45.0
2024-12-17 21:41:00,2024-12-17,2024-12-17 21:41:00,101.68,0,14.27,0,0.056,57.67,0,0.232,0.937,0,0.004,1.669,0,1.598,0,281.2,0,16.69,0.0,0,0.0,0,0.0,0,0.0,20000.0,0,20000.0,0,0.0,0,0.0,0,0.0,0,0.0,0,83.34,0,3.0,0,13.17,0,17.25,0,39.317,-76.586,45.0
2024-12-17 21:42:00,2024-12-17,2024-12-17 21:42:00,101.68,0,14.25,0,0.042,57.86,0,0.213,0.94,0,0.004,1.558,0,1.507,0,273.4,0,14.64,0.0,0,0.0,0,0.0,0,0.0,20000.0,0,20000.0,0,0.0,0,0.0,0,0.0,0,0.0,0,83.34,0,3.0,0,13.17,0,17.19,0,39.317,-76.586,45.0
2024-12-17 21:43:00,2024-12-17,2024-12-17 21:43:00,101.68,0,14.32,0,0.038,57.77,0,0.231,0.942,0,0.005,0.637,0,0.629,0,285.7,0,9.24,0.0,0,0.0,0,0.0,0,0.0,20000.0,0,20000.0,0,0.0,0,0.0,0,0.0,0,0.0,0,83.34,0,3.0,0,13.17,0,17.12,0,39.317,-76.586,45.0
2024-12-17 21:44:00,2024-12-17,2024-12-17 21:44:00,101.69,0,14.19,0,0.036,57.83,0,0.274,0.935,0,0.004,0.879,0,0.861,0,285.0,0,11.4,0.0,0,0.0,0,0.0,0,0.0,20000.0,0,20000.0,0,0.0,0,0.0,0,0.0,0,0.0,0,83.34,0,3.0,0,13.18,0,17.06,0,39.317,-76.586,45.0
2024-12-17 21:45:00,2024-12-17,2024-12-17 21:45:00,101.69,0,14.18,0,0.028,58.16,0,0.207,0.94,0,0.004,0.996,0,0.964,0,266.7,0,14.53,0.0,0,0.0,0,0.0,0,0.0,20000.0,0,20000.0,0,0.0,0,0.0,0,0.0,0,0.0,0,83.34,0,3.0,0,13.18,0,17.0,0,39.317,-76.586,45.0
2024-12-17 21:46:00,2024-12-17,2024-12-17 21:46:00,101.69,0,14.15,0,0.032,58.26,0,0.273,0.94,0,0.005,0.493,0,0.488,0,270.9,0,8.41,0.0,0,0.0,0,0.0,0,0.0,20000.0,0,20000.0,0,0.0,0,0.0,0,0.0,0,0.0,0,83.34,0,3.0,0,13.18,0,16.93,0,39.317,-76.586,45.0
2024-12-17 21:47:00,2024-12-17,2024-12-17 21:47:00,101.69,0,14.18,0,0.027,58.2,0,0.209,0.94,0,0.004,1.013,0,1.001,0,279.8,0,8.51,0.0,0,0.0,0,0.0,0,0.0,20000.0,0,20000.0,0,0.0,0,0.0,0,0.0,0,0.0,0,83.34,0,3.0,0,13.18,0,16.87,0,39.317,-76.586,45.0
2024-12-17 21:48:00,2024-12-17,2024-12-17 21:48:00,101.69,0,14.14,0,0.035,58.23,0,0.206,0.939,0,0.004,0.673,0,0.67,0,282.0,0,5.209,0.0,0,0.0,0,0.0,0,0.0,20000.0,0,20000.0,0,0.0,0,0.0,0,0.0,0,0.0,0,83.34,0,3.0,0,13.18,0,16.8,0,39.317,-76.586,45.0
2024-12-17 21:49:00,2024-12-17,2024-12-17 21:49:00,101.7,0,14.12,0,0.038,58.43,0,0.269,0.941,0,0.006,0.207,0,0.202,0,289.6,0,12.47,0.0,0,0.0,0,0.0,0,0.0,20000.0,0,20000.0,0,0.0,0,0.0,0,0.0,0,0.0,0,83.34,0,3.0,0,13.18,0,16.74,0,39.317,-76.586,45.0
2024-12-17 21:50:00,2024-12-17,2024-12-17 21:50:00,101.7,0,14.2,0,0.062,58.38,0,0.324,0.945,0,0.004,0.154,0,0.134,0,263.1,0,23.62,0.0,0,0.0,0,0.0,0,0.0,20000.0,0,20000.0,0,0.0,0,0.0,0,0.0,0,0.0,0,83.34,0,3.0,0,13.18,0,16.67,0,39.317,-76.586,45.0
2024-12-17 21:51:00,2024-12-17,2024-12-17 21:51:00,101.7,0,14.25,0,0.058,57.91,0,0.233,0.94,0,0.006,0.0,0,0.0,0,0.0,0,0.0,0.0,0,0.0,0,0.0,0,0.0,20000.0,0,20000.0,0,0.0,0,0.0,0,0.0,0,0.0,0,83.34,0,3.0,0,13.18,0,16.61,0,39.317,-76.586,45.0
2024-12-17 21:52:00,2024-12-17,2024-12-17 21:52:00,101.7,0,13.9,0,0.098,58.45,0,0.606,0.928,0,0.006,0.0,0,0.0,0,0.0,0,0.0,0.0,0,0.0,0,0.0,0,0.0,20000.0,0,20000.0,0,0.0,0,0.0,0,0.0,0,0.0,0,83.34,0,3.0,0,13.18,0,16.54,0,39.317,-76.586,45.0
2024-12-17 21:53:00,2024-12-17,2024-12-17 21:53:00,101.71,0,13.84,0,0.067,59.54,0,0.229,0.941,0,0.006,0.0,0,0.0,0,0.0,0,0.0,0.0,0,0.0,0,0.0,0,0.0,20000.0,0,20000.0,0,0.0,0,0.0,0,0.0,0,0.0,0,83.34,0,3.0,0,13.19,0,16.47,0,39.317,-76.586,45.0
2024-12-17 21:54:00,2024-12-17,2024-12-17 21:54:00,101.71,0,13.92,0,0.032,59.58,0,0.22,0.947,0,0.004,0.0,0,0.0,0,0.0,0,0.0,0.0,0,0.0,0,0.0,0,0.0,20000.0,0,20000.0,0,0.0,0,0.0,0,0.0,0,0.0,0,83.34,0,3.0,0,13.19,0,16.41,0,39.317,-76.586,45.0
2024-12-17 21:55:00,2024-12-17,2024-12-17 21:55:00,101.71,0,13.84,0,0.053,59.66,0,0.246,0.943,0,0.005,0.0,0,0.0,0,0.0,0,0.0,0.0,0,0.0,0,0.0,0,0.0,20000.0,0,20000.0,0,0.0,0,0.0,0,0.0,0,0.0,0,83.34,0,3.0,0,13.19,0,16.34,0,39.317,-76.586,45.0
2024-12-17 21:56:00,2024-12-17,2024-12-17 21:56:00,101.71,0,13.62,0,0.067,59.72,0,0.345,0.931,0,0.004,0.0,0,0.0,0,0.0,0,0.0,0.0,0,0.0,0,0.0,0,0.0,20000.0,0,20000.0,0,0.0,0,0.0,0,0.0,0,0.0,0,83.34,0,3.0,0,13.19,0,16.27,0,39.317,-76.586,45.0
2024-12-17 21:57:00,2024-12-17,2024-12-17 21:57:00,101.71,0,13.38,0,0.095,60.55,0,0.518,0.929,0,0.005,0.034,0,0.034,0,170.4,0,0.032,0.0,0,0.0,0,0.0,0,0.0,20000.0,0,20000.0,0,0.0,0,0.0,0,0.0,0,0.0,0,83.34,0,3.0,0,13.19,0,16.2,0,39.317,-76.586,45.0
2024-12-17 21:58:00,2024-12-17,2024-12-17 21:58:00,101.72,0,12.99,0,0.086,62.51,0,0.804,0.935,0,0.008,0.042,0,0.042,0,170.4,0,0.0,0.0,0,0.0,0,0.0,0,0.0,20000.0,0,20000.0,0,0.0,0,0.0,0,0.0,0,0.0,0,83.34,0,3.0,0,13.2,0,16.14,0,39.317,-76.586,45.0
2024-12-17 21:59:00,2024-12-17,2024-12-17 21:59:00,101.72,0,12.86,0,0.034,64.1,0,0.324,0.951,0,0.005,0.0,0,0.0,0,0.0,0,0.0,0.0,0,0.0,0,0.0,0,0.0,20000.0,0,20000.0,0,0.0,0,0.0,0,0.0,0,0.0,0,83.34,0,3.0,0,13.19,0,16.07,0,39.317,-76.586,45.0
2024-12-17 22:00:00,2024-12-17,2024-12-17 22:00:00,101.72,0,12.99,0,0.07,64.55,0,0.224,0.966,0,0.006,0.0,0,0.0,0,0.0,0,0.0,0.0,0,0.0,0,0.0,0,0.0,20000.0,0,20000.0,0,0.0,0,0.0,0,0.0,0,0.0,0,83.34,0,3.0,0,13.19,0,15.99,0,39.317,-76.586,45.0
2024-12-17 22:01:00,2024-12-17,2024-12-17 22:01:00,101.72,0,13.04,0,0.048,64.56,0,0.214,0.969,0,0.004,0.0,0,0.0,0,0.0,0,0.0,0.0,0,0.0,0,0.0,0,0.0,20000.0,0,20000.0,0,0.0,0,0.0,0,0.0,0,0.0,0,83.34,0,3.0,0,13.2,0,15.92,0,39.317,-76.586,45.0
2024-12-17 22:02:00,2024-12-17,2024-12-17 22:02:00,101.73,0,13.26,0,0.074,63.69,0,0.438,0.969,0,0.004,0.0,0,0.0,0,0.0,0,0.0,0.0,0,0.0,0,0.0,0,0.0,20000.0,0,20000.0,0,0.0,0,0.0,0,0.0,0,0.0,0,83.34,0,3.0,0,13.2,0,15.85,0,39.317,-76.586,45.0
2024-12-17 22:03:00,2024-12-17,2024-12-17 22:03:00,101.73,0,13.24,0,0.09,63.12,0,0.244,0.96,0,0.007,0.0,0,0.0,0,0.0,0,0.0,0.0,0,0.0,0,0.0,0,0.0,20000.0,0,20000.0,0,0.0,0,0.0,0,0.0,0,0.0,0,83.34,0,3.0,0,13.2,0,15.78,0,39.317,-76.586,45.0
2024-12-17 22:04:00,2024-12-17,2024-12-17 22:04:00,101.73,0,12.89,0,0.08,63.63,0,0.411,0.946,0,0.004,0.149,0,0.149,0,204.6,0,0.118,0.0,0,0.0,0,0.0,0,0.0,20000.0,0,20000.0,0,0.0,0,0.0,0,0.0,0,0.0,0,83.34,0,3.0,0,13.2,0,15.71,0,39.317,-76.586,45.0
2024-12-17 22:05:00,2024-12-17,2024-12-17 22:05:00,101.73,0,12.45,0,0.215,65.11,0,0.815,0.94,0,0.004,0.248,0,0.248,0,204.6,0,0.077,0.0,0,0.0,0,0.0,0,0.0,20000.0,0,20000.0,0,0.0,0,0.0,0,0.0,0,0.0,0,83.34,0,3.0,0,13.2,0,15.63,0,39.317,-76.586,45.0
2024-12-17 22:06:00,2024-12-17,2024-12-17 22:06:00,101.73,0,12.08,0,0.047,67.3,0,0.401,0.948,0,0.007,0.221,0,0.22,0,204.6,0,0.048,0.0,0,0.0,0,0.0,0,0.0,20000.0,0,20000.0,0,0.0,0,0.0,0,0.0,0,0.0,0,83.34,0,3.0,0,13.2,0,15.56,0,39.317,-76.586,45.0
2024-12-17 22:07:00,2024-12-17,2024-12-17 22:07:00,101.73,0,12.35,0,0.103,67.91,0,0.25,0.974,0,0.008,0.315,0,0.305,0,215.9,0,14.31,0.0,0,0.0,0,0.0,0,0.0,20000.0,0,20000.0,0,0.0,0,0.0,0,0.0,0,0.0,0,83.34,0,3.0,0,13.21,0,15.49,0,39.317,-76.586,45.0
2024-12-17 22:08:00,2024-12-17,2024-12-17 22:08:00,101.73,0,12.5,0,0.03,67.54,0,0.359,0.978,0,0.006,0.549,0,0.548,0,238.3,0,3.061,0.0,0,0.0,0,0.0,0,0.0,20000.0,0,20000.0,0,0.0,0,0.0,0,0.0,0,0.0,0,83.34,0,3.0,0,13.2,0,15.41,0,39.317,-76.586,45.0
2024-12-17 22:09:00,2024-12-17,2024-12-17 22:09:00,101.74,0,12.5,0,0.032,67.08,0,0.244,0.972,0,0.004,0.673,0,0.673,0,244.4,0,0.719,0.0,0,0.0,0,0.0,0,0.0,20000.0,0,20000.0,0,0.0,0,0.0,0,0.0,0,0.0,0,83.34,0,3.0,0,13.21,0,15.33,0,39.317,-76.586,45.0
2024-12-17 22:10:00,2024-12-17,2024-12-17 22:10:00,101.74,0,12.61,0,0.074,66.56,0,0.368,0.971,0,0.004,0.715,0,0.715,0,250.9,0,2.326,0.0,0,0.0,0,0.0,0,0.0,20000.0,0,20000.0,0,0.0,0,0.0,0,0.0,0,0.0,0,83.34,0,3.0,0,13.21,0,15.26,0,39.317,-76.586,45.0
2024-12-17 22:11:00,2024-12-17,2024-12-17 22:11:00,101.74,0,12.66,0,0.033,66.0,0,0.276,0.966,0,0.005,0.683,0,0.683,0,253.0,0,0.583,0.0,0,0.0,0,0.0,0,0.0,20000.0,0,20000.0,0,0.0,0,0.0,0,0.0,0,0.0,0,83.34,0,3.0,0,13.21,0,15.18,0,39.317,-76.586,45.0
2024-12-17 22:12:00,2024-12-17,2024-12-17 22:12:00,101.74,0,12.74,0,0.056,65.46,0,0.297,0.963,0,0.004,0.711,0,0.703,0,267.5,0,8.22,0.0,0,0.0,0,0.0,0,0.0,20000.0,0,20000.0,0,0.0,0,0.0,0,0.0,0,0.0,0,83.34,0,3.0,0,13.21,0,15.11,0,39.317,-76.586,45.0
2024-12-17 22:13:00,2024-12-17,2024-12-17 22:13:00,101.74,0,12.78,0,0.046,64.96,0,0.21,0.958,0,0.005,0.828,0,0.827,0,284.1,0,3.408,0.0,0,0.0,0,0.0,0,0.0,20000.0,0,20000.0,0,0.0,0,0.0,0,0.0,0,0.0,0,83.34,0,3.0,0,13.22,0,15.03,0,39.317,-76.586,45.0
2024-12-17 22:14:00,2024-12-17,2024-12-17 22:14:00,101.74,0,12.7,0,0.082,65.02,0,0.244,0.954,0,0.006,0.851,0,0.851,0,277.1,0,1.135,0.0,0,0.0,0,0.0,0,0.0,20000.0,0,20000.0,0,0.0,0,0.0,0,0.0,0,0.0,0,83.34,0,3.0,0,13.22,0,14.96,0,39.317,-76.586,45.0
2024-12-17 22:15:00,2024-12-17,2024-12-17 22:15:00,101.74,0,12.36,0,0.083,65.77,0,0.515,0.944,0,0.004,1.009,0,1.009,0,277.9,0,2.069,0.0,0,0.0,0,0.0,0,0.0,20000.0,0,20000.0,0,0.0,0,0.0,0,0.0,0,0.0,0,83.34,0,3.0,0,13.22,0,14.88,0,39.317,-76.586,45.0
2024-12-17 22:16:00,2024-12-17,2024-12-17 22:16:00,101.74,0,12.15,0,0.056,67.08,0,0.387,0.95,0,0.004,1.174,0,1.174,0,275.9,0,1.619,0.0,0,0.0,0,0.0,0,0.0,20000.0,0,20000.0,0,0.0,0,0.0,0,0.0,0,0.0,0,83.34,0,3.0,0,13.22,0,14.81,0,39.317,-76.586,45.0
2024-12-17 22:17:00,2024-12-17,2024-12-17 22:17:00,101.74,0,12.05,0,0.029,67.94,0,0.255,0.955,0,0.004,1.267,0,1.263,0,281.6,0,4.721,0.0,0,0.0,0,0.0,0,0.0,20000.0,0,20000.0,0,0.0,0,0.0,0,0.0,0,0.0,0,83.34,0,3.0,0,13.22,0,14.74,0,39.317,-76.586,45.0
2024-12-17 22:18:00,2024-12-17,2024-12-17 22:18:00,101.74,0,12.02,0,0.029,68.33,0,0.259,0.959,0,0.004,1.462,0,1.461,0,286.4,0,2.421,0.0,0,0.0,0,0.0,0,0.0,20000.0,0,20000.0,0,0.0,0,0.0,0,0.0,0,0.0,0,83.34,0,3.0,0,13.22,0,14.67,0,39.317,-76.586,45.0
2024-12-17 22:19:00,2024-12-17,2024-12-17 22:19:00,101.74,0,12.03,0,0.033,68.51,0,0.247,0.962,0,0.004,1.446,0,1.441,0,286.3,0,4.745,0.0,0,0.0,0,0.0,0,0.0,20000.0,0,20000.0,0,0.0,0,0.0,0,0.0,0,0.0,0,83.34,0,3.0,0,13.22,0,14.6,0,39.317,-76.586,45.0
2024-12-17 22:20:00,2024-12-17,2024-12-17 22:20:00,101.75,0,12.13,0,0.036,68.23,0,0.27,0.964,0,0.003,1.423,0,1.415,0,290.0,0,6.031,0.0,0,0.0,0,0.0,0,0.0,20000.0,0,20000.0,0,0.0,0,0.0,0,0.0,0,0.0,0,83.34,0,3.0,0,13.23,0,14.53,0,39.317,-76.586,45.0
2024-12-17 22:21:00,2024-12-17,2024-12-17 22:21:00,101.75,0,12.13,0,0.032,67.99,0,0.238,0.961,0,0.004,1.504,0,1.501,0,293.1,0,3.691,0.0,0,0.0,0,0.0,0,0.0,20000.0,0,20000.0,0,0.0,0,0.0,0,0.0,0,0.0,0,83.34,0,3.0,0,13.23,0,14.46,0,39.317,-76.586,45.0
2024-12-17 22:22:00,2024-12-17,2024-12-17 22:22:00,101.75,0,12.13,0,0.027,67.98,0,0.221,0.961,0,0.004,1.561,0,1.559,0,298.4,0,2.882,0.0,0,0.0,0,0.0,0,0.0,20000.0,0,20000.0,0,0.0,0,0.0,0,0.0,0,0.0,0,83.34,0,3.0,0,13.23,0,14.39,0,39.317,-76.586,45.0
2024-12-17 22:23:00,2024-12-17,2024-12-17 22:23:00,101.75,0,12.02,0,0.048,68.1,0,0.266,0.956,0,0.004,1.565,0,1.564,0,298.3,0,1.241,0.0,0,0.0,0,0.0,0,0.0,20000.0,0,20000.0,0,0.0,0,0.0,0,0.0,0,0.0,0,83.34,0,3.0,0,13.23,0,14.33,0,39.317,-76.586,45.0
2024-12-17 22:24:00,2024-12-17,2024-12-17 22:24:00,101.75,0,11.88,0,0.048,68.98,0,0.359,0.959,0,0.004,1.47,0,1.468,0,295.7,0,2.927,0.0,0,0.0,0,0.0,0,0.0,20000.0,0,20000.0,0,0.0,0,0.0,0,0.0,0,0.0,0,83.34,0,3.0,0,13.23,0,14.26,0,39.317,-76.586,45.0
2024-12-17 22:25:00,2024-12-17,2024-12-17 22:25:00,101.75,0,11.7,0,0.07,69.89,0,0.351,0.96,0,0.004,1.383,0,1.375,0,290.9,0,6.409,0.0,0,0.0,0,0.0,0,0.0,20000.0,0,20000.0,0,0.0,0,0.0,0,0.0,0,0.0,0,83.34,0,3.0,0,13.23,0,14.2,0,39.317,-76.586,45.0
2024-12-17 22:26:00,2024-12-17,2024-12-17 22:26:00,101.75,0,11.6,0,0.026,70.5,0,0.276,0.963,0,0.004,1.568,0,1.56,0,287.3,0,5.684,0.0,0,0.0,0,0.0,0,0.0,20000.0,0,20000.0,0,0.0,0,0.0,0,0.0,0,0.0,0,83.34,0,3.0,0,13.24,0,14.13,0,39.317,-76.586,45.0
2024-12-17 22:27:00,2024-12-17,2024-12-17 22:27:00,101.75,0,11.55,0,0.052,70.69,0,0.236,0.962,0,0.005,1.297,0,1.294,0,290.0,0,3.667,0.0,0,0.0,0,0.0,0,0.0,20000.0,0,20000.0,0,0.0,0,0.0,0,0.0,0,0.0,0,83.34,0,3.0,0,13.24,0,14.07,0,39.317,-76.586,45.0
2024-12-17 22:28:00,2024-12-17,2024-12-17 22:28:00,101.75,0,11.36,0,0.068,71.37,0,0.315,0.959,0,0.004,1.393,0,1.391,0,286.4,0,3.585,0.0,0,0.0,0,0.0,0,0.0,20000.0,0,20000.0,0,0.0,0,0.0,0,0.0,0,0.0,0,83.34,0,3.0,0,13.24,0,14.01,0,39.317,-76.586,45.0
2024-12-17 22:29:00,2024-12-17,2024-12-17 22:29:00,101.75,0,11.14,0,0.063,72.26,0,0.36,0.957,0,0.004,1.356,0,1.344,0,280.9,0,7.651,0.0,0,0.0,0,0.0,0,0.0,20000.0,0,20000.0,0,0.0,0,0.0,0,0.0,0,0.0,0,83.34,0,3.0,0,13.24,0,13.94,0,39.317,-76.586,45.0
2024-12-17 22:30:00,2024-12-17,2024-12-17 22:30:00,101.75,0,10.98,0,0.036,73.2,0,0.375,0.959,0,0.005,1.494,0,1.481,0,279.6,0,7.827,0.0,0,0.0,0,0.0,0,0.0,20000.0,0,20000.0,0,0.0,0,0.0,0,0.0,0,0.0,0,83.34,0,3.0,0,13.24,0,13.88,0,39.317,-76.586,45.0
2024-12-17 22:31:00,2024-12-17,2024-12-17 22:31:00,101.75,0,10.97,0,0.029,73.92,0,0.245,0.967,0,0.004,1.511,0,1.493,0,272.2,0,8.86,0.0,0,0.0,0,0.0,0,0.0,20000.0,0,20000.0,0,0.0,0,0.0,0,0.0,0,0.0,0,83.34,0,3.0,0,13.24,0,13.81,0,39.317,-76.586,45.0
2024-12-17 22:32:00,2024-12-17,2024-12-17 22:32:00,101.75,0,11.03,0,0.029,74.15,0,0.209,0.974,0,0.004,1.426,0,1.412,0,273.3,0,8.0,0.0,0,0.0,0,0.0,0,0.0,20000.0,0,20000.0,0,0.0,0,0.0,0,0.0,0,0.0,0,83.34,0,3.0,0,13.24,0,13.75,0,39.317,-76.586,45.0
2024-12-17 22:33:00,2024-12-17,2024-12-17 22:33:00,101.75,0,11.01,0,0.041,73.97,0,0.277,0.971,0,0.005,1.15,0,1.145,0,268.5,0,5.318,0.0,0,0.0,0,0.0,0,0.0,20000.0,0,20000.0,0,0.0,0,0.0,0,0.0,0,0.0,0,83.34,0,3.0,0,13.25,0,13.69,0,39.317,-76.586,45.0
2024-12-17 22:34:00,2024-12-17,2024-12-17 22:34:00,101.75,0,11.0,0,0.035,74.12,0,0.238,0.972,0,0.005,1.138,0,1.134,0,263.2,0,5.133,0.0,0,0.0,0,0.0,0,0.0,20000.0,0,20000.0,0,0.0,0,0.0,0,0.0,0,0.0,0,83.34,0,3.0,0,13.25,0,13.63,0,39.317,-76.586,45.0
2024-12-17 22:35:00,2024-12-17,2024-12-17 22:35:00,101.75,0,10.98,0,0.028,74.15,0,0.205,0.971,0,0.004,1.403,0,1.392,0,263.7,0,7.342,0.0,0,0.0,0,0.0,0,0.0,20000.0,0,20000.0,0,0.0,0,0.0,0,0.0,0,0.0,0,83.34,0,3.0,0,13.25,0,13.57,0,39.317,-76.586,45.0
2024-12-17 22:36:00,2024-12-17,2024-12-17 22:36:00,101.75,0,11.03,0,0.054,74.22,0,0.245,0.975,0,0.004,1.292,0,1.275,0,259.7,0,9.2,0.0,0,0.0,0,0.0,0,0.0,20000.0,0,20000.0,0,0.0,0,0.0,0,0.0,0,0.0,0,83.34,0,3.0,0,13.25,0,13.5,0,39.317,-76.586,45.0
2024-12-17 22:37:00,2024-12-17,2024-12-17 22:37:00,101.75,0,11.19,0,0.08,74.01,0,0.288,0.983,0,0.004,1.022,0,1.02,0,253.5,0,4.206,0.0,0,0.0,0,0.0,0,0.0,20000.0,0,20000.0,0,0.0,0,0.0,0,0.0,0,0.0,0,83.34,0,3.0,0,13.25,0,13.44,0,39.317,-76.586,45.0
2024-12-17 22:38:00,2024-12-17,2024-12-17 22:38:00,101.76,0,11.39,0,0.043,73.12,0,0.33,0.985,0,0.004,0.711,0,0.709,0,249.6,0,3.776,0.0,0,0.0,0,0.0,0,0.0,20000.0,0,20000.0,0,0.0,0,0.0,0,0.0,0,0.0,0,83.34,0,3.0,0,13.25,0,13.37,0,39.317,-76.586,45.0
2024-12-17 22:39:00,2024-12-17,2024-12-17 22:39:00,101.76,0,11.46,0,0.035,72.66,0,0.224,0.982,0,0.004,0.456,0,0.455,0,242.9,0,2.415,0.0,0,0.0,0,0.0,0,0.0,20000.0,0,20000.0,0,0.0,0,0.0,0,0.0,0,0.0,0,83.34,0,3.0,0,13.26,0,13.31,0,39.317,-76.586,45.0
2024-12-17 22:40:00,2024-12-17,2024-12-17 22:40:00,101.76,0,11.57,0,0.062,72.39,0,0.252,0.986,0,0.004,0.601,0,0.591,0,248.1,0,10.33,0.0,0,0.0,0,0.0,0,0.0,20000.0,0,20000.0,0,0.0,0,0.0,0,0.0,0,0.0,0,83.34,0,3.0,0,13.26,0,13.25,0,39.317,-76.586,45.0
2024-12-17 22:41:00,2024-12-17,2024-12-17 22:41:00,101.76,0,11.52,0,0.131,71.76,0,0.317,0.975,0,0.012,0.354,0,0.354,0,234.6,0,2.917,0.0,0,0.0,0,0.0,0,0.0,20000.0,0,20000.0,0,0.0,0,0.0,0,0.0,0,0.0,0,83.34,0,3.0,0,13.26,0,13.19,0,39.317,-76.586,45.0
2024-12-17 22:42:00,2024-12-17,2024-12-17 22:42:00,101.77,0,11.13,0,0.076,72.63,0,0.59,0.961,0,0.004,0.064,0,0.064,0,226.9,0,0.571,0.0,0,0.0,0,0.0,0,0.0,20000.0,0,20000.0,0,0.0,0,0.0,0,0.0,0,0.0,0,83.34,0,3.0,0,13.26,0,13.12,0,39.317,-76.586,45.0
2024-12-17 22:43:00,2024-12-17,2024-12-17 22:43:00,101.77,0,10.84,0,0.08,73.98,0,0.491,0.96,0,0.004,0.0,0,0.0,0,0.0,0,0.0,0.0,0,0.0,0,0.0,0,0.0,20000.0,0,20000.0,0,0.0,0,0.0,0,0.0,0,0.0,0,83.34,0,3.0,0,13.26,0,13.06,0,39.317,-76.586,45.0
2024-12-17 22:44:00,2024-12-17,2024-12-17 22:44:00,101.77,0,10.75,0,0.037,75.11,0,0.271,0.969,0,0.005,0.0,0,0.0,0,0.0,0,0.0,0.0,0,0.0,0,0.0,0,0.0,20000.0,0,20000.0,0,0.0,0,0.0,0,0.0,0,0.0,0,83.34,0,3.0,0,13.26,0,13.0,0,39.317,-76.586,45.0
2024-12-17 22:45:00,2024-12-17,2024-12-17 22:45:00,101.77,0,10.94,0,0.078,75.35,0,0.215,0.984,0,0.005,0.149,0,0.148,0,159.4,0,4.95,0.0,0,0.0,0,0.0,0,0.0,20000.0,0,20000.0,0,0.0,0,0.0,0,0.0,0,0.0,0,83.34,0,3.0,0,13.26,0,12.93,0,39.317,-76.586,45.0
2024-12-17 22:46:00,2024-12-17,2024-12-17 22:46:00,101.78,0,11.0,0,0.047,74.79,0,0.294,0.981,0,0.006,0.142,0,0.137,0,111.6,0,11.12,0.0,0,0.0,0,0.0,0,0.0,20000.0,0,20000.0,0,0.0,0,0.0,0,0.0,0,0.0,0,83.34,0,3.0,0,13.27,0,12.87,0,39.317,-76.586,45.0
2024-12-17 22:47:00,2024-12-17,2024-12-17 22:47:00,101.78,0,10.55,0,0.21,74.41,0,0.346,0.948,0,0.014,0.555,0,0.551,0,95.7,0,6.969,0.0,0,0.0,0,0.0,0,0.0,20000.0,0,20000.0,0,0.0,0,0.0,0,0.0,0,0.0,0,83.34,0,3.0,0,13.27,0,12.81,0,39.317,-76.586,45.0
2024-12-17 22:48:00,2024-12-17,2024-12-17 22:48:00,101.78,0,10.27,0,0.049,76.36,0,0.732,0.954,0,0.011,0.332,0,0.332,0,96.3,0,0.984,0.0,0,0.0,0,0.0,0,0.0,20000.0,0,20000.0,0,0.0,0,0.0,0,0.0,0,0.0,0,83.34,0,3.0,0,13.27,0,12.75,0,39.317,-76.586,45.0
2024-12-17 22:49:00,2024-12-17,2024-12-17 22:49:00,101.79,0,10.6,0,0.146,77.38,0,0.23,0.988,0,0.01,0.601,0,0.599,0,83.4,0,4.772,0.0,0,0.0,0,0.0,0,0.0,20000.0,0,20000.0,0,0.0,0,0.0,0,0.0,0,0.0,0,83.34,0,3.0,0,13.27,0,12.69,0,39.317,-76.586,45.0
2024-12-17 22:50:00,2024-12-17,2024-12-17 22:50:00,101.79,0,11.09,0,0.123,76.41,0,0.632,1.008,0,0.004,1.024,0,1.022,0,76.96,0,3.244,0.0,0,0.0,0,0.0,0,0.0,20000.0,0,20000.0,0,0.0,0,0.0,0,0.0,0,0.0,0,83.34,0,3.0,0,13.27,0,12.64,0,39.317,-76.586,45.0
2024-12-17 22:51:00,2024-12-17,2024-12-17 22:51:00,101.79,0,11.38,0,0.089,74.51,0,0.459,1.003,0,0.004,0.96,0,0.958,0,64.38,0,4.399,0.0,0,0.0,0,0.0,0,0.0,20000.0,0,20000.0,0,0.0,0,0.0,0,0.0,0,0.0,0,83.34,0,3.0,0,13.27,0,12.58,0,39.317,-76.586,45.0
2024-12-17 22:52:00,2024-12-17,2024-12-17 22:52:00,101.8,0,11.6,0,0.049,73.4,0,0.358,1.002,0,0.004,0.996,0,0.994,0,76.04,0,4.048,0.0,0,0.0,0,0.0,0,0.0,20000.0,0,20000.0,0,0.0,0,0.0,0,0.0,0,0.0,0,83.34,0,3.0,0,13.28,0,12.52,0,39.317,-76.586,45.0
2024-12-17 22:53:00,2024-12-17,2024-12-17 22:53:00,101.8,0,11.66,0,0.025,72.62,0,0.287,0.995,0,0.004,1.052,0,1.049,0,75.18,0,4.53,0.0,0,0.0,0,0.0,0,0.0,20000.0,0,20000.0,0,0.0,0,0.0,0,0.0,0,0.0,0,83.34,0,3.0,0,13.28,0,12.46,0,39.317,-76.586,45.0
2024-12-17 22:54:00,2024-12-17,2024-12-17 22:54:00,101.8,0,11.69,0,0.032,72.27,0,0.242,0.992,0,0.004,1.073,0,1.069,0,65.92,0,4.958,0.0,0,0.0,0,0.0,0,0.0,20000.0,0,20000.0,0,0.0,0,0.0,0,0.0,0,0.0,0,83.34,0,3.0,0,13.28,0,12.41,0,39.317,-76.586,45.0
2024-12-17 22:55:00,2024-12-17,2024-12-17 22:55:00,101.8,0,11.82,0,0.056,71.66,0,0.285,0.992,0,0.003,1.011,0,1.008,0,68.59,0,4.418,0.0,0,0.0,0,0.0,0,0.0,20000.0,0,20000.0,0,0.0,0,0.0,0,0.0,0,0.0,0,83.34,0,3.0,0,13.28,0,12.36,0,39.317,-76.586,45.0
2024-12-17 22:56:00,2024-12-17,2024-12-17 22:56:00,101.8,0,11.97,0,0.056,70.97,0,0.339,0.993,0,0.004,0.892,0,0.89,0,70.57,0,3.699,0.0,0,0.0,0,0.0,0,0.0,20000.0,0,20000.0,0,0.0,0,0.0,0,0.0,0,0.0,0,83.34,0,3.0,0,13.28,0,12.31,0,39.317,-76.586,45.0
2024-12-17 22:57:00,2024-12-17,2024-12-17 22:57:00,101.8,0,11.92,0,0.073,70.58,0,0.252,0.984,0,0.006,0.817,0,0.812,0,76.33,0,6.398,0.0,0,0.0,0,0.0,0,0.0,20000.0,0,20000.0,0,0.0,0,0.0,0,0.0,0,0.0,0,83.34,0,3.0,0,13.28,0,12.26,0,39.317,-76.586,45.0
2024-12-17 22:58:00,2024-12-17,2024-12-17 22:58:00,101.8,0,11.52,0,0.23,70.43,0,0.284,0.956,0,0.017,0.655,0,0.652,0,76.61,0,5.697,0.0,0,0.0,0,0.0,0,0.0,20000.0,0,20000.0,0,0.0,0,0.0,0,0.0,0,0.0,0,83.34,0,3.0,0,13.28,0,12.21,0,39.317,-76.586,45.0
2024-12-17 22:59:00,2024-12-17,2024-12-17 22:59:00,101.8,0,10.16,0,0.441,70.99,0,1.123,0.88,0,0.016,0.583,0,0.581,0,67.88,0,4.987,0.0,0,0.0,0,0.0,0,0.0,20000.0,0,20000.0,0,0.0,0,0.0,0,0.0,0,0.0,0,83.34,0,3.0,0,13.28,0,12.16,0,39.317,-76.586,45.0
2024-12-17 23:00:00,2024-12-17,2024-12-17 23:00:00,101.8,0,9.28,0,0.105,76.54,0,1.576,0.895,0,0.013,0.621,0,0.619,0,78.0,0,3.521,0.0,0,0.0,0,0.0,0,0.0,20000.0,0,20000.0,0,0.0,0,0.0,0,0.0,0,0.0,0,83.34,0,3.0,0,13.29,0,12.11,0,39.317,-76.586,45.0
2024-12-17 23:01:00,2024-12-17,2024-12-17 23:01:00,101.81,0,9.38,0,0.199,80.6,0,1.054,0.949,0,0.024,0.532,0,0.532,0,78.28,0,1.435,0.0,0,0.0,0,0.0,0,0.0,20000.0,0,20000.0,0,0.0,0,0.0,0,0.0,0,0.0,0,83.34,0,3.0,0,13.29,0,12.06,0,39.317,-76.586,45.0
2024-12-17 23:02:00,2024-12-17,2024-12-17 23:02:00,101.81,0,9.96,0,0.101,80.3,0,1.281,0.982,0,0.017,0.469,0,0.469,0,77.33,0,0.415,0.0,0,0.0,0,0.0,0,0.0,20000.0,0,20000.0,0,0.0,0,0.0,0,0.0,0,0.0,0,83.34,0,3.0,0,13.29,0,12.01,0,39.317,-76.586,45.0
2024-12-17 23:03:00,2024-12-17,2024-12-17 23:03:00,101.81,0,9.62,0,0.079,78.49,0,0.685,0.939,0,0.008,0.336,0,0.336,0,70.35,0,3.672,0.0,0,0.0,0,0.0,0,0.0,20000.0,0,20000.0,0,0.0,0,0.0,0,0.0,0,0.0,0,83.34,0,3.0,0,13.29,0,11.95,0,39.317,-76.586,45.0
2024-12-17 23:04:00,2024-12-17,2024-12-17 23:04:00,101.81,0,9.5,0,0.1,79.4,0,0.437,0.942,0,0.011,0.302,0,0.302,0,66.05,0,2.492,0.0,0,0.0,0,0.0,0,0.0,20000.0,0,20000.0,0,0.0,0,0.0,0,0.0,0,0.0,0,83.34,0,3.0,0,13.29,0,11.9,0,39.317,-76.586,45.0
2024-12-17 23:05:00,2024-12-17,2024-12-17 23:05:00,101.82,0,9.13,0,0.08,79.83,0,0.848,0.924,0,0.011,0.0,0,0.0,0,0.0,0,0.0,0.0,0,0.0,0,0.0,0,0.0,20000.0,0,20000.0,0,0.0,0,0.0,0,0.0,0,0.0,0,83.34,0,3.0,0,13.3,0,11.84,0,39.317,-76.586,45.0
2024-12-17 23:06:00,2024-12-17,2024-12-17 23:06:00,101.82,0,9.42,0,0.124,82.1,0,0.272,0.968,0,0.009,0.0,0,0.0,0,0.0,0,0.0,0.0,0,0.0,0,0.0,0,0.0,20000.0,0,20000.0,0,0.0,0,0.0,0,0.0,0,0.0,0,83.34,0,3.0,0,13.29,0,11.78,0,39.317,-76.586,45.0
2024-12-17 23:07:00,2024-12-17,2024-12-17 23:07:00,101.82,0,9.69,0,0.074,81.3,0,0.36,0.977,0,0.005,0.0,0,0.0,0,0.0,0,0.0,0.0,0,0.0,0,0.0,0,0.0,20000.0,0,20000.0,0,0.0,0,0.0,0,0.0,0,0.0,0,83.34,0,3.0,0,13.29,0,11.73,0,39.317,-76.586,45.0
2024-12-17 23:08:00,2024-12-17,2024-12-17 23:08:00,101.82,0,9.93,0,0.059,80.3,0,0.429,0.981,0,0.004,0.002,0,0.002,0,32.65,0,0.003,0.0,0,0.0,0,0.0,0,0.0,20000.0,0,20000.0,0,0.0,0,0.0,0,0.0,0,0.0,0,83.34,0,3.0,0,13.3,0,11.67,0,39.317,-76.586,45.0
2024-12-17 23:09:00,2024-12-17,2024-12-17 23:09:00,101.83,0,9.82,0,0.143,79.08,0,0.382,0.958,0,0.013,0.031,0,0.018,0,357.6,0,22.22,0.0,0,0.0,0,0.0,0,0.0,20000.0,0,20000.0,0,0.0,0,0.0,0,0.0,0,0.0,0,83.34,0,3.0,0,13.3,0,11.61,0,39.317,-76.586,45.0
2024-12-17 23:10:00,2024-12-17,2024-12-17 23:10:00,101.83,0,9.4,0,0.063,79.64,0,0.67,0.938,0,0.005,0.482,0,0.482,0,264.1,0,0.188,0.0,0,0.0,0,0.0,0,0.0,20000.0,0,20000.0,0,0.0,0,0.0,0,0.0,0,0.0,0,83.34,0,3.0,0,13.3,0,11.56,0,39.317,-76.586,45.0
2024-12-17 23:11:00,2024-12-17,2024-12-17 23:11:00,101.83,0,9.37,0,0.035,81.1,0,0.301,0.953,0,0.005,0.697,0,0.692,0,233.9,0,7.116,0.0,0,0.0,0,0.0,0,0.0,20000.0,0,20000.0,0,0.0,0,0.0,0,0.0,0,0.0,0,83.34,0,3.0,0,13.3,0,11.5,0,39.317,-76.586,45.0
2024-12-17 23:12:00,2024-12-17,2024-12-17 23:12:00,101.83,0,9.45,0,0.028,81.5,0,0.238,0.964,0,0.004,0.874,0,0.863,0,235.6,0,9.08,0.0,0,0.0,0,0.0,0,0.0,20000.0,0,20000.0,0,0.0,0,0.0,0,0.0,0,0.0,0,83.34,0,3.0,0,13.3,0,11.44,0,39.317,-76.586,45.0
2024-12-17 23:13:00,2024-12-17,2024-12-17 23:13:00,101.83,0,9.41,0,0.036,81.3,0,0.242,0.958,0,0.004,0.897,0,0.892,0,227.1,0,5.575,0.0,0,0.0,0,0.0,0,0.0,20000.0,0,20000.0,0,0.0,0,0.0,0,0.0,0,0.0,0,83.34,0,3.0,0,13.3,0,11.38,0,39.317,-76.586,45.0
2024-12-17 23:14:00,2024-12-17,2024-12-17 23:14:00,101.82,0,9.45,0,0.074,81.6,0,0.265,0.965,0,0.007,1.116,0,1.106,0,233.7,0,7.445,0.0,0,0.0,0,0.0,0,0.0,20000.0,0,20000.0,0,0.0,0,0.0,0,0.0,0,0.0,0,83.34,0,3.0,0,13.3,0,11.32,0,39.317,-76.586,45.0
2024-12-17 23:15:00,2024-12-17,2024-12-17 23:15:00,101.82,0,9.56,0,0.034,81.4,0,0.294,0.97,0,0.004,1.057,0,1.039,0,240.7,0,10.59,0.0,0,0.0,0,0.0,0,0.0,20000.0,0,20000.0,0,0.0,0,0.0,0,0.0,0,0.0,0,83.34,0,3.0,0,13.31,0,11.26,0,39.317,-76.586,45.0
2024-12-17 23:16:00,2024-12-17,2024-12-17 23:16:00,101.82,0,9.58,0,0.033,80.7,0,0.275,0.963,0,0.004,1.156,0,1.146,0,243.9,0,7.718,0.0,0,0.0,0,0.0,0,0.0,20000.0,0,20000.0,0,0.0,0,0.0,0,0.0,0,0.0,0,83.34,0,3.0,0,13.31,0,11.2,0,39.317,-76.586,45.0
2024-12-17 23:17:00,2024-12-17,2024-12-17 23:17:00,101.82,0,9.63,0,0.029,80.4,0,0.203,0.963,0,0.003,1.181,0,1.175,0,252.6,0,5.846,0.0,0,0.0,0,0.0,0,0.0,20000.0,0,20000.0,0,0.0,0,0.0,0,0.0,0,0.0,0,83.34,0,3.0,0,13.31,0,11.15,0,39.317,-76.586,45.0
2024-12-17 23:18:00,2024-12-17,2024-12-17 23:18:00,101.82,0,9.71,0,0.054,80.3,0,0.231,0.966,0,0.005,1.369,0,1.362,0,259.8,0,5.61,0.0,0,0.0,0,0.0,0,0.0,20000.0,0,20000.0,0,0.0,0,0.0,0,0.0,0,0.0,0,83.34,0,3.0,0,13.31,0,11.09,0,39.317,-76.586,45.0
2024-12-17 23:19:00,2024-12-17,2024-12-17 23:19:00,101.82,0,9.83,0,0.037,79.93,0,0.286,0.969,0,0.004,1.514,0,1.491,0,257.9,0,10.1,0.0,0,0.0,0,0.0,0,0.0,20000.0,0,20000.0,0,0.0,0,0.0,0,0.0,0,0.0,0,83.34,0,3.0,0,13.31,0,11.03,0,39.317,-76.586,45.0
2024-12-17 23:20:00,2024-12-17,2024-12-17 23:20:00,101.82,0,9.89,0,0.047,79.62,0,0.286,0.97,0,0.004,1.723,0,1.704,0,260.6,0,8.49,0.0,0,0.0,0,0.0,0,0.0,20000.0,0,20000.0,0,0.0,0,0.0,0,0.0,0,0.0,0,83.34,0,3.0,0,13.31,0,10.98,0,39.317,-76.586,45.0
2024-12-17 23:21:00,2024-12-17,2024-12-17 23:21:00,101.82,0,9.96,0,0.053,79.59,0,0.248,0.974,0,0.004,1.806,0,1.797,0,264.6,0,5.781,0.0,0,0.0,0,0.0,0,0.0,20000.0,0,20000.0,0,0.0,0,0.0,0,0.0,0,0.0,0,83.34,0,3.0,0,13.32,0,10.92,0,39.317,-76.586,45.0
2024-12-17 23:22:00,2024-12-17,2024-12-17 23:22:00,101.82,0,9.96,0,0.031,79.28,0,0.249,0.97,0,0.004,1.826,0,1.821,0,265.5,0,4.275,0.0,0,0.0,0,0.0,0,0.0,20000.0,0,20000.0,0,0.0,0,0.0,0,0.0,0,0.0,0,83.34,0,3.0,0,13.32,0,10.87,0,39.317,-76.586,45.0
2024-12-17 23:23:00,2024-12-17,2024-12-17 23:23:00,101.82,0,9.9,0,0.062,79.06,0,0.253,0.964,0,0.006,1.893,0,1.891,0,263.9,0,2.9,0.0,0,0.0,0,0.0,0,0.0,20000.0,0,20000.0,0,0.0,0,0.0,0,0.0,0,0.0,0,83.34,0,3.0,0,13.32,0,10.82,0,39.317,-76.586,45.0
2024-12-17 23:24:00,2024-12-17,2024-12-17 23:24:00,101.82,0,9.68,0,0.05,79.26,0,0.405,0.952,0,0.004,1.79,0,1.785,0,260.8,0,4.349,0.0,0,0.0,0,0.0,0,0.0,20000.0,0,20000.0,0,0.0,0,0.0,0,0.0,0,0.0,0,83.34,0,3.0,0,13.32,0,10.77,0,39.317,-76.586,45.0
2024-12-17 23:25:00,2024-12-17,2024-12-17 23:25:00,101.82,0,9.61,0,0.038,80.0,0,0.247,0.956,0,0.004,1.731,0,1.725,0,265.9,0,4.769,0.0,0,0.0,0,0.0,0,0.0,20000.0,0,20000.0,0,0.0,0,0.0,0,0.0,0,0.0,0,83.34,0,3.0,0,13.32,0,10.72,0,39.317,-76.586,45.0
2024-12-17 23:26:00,2024-12-17,2024-12-17 23:26:00,101.82,0,9.54,0,0.041,80.3,0,0.229,0.956,0,0.004,1.581,0,1.573,0,269.9,0,5.676,0.0,0,0.0,0,0.0,0,0.0,20000.0,0,20000.0,0,0.0,0,0.0,0,0.0,0,0.0,0,83.34,0,3.0,0,13.32,0,10.68,0,39.317,-76.586,45.0
2024-12-17 23:27:00,2024-12-17,2024-12-17 23:27:00,101.82,0,9.48,0,0.031,80.6,0,0.251,0.955,0,0.004,1.645,0,1.63,0,264.5,0,7.731,0.0,0,0.0,0,0.0,0,0.0,20000.0,0,20000.0,0,0.0,0,0.0,0,0.0,0,0.0,0,83.34,0,3.0,0,13.32,0,10.63,0,39.317,-76.586,45.0
2024-12-17 23:28:00,2024-12-17,2024-12-17 23:28:00,101.82,0,9.53,0,0.049,80.8,0,0.213,0.961,0,0.005,1.496,0,1.482,0,272.1,0,7.924,0.0,0,0.0,0,0.0,0,0.0,20000.0,0,20000.0,0,0.0,0,0.0,0,0.0,0,0.0,0,83.34,0,3.0,0,13.33,0,10.58,0,39.317,-76.586,45.0
2024-12-17 23:29:00,2024-12-17,2024-12-17 23:29:00,101.82,0,9.54,0,0.028,80.7,0,0.23,0.96,0,0.003,1.632,0,1.617,0,275.7,0,7.727,0.0,0,0.0,0,0.0,0,0.0,20000.0,0,20000.0,0,0.0,0,0.0,0,0.0,0,0.0,0,83.34,0,3.0,0,13.33,0,10.54,0,39.317,-76.586,45.0
2024-12-17 23:30:00,2024-12-17,2024-12-17 23:30:00,101.82,0,9.63,0,0.052,80.7,0,0.261,0.966,0,0.005,1.656,0,1.647,0,282.6,0,5.974,0.0,0,0.0,0,0.0,0,0.0,20000.0,0,20000.0,0,0.0,0,0.0,0,0.0,0,0.0,0,83.34,0,3.0,0,13.33,0,10.49,0,39.317,-76.586,45.0
2024-12-17 23:31:00,2024-12-17,2024-12-17 23:31:00,101.83,0,9.76,0,0.055,80.3,0,0.243,0.97,0,0.005,1.73,0,1.721,0,282.3,0,5.757,0.0,0,0.0,0,0.0,0,0.0,20000.0,0,20000.0,0,0.0,0,0.0,0,0.0,0,0.0,0,83.34,0,3.0,0,13.33,0,10.45,0,39.317,-76.586,45.0
2024-12-17 23:32:00,2024-12-17,2024-12-17 23:32:00,101.83,0,10.02,0,0.098,80.1,0,0.232,0.984,0,0.006,1.503,0,1.492,0,285.2,0,6.779,0.0,0,0.0,0,0.0,0,0.0,20000.0,0,20000.0,0,0.0,0,0.0,0,0.0,0,0.0,0,83.34,0,3.0,0,13.33,0,10.41,0,39.317,-76.586,45.0
2024-12-17 23:33:00,2024-12-17,2024-12-17 23:33:00,101.83,0,10.29,0,0.079,79.02,0,0.407,0.988,0,0.004,1.266,0,1.25,0,289.6,0,9.08,0.0,0,0.0,0,0.0,0,0.0,20000.0,0,20000.0,0,0.0,0,0.0,0,0.0,0,0.0,0,83.34,0,3.0,0,13.33,0,10.37,0,39.317,-76.586,45.0
2024-12-17 23:34:00,2024-12-17,2024-12-17 23:34:00,101.83,0,10.54,0,0.073,77.86,0,0.418,0.991,0,0.003,1.183,0,1.154,0,290.0,0,12.66,0.0,0,0.0,0,0.0,0,0.0,20000.0,0,20000.0,0,0.0,0,0.0,0,0.0,0,0.0,0,83.34,0,3.0,0,13.33,0,10.33,0,39.317,-76.586,45.0
2024-12-17 23:35:00,2024-12-17,2024-12-17 23:35:00,101.84,0,10.73,0,0.051,76.59,0,0.424,0.987,0,0.004,1.187,0,1.178,0,298.1,0,7.29,0.0,0,0.0,0,0.0,0,0.0,20000.0,0,20000.0,0,0.0,0,0.0,0,0.0,0,0.0,0,83.34,0,3.0,0,13.33,0,10.29,0,39.317,-76.586,45.0
2024-12-17 23:36:00,2024-12-17,2024-12-17 23:36:00,101.84,0,10.85,0,0.048,75.71,0,0.309,0.983,0,0.005,1.026,0,1.011,0,288.7,0,9.76,0.0,0,0.0,0,0.0,0,0.0,20000.0,0,20000.0,0,0.0,0,0.0,0,0.0,0,0.0,0,83.34,0,3.0,0,13.33,0,10.25,0,39.317,-76.586,45.0
2024-12-17 23:37:00,2024-12-17,2024-12-17 23:37:00,101.84,0,10.99,0,0.048,75.08,0,0.304,0.984,0,0.004,1.047,0,1.034,0,282.1,0,9.17,0.0,0,0.0,0,0.0,0,0.0,20000.0,0,20000.0,0,0.0,0,0.0,0,0.0,0,0.0,0,83.34,0,3.0,0,13.34,0,10.22,0,39.317,-76.586,45.0
2024-12-17 23:38:00,2024-12-17,2024-12-17 23:38:00,101.85,0,11.01,0,0.044,74.27,0,0.348,0.975,0,0.007,1.039,0,1.024,0,281.5,0,9.61,0.0,0,0.0,0,0.0,0,0.0,20000.0,0,20000.0,0,0.0,0,0.0,0,0.0,0,0.0,0,83.34,0,3.0,0,13.34,0,10.18,0,39.317,-76.586,45.0
2024-12-17 23:39:00,2024-12-17,2024-12-17 23:39:00,101.85,0,10.57,0,0.198,73.35,0,0.251,0.935,0,0.013,0.737,0,0.724,0,299.2,0,10.67,0.0,0,0.0,0,0.0,0,0.0,20000.0,0,20000.0,0,0.0,0,0.0,0,0.0,0,0.0,0,83.34,0,3.0,0,13.34,0,10.15,0,39.317,-76.586,45.0
2024-12-17 23:40:00,2024-12-17,2024-12-17 23:40:00,101.85,0,10.04,0,0.084,75.16,0,0.828,0.925,0,0.007,0.717,0,0.701,0,304.2,0,12.14,0.0,0,0.0,0,0.0,0,0.0,20000.0,0,20000.0,0,0.0,0,0.0,0,0.0,0,0.0,0,83.34,0,3.0,0,13.34,0,10.11,0,39.317,-76.586,45.0
2024-12-17 23:41:00,2024-12-17,2024-12-17 23:41:00,101.85,0,9.89,0,0.046,76.66,0,0.241,0.934,0,0.004,0.256,0,0.254,0,327.1,0,6.73,0.0,0,0.0,0,0.0,0,0.0,20000.0,0,20000.0,0,0.0,0,0.0,0,0.0,0,0.0,0,83.34,0,3.0,0,13.34,0,10.08,0,39.317,-76.586,45.0
2024-12-17 23:42:00,2024-12-17,2024-12-17 23:42:00,101.85,0,9.92,0,0.057,77.23,0,0.281,0.943,0,0.006,0.176,0,0.174,0,320.0,0,8.62,0.0,0,0.0,0,0.0,0,0.0,20000.0,0,20000.0,0,0.0,0,0.0,0,0.0,0,0.0,0,83.34,0,3.0,0,13.34,0,10.04,0,39.317,-76.586,45.0
2024-12-17 23:43:00,2024-12-17,2024-12-17 23:43:00,101.86,0,9.85,0,0.056,77.16,0,0.329,0.938,0,0.005,0.005,0,0.005,0,296.6,0,0.006,0.0,0,0.0,0,0.0,0,0.0,20000.0,0,20000.0,0,0.0,0,0.0,0,0.0,0,0.0,0,83.34,0,3.0,0,13.34,0,10.0,0,39.317,-76.586,45.0
2024-12-17 23:44:00,2024-12-17,2024-12-17 23:44:00,101.86,0,10.11,0,0.109,77.91,0,0.384,0.963,0,0.007,0.0,0,0.0,0,0.0,0,0.0,0.0,0,0.0,0,0.0,0,0.0,20000.0,0,20000.0,0,0.0,0,0.0,0,0.0,0,0.0,0,83.34,0,3.0,0,13.35,0,9.97,0,39.317,-76.586,45.0
2024-12-17 23:45:00,2024-12-17,2024-12-17 23:45:00,101.86,0,10.06,0,0.051,76.87,0,0.314,0.947,0,0.005,0.067,0,0.035,0,63.03,0,34.0,0.0,0,0.0,0,0.0,0,0.0,20000.0,0,20000.0,0,0.0,0,0.0,0,0.0,0,0.0,0,83.34,0,3.0,0,13.34,0,9.93,0,39.317,-76.586,45.0
2024-12-17 23:46:00,2024-12-17,2024-12-17 23:46:00,101.86,0,10.0,0,0.04,77.4,0,0.234,0.95,0,0.004,0.433,0,0.432,0,88.6,0,2.311,0.0,0,0.0,0,0.0,0,0.0,20000.0,0,20000.0,0,0.0,0,0.0,0,0.0,0,0.0,0,83.34,0,3.0,0,13.34,0,9.89,0,39.317,-76.586,45.0
2024-12-17 23:47:00,2024-12-17,2024-12-17 23:47:00,101.86,0,9.79,0,0.078,77.74,0,0.304,0.941,0,0.005,1.022,0,1.017,0,83.7,0,5.858,0.0,0,0.0,0,0.0,0,0.0,20000.0,0,20000.0,0,0.0,0,0.0,0,0.0,0,0.0,0,83.34,0,3.0,0,13.34,0,9.85,0,39.317,-76.586,45.0
2024-12-17 23:48:00,2024-12-17,2024-12-17 23:48:00,101.86,0,9.67,0,0.026,78.49,0,0.271,0.942,0,0.004,1.171,0,1.166,0,71.54,0,5.232,0.0,0,0.0,0,0.0,0,0.0,20000.0,0,20000.0,0,0.0,0,0.0,0,0.0,0,0.0,0,83.34,0,3.0,0,13.35,0,9.82,0,39.317,-76.586,45.0
2024-12-17 23:49:00,2024-12-17,2024-12-17 23:49:00,101.87,0,9.79,0,0.065,78.82,0,0.233,0.954,0,0.005,1.259,0,1.258,0,67.94,0,2.544,0.0,0,0.0,0,0.0,0,0.0,20000.0,0,20000.0,0,0.0,0,0.0,0,0.0,0,0.0,0,83.34,0,3.0,0,13.35,0,9.78,0,39.317,-76.586,45.0
2024-12-17 23:50:00,2024-12-17,2024-12-17 23:50:00,101.88,0,9.97,0,0.045,78.49,0,0.266,0.961,0,0.003,1.202,0,1.201,0,59.87,0,2.052,0.0,0,0.0,0,0.0,0,0.0,20000.0,0,20000.0,0,0.0,0,0.0,0,0.0,0,0.0,0,83.34,0,3.0,0,13.35,0,9.74,0,39.317,-76.586,45.0
2024-12-17 23:51:00,2024-12-17,2024-12-17 23:51:00,101.88,0,10.09,0,0.042,78.1,0,0.367,0.964,0,0.005,1.236,0,1.234,0,58.21,0,3.679,0.0,0,0.0,0,0.0,0,0.0,20000.0,0,20000.0,0,0.0,0,0.0,0,0.0,0,0.0,0,83.34,0,3.0,0,13.35,0,9.71,0,39.317,-76.586,45.0
2024-12-17 23:52:00,2024-12-17,2024-12-17 23:52:00,101.87,0,10.1,0,0.035,77.34,0,0.295,0.956,0,0.005,1.398,0,1.395,0,68.56,0,3.831,0.0,0,0.0,0,0.0,0,0.0,20000.0,0,20000.0,0,0.0,0,0.0,0,0.0,0,0.0,0,83.34,0,3.0,0,13.35,0,9.67,0,39.317,-76.586,45.0
2024-12-17 23:53:00,2024-12-17,2024-12-17 23:53:00,101.87,0,10.1,0,0.059,77.14,0,0.256,0.953,0,0.006,1.898,0,1.894,0,72.78,0,3.694,0.0,0,0.0,0,0.0,0,0.0,20000.0,0,20000.0,0,0.0,0,0.0,0,0.0,0,0.0,0,83.34,0,3.0,0,13.36,0,9.64,0,39.317,-76.586,45.0
2024-12-17 23:54:00,2024-12-17,2024-12-17 23:54:00,101.88,0,10.39,0,0.102,76.82,0,0.522,0.967,0,0.004,1.142,0,1.14,0,76.93,0,3.363,0.0,0,0.0,0,0.0,0,0.0,20000.0,0,20000.0,0,0.0,0,0.0,0,0.0,0,0.0,0,83.34,0,3.0,0,13.35,0,9.6,0,39.317,-76.586,45.0
2024-12-17 23:55:00,2024-12-17,2024-12-17 23:55:00,101.88,0,10.02,0,0.279,73.63,0,0.767,0.905,0,0.024,0.413,0,0.412,0,69.17,0,3.497,0.0,0,0.0,0,0.0,0,0.0,20000.0,0,20000.0,0,0.0,0,0.0,0,0.0,0,0.0,0,83.34,0,3.0,0,13.35,0,9.57,0,39.317,-76.586,45.0
2024-12-17 23:56:00,2024-12-17,2024-12-17 23:56:00,101.88,0,9.36,0,0.138,75.87,0,0.958,0.892,0,0.004,0.423,0,0.421,0,62.86,0,6.004,0.0,0,0.0,0,0.0,0,0.0,20000.0,0,20000.0,0,0.0,0,0.0,0,0.0,0,0.0,0,83.34,0,3.0,0,13.36,0,9.54,0,39.317,-76.586,45.0
2024-12-17 23:57:00,2024-12-17,2024-12-17 23:57:00,101.88,0,8.98,0,0.054,78.53,0,0.825,0.9,0,0.007,0.42,0,0.416,0,47.88,0,7.98,0.0,0,0.0,0,0.0,0,0.0,20000.0,0,20000.0,0,0.0,0,0.0,0,0.0,0,0.0,0,83.34,0,3.0,0,13.36,0,9.51,0,39.317,-76.586,45.0
2024-12-17 23:58:00,2024-12-17,2024-12-17 23:58:00,101.87,0,8.93,0,0.027,80.3,0,0.319,0.917,0,0.004,0.335,0,0.334,0,45.13,0,4.926,0.0,0,0.0,0,0.0,0,0.0,20000.0,0,20000.0,0,0.0,0,0.0,0,0.0,0,0.0,0,83.34,0,3.0,0,13.36,0,9.48,0,39.317,-76.586,45.0
2024-12-17 23:59:00,2024-12-17,2024-12-17 23:59:00,101.87,0,8.95,0,0.022,80.9,0,0.24,0.925,0,0.003,0.626,0,0.622,0,79.72,0,5.91,0.0,0,0.0,0,0.0,0,0.0,20000.0,0,20000.0,0,0.0,0,0.0,0,0.0,0,0.0,0,83.34,0,3.0,0,13.36,0,9.45,0,39.317,-76.586,45.0
