time,base_time,time_offset,atmos_pressure,qc_atmos_pressure,temp_mean,qc_temp_mean,temp_std,rh_mean,qc_rh_mean,rh_std,vapor_pressure_mean,qc_vapor_pressure_mean,vapor_pressure_std,wspd_arith_mean,qc_wspd_arith_mean,wspd_vec_mean,qc_wspd_vec_mean,wdir_vec_mean,qc_wdir_vec_mean,wdir_vec_std,tbrg_precip_total,qc_tbrg_precip_total,tbrg_precip_total_corr,qc_tbrg_precip_total_corr,org_precip_rate_mean,qc_org_precip_rate_mean,pwd_err_code,pwd_mean_vis_1min,qc_pwd_mean_vis_1min,pwd_mean_vis_10min,qc_pwd_mean_vis_10min,pwd_pw_code_inst,qc_pwd_pw_code_inst,pwd_pw_code_15min,qc_pwd_pw_code_15min,pwd_pw_code_1hr,qc_pwd_pw_code_1hr,pwd_precip_rate_mean_1min,qc_pwd_precip_rate_mean_1min,pwd_cumul_rain,qc_pwd_cumul_rain,pwd_cumul_snow,qc_pwd_cumul_snow,logger_volt,qc_logger_volt,logger_temp,qc_logger_temp,lat,lon,alt
2025-01-10 00:00:00,2025-01-10,2025-01-10 00:00:00,101.18,0,-1.569,0,0.045,46.58,0,0.329,0.248,0,0.001,4.822,0,4.749,0,293.9,0,9.94,0.0,0,0.0,0,0.0,0,0.0,20000.0,0,20000.0,0,0.0,0,0.0,0,0.0,0,0.0,0,30.83,0,116.0,0,13.67,0,-1.484,0,39.317,-76.586,45.0
2025-01-10 00:01:00,2025-01-10,2025-01-10 00:01:00,101.19,0,-1.567,0,0.027,46.74,0,0.215,0.249,0,0.001,3.897,0,3.831,0,290.9,0,10.53,0.0,0,0.0,0,0.0,0,0.0,20000.0,0,20000.0,0,0.0,0,0.0,0,0.0,0,0.0,0,30.83,0,116.0,0,13.67,0,-1.5,0,39.317,-76.586,45.0
2025-01-10 00:02:00,2025-01-10,2025-01-10 00:02:00,101.18,0,-1.661,0,0.061,47.05,0,0.298,0.249,0,0.001,4.103,0,3.876,0,285.4,0,19.06,0.0,0,0.0,0,0.0,0,0.0,20000.0,0,20000.0,0,0.0,0,0.0,0,0.0,0,0.0,0,30.83,0,116.0,0,13.67,0,-1.516,0,39.317,-76.586,45.0
2025-01-10 00:03:00,2025-01-10,2025-01-10 00:03:00,101.18,0,-1.757,0,0.034,47.46,0,0.259,0.249,0,0.001,3.368,0,3.305,0,304.0,0,11.04,0.0,0,0.0,0,0.0,0,0.0,20000.0,0,20000.0,0,0.0,0,0.0,0,0.0,0,0.0,0,30.83,0,116.0,0,13.67,0,-1.531,0,39.317,-76.586,45.0
2025-01-10 00:04:00,2025-01-10,2025-01-10 00:04:00,101.17,0,-1.818,0,0.02,48.12,0,0.263,0.251,0,0.001,6.107,0,5.912,0,296.1,0,14.48,0.0,0,0.0,0,0.0,0,0.0,20000.0,0,20000.0,0,0.0,0,0.0,0,0.0,0,0.0,0,30.83,0,116.0,0,13.68,0,-1.547,0,39.317,-76.586,45.0
2025-01-10 00:05:00,2025-01-10,2025-01-10 00:05:00,101.18,0,-1.718,0,0.041,47.78,0,0.275,0.251,0,0.001,5.503,0,5.379,0,289.0,0,12.16,0.0,0,0.0,0,0.0,0,0.0,20000.0,0,20000.0,0,0.0,0,0.0,0,0.0,0,0.0,0,30.83,0,116.0,0,13.68,0,-1.563,0,39.317,-76.586,45.0
2025-01-10 00:06:00,2025-01-10,2025-01-10 00:06:00,101.18,0,-1.661,0,0.022,47.38,0,0.225,0.251,0,0.001,4.884,0,4.801,0,308.4,0,10.56,0.0,0,0.0,0,0.0,0,0.0,20000.0,0,20000.0,0,0.0,0,0.0,0,0.0,0,0.0,0,30.83,0,116.0,0,13.68,0,-1.579,0,39.317,-76.586,45.0
2025-01-10 00:07:00,2025-01-10,2025-01-10 00:07:00,101.17,0,-1.699,0,0.03,47.39,0,0.221,0.25,0,0.001,4.828,0,4.673,0,305.7,0,14.5,0.0,0,0.0,0,0.0,0,0.0,20000.0,0,20000.0,0,0.0,0,0.0,0,0.0,0,0.0,0,30.83,0,116.0,0,13.68,0,-1.595,0,39.317,-76.586,45.0
2025-01-10 00:08:00,2025-01-10,2025-01-10 00:08:00,101.18,0,-1.692,0,0.047,47.4,0,0.228,0.25,0,0.002,5.805,0,5.653,0,304.4,0,13.11,0.0,0,0.0,0,0.0,0,0.0,20000.0,0,20000.0,0,0.0,0,0.0,0,0.0,0,0.0,0,30.83,0,116.0,0,13.68,0,-1.611,0,39.317,-76.586,45.0
2025-01-10 00:09:00,2025-01-10,2025-01-10 00:09:00,101.15,0,-1.627,0,0.041,47.02,0,0.3,0.249,0,0.002,7.701,0,7.538,0,301.1,0,11.79,0.0,0,0.0,0,0.0,0,0.0,20000.0,0,20000.0,0,0.0,0,0.0,0,0.0,0,0.0,0,30.83,0,116.0,0,13.68,0,-1.627,0,39.317,-76.586,45.0
2025-01-10 00:10:00,2025-01-10,2025-01-10 00:10:00,101.17,0,-1.528,0,0.033,46.43,0,0.243,0.248,0,0.001,5.98,0,5.9,0,306.4,0,9.37,0.0,0,0.0,0,0.0,0,0.0,20000.0,0,20000.0,0,0.0,0,0.0,0,0.0,0,0.0,0,30.83,0,116.0,0,13.68,0,-1.64,0,39.317,-76.586,45.0
2025-01-10 00:11:00,2025-01-10,2025-01-10 00:11:00,101.18,0,-1.509,0,0.049,46.3,0,0.29,0.248,0,0.001,4.078,0,3.915,0,296.6,0,16.2,0.0,0,0.0,0,0.0,0,0.0,20000.0,0,20000.0,0,0.0,0,0.0,0,0.0,0,0.0,0,30.83,0,116.0,0,13.68,0,-1.656,0,39.317,-76.586,45.0
2025-01-10 00:12:00,2025-01-10,2025-01-10 00:12:00,101.18,0,-1.628,0,0.025,46.84,0,0.224,0.248,0,0.001,4.439,0,4.344,0,304.3,0,11.85,0.0,0,0.0,0,0.0,0,0.0,20000.0,0,20000.0,0,0.0,0,0.0,0,0.0,0,0.0,0,30.83,0,116.0,0,13.68,0,-1.669,0,39.317,-76.586,45.0
2025-01-10 00:13:00,2025-01-10,2025-01-10 00:13:00,101.18,0,-1.606,0,0.028,46.86,0,0.23,0.249,0,0.001,6.362,0,6.246,0,308.8,0,10.93,0.0,0,0.0,0,0.0,0,0.0,20000.0,0,20000.0,0,0.0,0,0.0,0,0.0,0,0.0,0,30.83,0,116.0,0,13.68,0,-1.682,0,39.317,-76.586,45.0
2025-01-10 00:14:00,2025-01-10,2025-01-10 00:14:00,101.17,0,-1.582,0,0.034,46.58,0,0.213,0.248,0,0.001,5.674,0,5.484,0,292.7,0,14.83,0.0,0,0.0,0,0.0,0,0.0,20000.0,0,20000.0,0,0.0,0,0.0,0,0.0,0,0.0,0,30.83,0,116.0,0,13.68,0,-1.696,0,39.317,-76.586,45.0
2025-01-10 00:15:00,2025-01-10,2025-01-10 00:15:00,101.18,0,-1.604,0,0.028,46.58,0,0.241,0.248,0,0.001,5.019,0,4.893,0,298.9,0,12.87,0.0,0,0.0,0,0.0,0,0.0,20000.0,0,20000.0,0,0.0,0,0.0,0,0.0,0,0.0,0,30.83,0,116.0,0,13.68,0,-1.711,0,39.317,-76.586,45.0
2025-01-10 00:16:00,2025-01-10,2025-01-10 00:16:00,101.18,0,-1.613,0,0.028,46.59,0,0.218,0.247,0,0.001,4.542,0,4.409,0,297.7,0,13.9,0.0,0,0.0,0,0.0,0,0.0,20000.0,0,20000.0,0,0.0,0,0.0,0,0.0,0,0.0,0,30.83,0,116.0,0,13.68,0,-1.722,0,39.317,-76.586,45.0
2025-01-10 00:17:00,2025-01-10,2025-01-10 00:17:00,101.18,0,-1.67,0,0.035,47.03,0,0.258,0.249,0,0.001,3.964,0,3.88,0,305.6,0,11.77,0.0,0,0.0,0,0.0,0,0.0,20000.0,0,20000.0,0,0.0,0,0.0,0,0.0,0,0.0,0,30.83,0,116.0,0,13.68,0,-1.738,0,39.317,-76.586,45.0
2025-01-10 00:18:00,2025-01-10,2025-01-10 00:18:00,101.18,0,-1.694,0,0.026,47.3,0,0.229,0.249,0,0.001,5.31,0,5.171,0,305.3,0,13.13,0.0,0,0.0,0,0.0,0,0.0,20000.0,0,20000.0,0,0.0,0,0.0,0,0.0,0,0.0,0,30.83,0,116.0,0,13.69,0,-1.749,0,39.317,-76.586,45.0
2025-01-10 00:19:00,2025-01-10,2025-01-10 00:19:00,101.18,0,-1.662,0,0.028,47.13,0,0.266,0.249,0,0.001,6.38,0,6.249,0,304.1,0,11.59,0.0,0,0.0,0,0.0,0,0.0,20000.0,0,20000.0,0,0.0,0,0.0,0,0.0,0,0.0,0,30.83,0,116.0,0,13.68,0,-1.762,0,39.317,-76.586,45.0
2025-01-10 00:20:00,2025-01-10,2025-01-10 00:20:00,101.19,0,-1.62,0,0.03,46.92,0,0.245,0.249,0,0.001,4.521,0,4.442,0,306.8,0,10.7,0.0,0,0.0,0,0.0,0,0.0,20000.0,0,20000.0,0,0.0,0,0.0,0,0.0,0,0.0,0,30.83,0,116.0,0,13.68,0,-1.775,0,39.317,-76.586,45.0
2025-01-10 00:21:00,2025-01-10,2025-01-10 00:21:00,101.19,0,-1.648,0,0.025,47.11,0,0.232,0.249,0,0.001,4.763,0,4.614,0,295.7,0,14.34,0.0,0,0.0,0,0.0,0,0.0,20000.0,0,20000.0,0,0.0,0,0.0,0,0.0,0,0.0,0,30.83,0,116.0,0,13.69,0,-1.786,0,39.317,-76.586,45.0
2025-01-10 00:22:00,2025-01-10,2025-01-10 00:22:00,101.19,0,-1.671,0,0.026,47.16,0,0.22,0.249,0,0.001,5.062,0,4.945,0,308.6,0,12.33,0.0,0,0.0,0,0.0,0,0.0,20000.0,0,20000.0,0,0.0,0,0.0,0,0.0,0,0.0,0,30.83,0,116.0,0,13.68,0,-1.799,0,39.317,-76.586,45.0
2025-01-10 00:23:00,2025-01-10,2025-01-10 00:23:00,101.19,0,-1.697,0,0.027,47.3,0,0.244,0.249,0,0.001,3.107,0,3.022,0,305.6,0,13.4,0.0,0,0.0,0,0.0,0,0.0,20000.0,0,20000.0,0,0.0,0,0.0,0,0.0,0,0.0,0,30.83,0,116.0,0,13.69,0,-1.812,0,39.317,-76.586,45.0
2025-01-10 00:24:00,2025-01-10,2025-01-10 00:24:00,101.19,0,-1.814,0,0.036,48.0,0,0.254,0.251,0,0.002,3.84,0,3.735,0,301.2,0,13.37,0.0,0,0.0,0,0.0,0,0.0,20000.0,0,20000.0,0,0.0,0,0.0,0,0.0,0,0.0,0,30.83,0,116.0,0,13.69,0,-1.823,0,39.317,-76.586,45.0
2025-01-10 00:25:00,2025-01-10,2025-01-10 00:25:00,101.19,0,-1.858,0,0.028,48.39,0,0.277,0.252,0,0.001,5.044,0,4.975,0,298.4,0,9.46,0.0,0,0.0,0,0.0,0,0.0,20000.0,0,20000.0,0,0.0,0,0.0,0,0.0,0,0.0,0,30.83,0,116.0,0,13.69,0,-1.836,0,39.317,-76.586,45.0
2025-01-10 00:26:00,2025-01-10,2025-01-10 00:26:00,101.2,0,-1.793,0,0.036,48.14,0,0.242,0.252,0,0.001,2.992,0,2.89,0,297.9,0,14.94,0.0,0,0.0,0,0.0,0,0.0,20000.0,0,20000.0,0,0.0,0,0.0,0,0.0,0,0.0,0,30.83,0,116.0,0,13.69,0,-1.849,0,39.317,-76.586,45.0
2025-01-10 00:27:00,2025-01-10,2025-01-10 00:27:00,101.19,0,-1.843,0,0.043,48.36,0,0.286,0.252,0,0.001,5.496,0,5.395,0,310.3,0,10.96,0.0,0,0.0,0,0.0,0,0.0,20000.0,0,20000.0,0,0.0,0,0.0,0,0.0,0,0.0,0,30.83,0,116.0,0,13.69,0,-1.863,0,39.317,-76.586,45.0
2025-01-10 00:28:00,2025-01-10,2025-01-10 00:28:00,101.2,0,-1.794,0,0.055,47.96,0,0.302,0.251,0,0.001,5.542,0,5.239,0,301.1,0,18.94,0.0,0,0.0,0,0.0,0,0.0,20000.0,0,20000.0,0,0.0,0,0.0,0,0.0,0,0.0,0,30.83,0,116.0,0,13.69,0,-1.876,0,39.317,-76.586,45.0
2025-01-10 00:29:00,2025-01-10,2025-01-10 00:29:00,101.2,0,-1.775,0,0.036,47.79,0,0.211,0.25,0,0.001,3.672,0,3.51,0,301.6,0,17.0,0.0,0,0.0,0,0.0,0,0.0,20000.0,0,20000.0,0,0.0,0,0.0,0,0.0,0,0.0,0,30.83,0,116.0,0,13.69,0,-1.892,0,39.317,-76.586,45.0
2025-01-10 00:30:00,2025-01-10,2025-01-10 00:30:00,101.2,0,-1.83,0,0.024,48.12,0,0.23,0.251,0,0.001,4.044,0,3.981,0,310.7,0,10.09,0.0,0,0.0,0,0.0,0,0.0,20000.0,0,20000.0,0,0.0,0,0.0,0,0.0,0,0.0,0,30.83,0,116.0,0,13.69,0,-1.905,0,39.317,-76.586,45.0
2025-01-10 00:31:00,2025-01-10,2025-01-10 00:31:00,101.19,0,-1.83,0,0.025,48.17,0,0.227,0.251,0,0.001,4.385,0,4.273,0,298.6,0,12.96,0.0,0,0.0,0,0.0,0,0.0,20000.0,0,20000.0,0,0.0,0,0.0,0,0.0,0,0.0,0,30.83,0,116.0,0,13.69,0,-1.921,0,39.317,-76.586,45.0
2025-01-10 00:32:00,2025-01-10,2025-01-10 00:32:00,101.2,0,-1.796,0,0.034,48.09,0,0.245,0.251,0,0.001,4.139,0,4.049,0,304.7,0,11.9,0.0,0,0.0,0,0.0,0,0.0,20000.0,0,20000.0,0,0.0,0,0.0,0,0.0,0,0.0,0,30.83,0,116.0,0,13.69,0,-1.934,0,39.317,-76.586,45.0
2025-01-10 00:33:00,2025-01-10,2025-01-10 00:33:00,101.2,0,-1.809,0,0.028,48.07,0,0.236,0.251,0,0.001,4.443,0,4.307,0,308.9,0,14.17,0.0,0,0.0,0,0.0,0,0.0,20000.0,0,20000.0,0,0.0,0,0.0,0,0.0,0,0.0,0,30.83,0,116.0,0,13.69,0,-1.95,0,39.317,-76.586,45.0
2025-01-10 00:34:00,2025-01-10,2025-01-10 00:34:00,101.21,0,-1.791,0,0.025,48.05,0,0.206,0.251,0,0.001,3.355,0,3.223,0,304.0,0,16.08,0.0,0,0.0,0,0.0,0,0.0,20000.0,0,20000.0,0,0.0,0,0.0,0,0.0,0,0.0,0,30.83,0,116.0,0,13.69,0,-1.966,0,39.317,-76.586,45.0
2025-01-10 00:35:00,2025-01-10,2025-01-10 00:35:00,101.2,0,-1.812,0,0.028,48.16,0,0.224,0.251,0,0.001,4.443,0,4.393,0,303.2,0,8.57,0.0,0,0.0,0,0.0,0,0.0,20000.0,0,20000.0,0,0.0,0,0.0,0,0.0,0,0.0,0,30.83,0,116.0,0,13.69,0,-1.98,0,39.317,-76.586,45.0
2025-01-10 00:36:00,2025-01-10,2025-01-10 00:36:00,101.2,0,-1.825,0,0.038,48.15,0,0.213,0.251,0,0.001,4.5,0,4.288,0,296.5,0,17.57,0.0,0,0.0,0,0.0,0,0.0,20000.0,0,20000.0,0,0.0,0,0.0,0,0.0,0,0.0,0,30.83,0,116.0,0,13.69,0,-1.995,0,39.317,-76.586,45.0
2025-01-10 00:37:00,2025-01-10,2025-01-10 00:37:00,101.21,0,-1.841,0,0.031,48.24,0,0.221,0.251,0,0.001,4.214,0,4.108,0,299.4,0,12.83,0.0,0,0.0,0,0.0,0,0.0,20000.0,0,20000.0,0,0.0,0,0.0,0,0.0,0,0.0,0,30.83,0,116.0,0,13.69,0,-2.011,0,39.317,-76.586,45.0
2025-01-10 00:38:00,2025-01-10,2025-01-10 00:38:00,101.19,0,-1.819,0,0.027,48.28,0,0.227,0.252,0,0.001,7.832,0,7.729,0,302.4,0,9.26,0.0,0,0.0,0,0.0,0,0.0,20000.0,0,20000.0,0,0.0,0,0.0,0,0.0,0,0.0,0,30.83,0,116.0,0,13.69,0,-2.027,0,39.317,-76.586,45.0
2025-01-10 00:39:00,2025-01-10,2025-01-10 00:39:00,101.2,0,-1.687,0,0.047,47.59,0,0.303,0.251,0,0.001,6.494,0,6.378,0,301.5,0,10.81,0.0,0,0.0,0,0.0,0,0.0,20000.0,0,20000.0,0,0.0,0,0.0,0,0.0,0,0.0,0,30.83,0,116.0,0,13.69,0,-2.041,0,39.317,-76.586,45.0
2025-01-10 00:40:00,2025-01-10,2025-01-10 00:40:00,101.21,0,-1.638,0,0.025,47.29,0,0.212,0.251,0,0.001,4.546,0,4.438,0,307.8,0,12.47,0.0,0,0.0,0,0.0,0,0.0,20000.0,0,20000.0,0,0.0,0,0.0,0,0.0,0,0.0,0,30.83,0,116.0,0,13.69,0,-2.057,0,39.317,-76.586,45.0
2025-01-10 00:41:00,2025-01-10,2025-01-10 00:41:00,101.2,0,-1.74,0,0.043,47.7,0,0.284,0.251,0,0.001,5.348,0,5.203,0,300.5,0,13.3,0.0,0,0.0,0,0.0,0,0.0,20000.0,0,20000.0,0,0.0,0,0.0,0,0.0,0,0.0,0,30.83,0,116.0,0,13.69,0,-2.07,0,39.317,-76.586,45.0
2025-01-10 00:42:00,2025-01-10,2025-01-10 00:42:00,101.21,0,-1.786,0,0.034,47.93,0,0.227,0.251,0,0.001,5.326,0,5.019,0,300.6,0,19.46,0.0,0,0.0,0,0.0,0,0.0,20000.0,0,20000.0,0,0.0,0,0.0,0,0.0,0,0.0,0,30.83,0,116.0,0,13.69,0,-2.08,0,39.317,-76.586,45.0
2025-01-10 00:43:00,2025-01-10,2025-01-10 00:43:00,101.21,0,-1.824,0,0.026,48.17,0,0.218,0.251,0,0.001,5.664,0,5.54,0,294.7,0,12.0,0.0,0,0.0,0,0.0,0,0.0,20000.0,0,20000.0,0,0.0,0,0.0,0,0.0,0,0.0,0,30.83,0,116.0,0,13.7,0,-2.094,0,39.317,-76.586,45.0
2025-01-10 00:44:00,2025-01-10,2025-01-10 00:44:00,101.21,0,-1.787,0,0.053,48.15,0,0.218,0.252,0,0.002,5.152,0,4.903,0,301.2,0,17.8,0.0,0,0.0,0,0.0,0,0.0,20000.0,0,20000.0,0,0.0,0,0.0,0,0.0,0,0.0,0,30.83,0,116.0,0,13.69,0,-2.107,0,39.317,-76.586,45.0
2025-01-10 00:45:00,2025-01-10,2025-01-10 00:45:00,101.21,0,-1.776,0,0.026,48.08,0,0.215,0.252,0,0.001,5.98,0,5.873,0,294.5,0,10.81,0.0,0,0.0,0,0.0,0,0.0,20000.0,0,20000.0,0,0.0,0,0.0,0,0.0,0,0.0,0,30.83,0,116.0,0,13.7,0,-2.118,0,39.317,-76.586,45.0
2025-01-10 00:46:00,2025-01-10,2025-01-10 00:46:00,101.21,0,-1.772,0,0.045,48.03,0,0.233,0.252,0,0.001,4.707,0,4.541,0,293.5,0,15.22,0.0,0,0.0,0,0.0,0,0.0,20000.0,0,20000.0,0,0.0,0,0.0,0,0.0,0,0.0,0,30.83,0,116.0,0,13.69,0,-2.131,0,39.317,-76.586,45.0
2025-01-10 00:47:00,2025-01-10,2025-01-10 00:47:00,101.21,0,-1.788,0,0.024,48.13,0,0.221,0.252,0,0.001,4.083,0,3.942,0,280.9,0,15.06,0.0,0,0.0,0,0.0,0,0.0,20000.0,0,20000.0,0,0.0,0,0.0,0,0.0,0,0.0,0,30.83,0,116.0,0,13.69,0,-2.139,0,39.317,-76.586,45.0
2025-01-10 00:48:00,2025-01-10,2025-01-10 00:48:00,101.2,0,-1.87,0,0.055,48.48,0,0.31,0.252,0,0.001,4.513,0,4.451,0,302.2,0,9.5,0.0,0,0.0,0,0.0,0,0.0,20000.0,0,20000.0,0,0.0,0,0.0,0,0.0,0,0.0,0,30.83,0,116.0,0,13.7,0,-2.15,0,39.317,-76.586,45.0
2025-01-10 00:49:00,2025-01-10,2025-01-10 00:49:00,101.21,0,-1.859,0,0.046,48.58,0,0.283,0.253,0,0.001,4.384,0,4.243,0,301.5,0,14.53,0.0,0,0.0,0,0.0,0,0.0,20000.0,0,20000.0,0,0.0,0,0.0,0,0.0,0,0.0,0,30.83,0,116.0,0,13.7,0,-2.16,0,39.317,-76.586,45.0
2025-01-10 00:50:00,2025-01-10,2025-01-10 00:50:00,101.21,0,-1.793,0,0.032,48.26,0,0.219,0.252,0,0.001,5.459,0,5.298,0,307.2,0,13.9,0.0,0,0.0,0,0.0,0,0.0,20000.0,0,20000.0,0,0.0,0,0.0,0,0.0,0,0.0,0,30.83,0,116.0,0,13.7,0,-2.171,0,39.317,-76.586,45.0
2025-01-10 00:51:00,2025-01-10,2025-01-10 00:51:00,101.22,0,-1.737,0,0.031,47.95,0,0.236,0.252,0,0.001,4.17,0,4.026,0,303.8,0,15.05,0.0,0,0.0,0,0.0,0,0.0,20000.0,0,20000.0,0,0.0,0,0.0,0,0.0,0,0.0,0,30.83,0,116.0,0,13.7,0,-2.182,0,39.317,-76.586,45.0
2025-01-10 00:52:00,2025-01-10,2025-01-10 00:52:00,101.22,0,-1.765,0,0.018,47.93,0,0.205,0.251,0,0.001,3.871,0,3.759,0,303.1,0,13.76,0.0,0,0.0,0,0.0,0,0.0,20000.0,0,20000.0,0,0.0,0,0.0,0,0.0,0,0.0,0,30.83,0,116.0,0,13.7,0,-2.192,0,39.317,-76.586,45.0
2025-01-10 00:53:00,2025-01-10,2025-01-10 00:53:00,101.22,0,-1.793,0,0.03,48.1,0,0.223,0.252,0,0.001,5.307,0,5.231,0,296.5,0,9.7,0.0,0,0.0,0,0.0,0,0.0,20000.0,0,20000.0,0,0.0,0,0.0,0,0.0,0,0.0,0,30.83,0,116.0,0,13.7,0,-2.203,0,39.317,-76.586,45.0
2025-01-10 00:54:00,2025-01-10,2025-01-10 00:54:00,101.22,0,-1.768,0,0.022,48.02,0,0.225,0.252,0,0.001,5.48,0,5.397,0,308.2,0,9.95,0.0,0,0.0,0,0.0,0,0.0,20000.0,0,20000.0,0,0.0,0,0.0,0,0.0,0,0.0,0,30.83,0,116.0,0,13.7,0,-2.213,0,39.317,-76.586,45.0
2025-01-10 00:55:00,2025-01-10,2025-01-10 00:55:00,101.23,0,-1.743,0,0.023,47.93,0,0.213,0.252,0,0.001,5.491,0,5.322,0,297.0,0,14.22,0.0,0,0.0,0,0.0,0,0.0,20000.0,0,20000.0,0,0.0,0,0.0,0,0.0,0,0.0,0,30.83,0,116.0,0,13.7,0,-2.224,0,39.317,-76.586,45.0
2025-01-10 00:56:00,2025-01-10,2025-01-10 00:56:00,101.23,0,-1.77,0,0.023,48.01,0,0.22,0.252,0,0.001,5.723,0,5.557,0,314.1,0,13.79,0.0,0,0.0,0,0.0,0,0.0,20000.0,0,20000.0,0,0.0,0,0.0,0,0.0,0,0.0,0,30.83,0,116.0,0,13.7,0,-2.235,0,39.317,-76.586,45.0
2025-01-10 00:57:00,2025-01-10,2025-01-10 00:57:00,101.23,0,-1.752,0,0.028,48.01,0,0.213,0.252,0,0.001,3.796,0,3.556,0,312.1,0,20.35,0.0,0,0.0,0,0.0,0,0.0,20000.0,0,20000.0,0,0.0,0,0.0,0,0.0,0,0.0,0,30.83,0,116.0,0,13.7,0,-2.243,0,39.317,-76.586,45.0
2025-01-10 00:58:00,2025-01-10,2025-01-10 00:58:00,101.23,0,-1.735,0,0.022,47.92,0,0.222,0.252,0,0.001,5.82,0,5.733,0,311.1,0,9.9,0.0,0,0.0,0,0.0,0,0.0,20000.0,0,20000.0,0,0.0,0,0.0,0,0.0,0,0.0,0,30.83,0,116.0,0,13.7,0,-2.251,0,39.317,-76.586,45.0
2025-01-10 00:59:00,2025-01-10,2025-01-10 00:59:00,101.23,0,-1.73,0,0.033,47.77,0,0.237,0.251,0,0.001,4.31,0,4.094,0,292.4,0,18.14,0.0,0,0.0,0,0.0,0,0.0,20000.0,0,20000.0,0,0.0,0,0.0,0,0.0,0,0.0,0,30.83,0,116.0,0,13.7,0,-2.259,0,39.317,-76.586,45.0
2025-01-10 01:00:00,2025-01-10,2025-01-10 01:00:00,101.23,0,-1.854,0,0.053,48.35,0,0.343,0.252,0,0.001,3.223,0,3.097,0,308.9,0,16.02,0.0,0,0.0,0,0.0,0,0.0,20000.0,0,20000.0,0,0.0,0,0.0,0,0.0,0,0.0,0,30.83,0,116.0,0,13.7,0,-2.266,0,39.317,-76.586,45.0
2025-01-10 01:01:00,2025-01-10,2025-01-10 01:01:00,101.23,0,-1.941,0,0.02,48.85,0,0.21,0.252,0,0.001,5.132,0,4.936,0,299.6,0,15.83,0.0,0,0.0,0,0.0,0,0.0,20000.0,0,20000.0,0,0.0,0,0.0,0,0.0,0,0.0,0,30.83,0,116.0,0,13.7,0,-2.277,0,39.317,-76.586,45.0
2025-01-10 01:02:00,2025-01-10,2025-01-10 01:02:00,101.23,0,-1.893,0,0.026,48.77,0,0.226,0.253,0,0.001,4.513,0,4.446,0,302.3,0,9.9,0.0,0,0.0,0,0.0,0,0.0,20000.0,0,20000.0,0,0.0,0,0.0,0,0.0,0,0.0,0,30.83,0,116.0,0,13.7,0,-2.282,0,39.317,-76.586,45.0
2025-01-10 01:03:00,2025-01-10,2025-01-10 01:03:00,101.23,0,-1.852,0,0.037,48.73,0,0.223,0.254,0,0.001,4.181,0,4.094,0,306.5,0,11.7,0.0,0,0.0,0,0.0,0,0.0,20000.0,0,20000.0,0,0.0,0,0.0,0,0.0,0,0.0,0,30.83,0,116.0,0,13.7,0,-2.293,0,39.317,-76.586,45.0
2025-01-10 01:04:00,2025-01-10,2025-01-10 01:04:00,101.23,0,-1.848,0,0.031,48.65,0,0.225,0.253,0,0.001,4.588,0,4.492,0,314.1,0,11.75,0.0,0,0.0,0,0.0,0,0.0,20000.0,0,20000.0,0,0.0,0,0.0,0,0.0,0,0.0,0,30.83,0,116.0,0,13.7,0,-2.301,0,39.317,-76.586,45.0
2025-01-10 01:05:00,2025-01-10,2025-01-10 01:05:00,101.24,0,-1.814,0,0.03,48.46,0,0.209,0.253,0,0.001,4.516,0,4.407,0,298.3,0,12.61,0.0,0,0.0,0,0.0,0,0.0,20000.0,0,20000.0,0,0.0,0,0.0,0,0.0,0,0.0,0,30.83,0,116.0,0,13.7,0,-2.309,0,39.317,-76.586,45.0
2025-01-10 01:06:00,2025-01-10,2025-01-10 01:06:00,101.24,0,-1.815,0,0.026,48.35,0,0.207,0.252,0,0.001,5.302,0,5.073,0,307.6,0,16.81,0.0,0,0.0,0,0.0,0,0.0,20000.0,0,20000.0,0,0.0,0,0.0,0,0.0,0,0.0,0,30.83,0,116.0,0,13.7,0,-2.317,0,39.317,-76.586,45.0
2025-01-10 01:07:00,2025-01-10,2025-01-10 01:07:00,101.24,0,-1.788,0,0.029,48.24,0,0.232,0.252,0,0.001,5.599,0,5.386,0,297.7,0,15.81,0.0,0,0.0,0,0.0,0,0.0,20000.0,0,20000.0,0,0.0,0,0.0,0,0.0,0,0.0,0,30.83,0,116.0,0,13.7,0,-2.325,0,39.317,-76.586,45.0
2025-01-10 01:08:00,2025-01-10,2025-01-10 01:08:00,101.25,0,-1.759,0,0.023,48.05,0,0.211,0.252,0,0.001,4.582,0,4.481,0,301.8,0,12.02,0.0,0,0.0,0,0.0,0,0.0,20000.0,0,20000.0,0,0.0,0,0.0,0,0.0,0,0.0,0,30.83,0,116.0,0,13.7,0,-2.333,0,39.317,-76.586,45.0
2025-01-10 01:09:00,2025-01-10,2025-01-10 01:09:00,101.25,0,-1.781,0,0.066,48.09,0,0.226,0.252,0,0.002,5.225,0,4.903,0,300.7,0,20.1,0.0,0,0.0,0,0.0,0,0.0,20000.0,0,20000.0,0,0.0,0,0.0,0,0.0,0,0.0,0,30.83,0,116.0,0,13.7,0,-2.344,0,39.317,-76.586,45.0
2025-01-10 01:10:00,2025-01-10,2025-01-10 01:10:00,101.25,0,-1.827,0,0.023,48.41,0,0.241,0.252,0,0.001,5.321,0,5.175,0,304.7,0,13.44,0.0,0,0.0,0,0.0,0,0.0,20000.0,0,20000.0,0,0.0,0,0.0,0,0.0,0,0.0,0,30.83,0,116.0,0,13.7,0,-2.349,0,39.317,-76.586,45.0
2025-01-10 01:11:00,2025-01-10,2025-01-10 01:11:00,101.25,0,-1.811,0,0.023,48.38,0,0.198,0.253,0,0.001,4.797,0,4.718,0,286.1,0,10.41,0.0,0,0.0,0,0.0,0,0.0,20000.0,0,20000.0,0,0.0,0,0.0,0,0.0,0,0.0,0,30.83,0,116.0,0,13.7,0,-2.357,0,39.317,-76.586,45.0
2025-01-10 01:12:00,2025-01-10,2025-01-10 01:12:00,101.25,0,-1.822,0,0.034,48.48,0,0.236,0.253,0,0.001,4.25,0,4.164,0,301.0,0,11.52,0.0,0,0.0,0,0.0,0,0.0,20000.0,0,20000.0,0,0.0,0,0.0,0,0.0,0,0.0,0,30.83,0,116.0,0,13.7,0,-2.365,0,39.317,-76.586,45.0
2025-01-10 01:13:00,2025-01-10,2025-01-10 01:13:00,101.25,0,-1.849,0,0.027,48.65,0,0.222,0.253,0,0.001,4.725,0,4.582,0,297.4,0,14.13,0.0,0,0.0,0,0.0,0,0.0,20000.0,0,20000.0,0,0.0,0,0.0,0,0.0,0,0.0,0,30.83,0,116.0,0,13.71,0,-2.373,0,39.317,-76.586,45.0
2025-01-10 01:14:00,2025-01-10,2025-01-10 01:14:00,101.24,0,-1.917,0,0.033,48.94,0,0.247,0.253,0,0.001,4.256,0,4.036,0,302.6,0,18.43,0.0,0,0.0,0,0.0,0,0.0,20000.0,0,20000.0,0,0.0,0,0.0,0,0.0,0,0.0,0,30.83,0,116.0,0,13.7,0,-2.378,0,39.317,-76.586,45.0
2025-01-10 01:15:00,2025-01-10,2025-01-10 01:15:00,101.23,0,-1.927,0,0.031,49.08,0,0.221,0.254,0,0.001,7.025,0,6.874,0,296.6,0,11.86,0.0,0,0.0,0,0.0,0,0.0,20000.0,0,20000.0,0,0.0,0,0.0,0,0.0,0,0.0,0,30.83,0,116.0,0,13.71,0,-2.386,0,39.317,-76.586,45.0
2025-01-10 01:16:00,2025-01-10,2025-01-10 01:16:00,101.24,0,-1.851,0,0.049,48.85,0,0.229,0.254,0,0.002,6.543,0,6.393,0,295.1,0,12.27,0.0,0,0.0,0,0.0,0,0.0,20000.0,0,20000.0,0,0.0,0,0.0,0,0.0,0,0.0,0,30.83,0,116.0,0,13.71,0,-2.394,0,39.317,-76.586,45.0
2025-01-10 01:17:00,2025-01-10,2025-01-10 01:17:00,101.25,0,-1.852,0,0.025,48.77,0,0.219,0.254,0,0.001,5.826,0,5.561,0,302.4,0,17.27,0.0,0,0.0,0,0.0,0,0.0,20000.0,0,20000.0,0,0.0,0,0.0,0,0.0,0,0.0,0,30.83,0,116.0,0,13.71,0,-2.402,0,39.317,-76.586,45.0
2025-01-10 01:18:00,2025-01-10,2025-01-10 01:18:00,101.24,0,-1.909,0,0.032,48.99,0,0.268,0.254,0,0.001,5.545,0,5.088,0,290.9,0,23.26,0.0,0,0.0,0,0.0,0,0.0,20000.0,0,20000.0,0,0.0,0,0.0,0,0.0,0,0.0,0,30.83,0,116.0,0,13.71,0,-2.407,0,39.317,-76.586,45.0
2025-01-10 01:19:00,2025-01-10,2025-01-10 01:19:00,101.24,0,-1.909,0,0.025,49.05,0,0.212,0.254,0,0.001,6.086,0,5.973,0,296.2,0,11.04,0.0,0,0.0,0,0.0,0,0.0,20000.0,0,20000.0,0,0.0,0,0.0,0,0.0,0,0.0,0,30.83,0,116.0,0,13.71,0,-2.415,0,39.317,-76.586,45.0
2025-01-10 01:20:00,2025-01-10,2025-01-10 01:20:00,101.24,0,-1.9,0,0.026,49.02,0,0.198,0.254,0,0.001,5.498,0,5.275,0,299.6,0,16.31,0.0,0,0.0,0,0.0,0,0.0,20000.0,0,20000.0,0,0.0,0,0.0,0,0.0,0,0.0,0,30.83,0,116.0,0,13.71,0,-2.423,0,39.317,-76.586,45.0
2025-01-10 01:21:00,2025-01-10,2025-01-10 01:21:00,101.24,0,-1.889,0,0.03,49.05,0,0.233,0.254,0,0.002,5.782,0,5.578,0,309.7,0,15.23,0.0,0,0.0,0,0.0,0,0.0,20000.0,0,20000.0,0,0.0,0,0.0,0,0.0,0,0.0,0,30.83,0,116.0,0,13.71,0,-2.426,0,39.317,-76.586,45.0
2025-01-10 01:22:00,2025-01-10,2025-01-10 01:22:00,101.24,0,-1.911,0,0.024,49.21,0,0.206,0.255,0,0.001,5.392,0,5.289,0,300.6,0,11.15,0.0,0,0.0,0,0.0,0,0.0,20000.0,0,20000.0,0,0.0,0,0.0,0,0.0,0,0.0,0,30.83,0,116.0,0,13.71,0,-2.434,0,39.317,-76.586,45.0
2025-01-10 01:23:00,2025-01-10,2025-01-10 01:23:00,101.24,0,-1.844,0,0.037,48.87,0,0.228,0.254,0,0.001,5.349,0,5.218,0,297.0,0,12.67,0.0,0,0.0,0,0.0,0,0.0,20000.0,0,20000.0,0,0.0,0,0.0,0,0.0,0,0.0,0,30.83,0,116.0,0,13.71,0,-2.442,0,39.317,-76.586,45.0
2025-01-10 01:24:00,2025-01-10,2025-01-10 01:24:00,101.24,0,-1.886,0,0.051,48.84,0,0.25,0.253,0,0.001,3.809,0,3.659,0,292.1,0,16.06,0.0,0,0.0,0,0.0,0,0.0,20000.0,0,20000.0,0,0.0,0,0.0,0,0.0,0,0.0,0,30.83,0,116.0,0,13.71,0,-2.447,0,39.317,-76.586,45.0
2025-01-10 01:25:00,2025-01-10,2025-01-10 01:25:00,101.24,0,-1.984,0,0.028,49.38,0,0.256,0.254,0,0.002,6.241,0,6.076,0,309.6,0,13.19,0.0,0,0.0,0,0.0,0,0.0,20000.0,0,20000.0,0,0.0,0,0.0,0,0.0,0,0.0,0,30.83,0,116.0,0,13.71,0,-2.453,0,39.317,-76.586,45.0
2025-01-10 01:26:00,2025-01-10,2025-01-10 01:26:00,101.24,0,-1.969,0,0.054,49.32,0,0.215,0.254,0,0.001,4.528,0,4.393,0,301.3,0,13.97,0.0,0,0.0,0,0.0,0,0.0,20000.0,0,20000.0,0,0.0,0,0.0,0,0.0,0,0.0,0,30.83,0,116.0,0,13.71,0,-2.461,0,39.317,-76.586,45.0
2025-01-10 01:27:00,2025-01-10,2025-01-10 01:27:00,101.24,0,-1.966,0,0.024,49.39,0,0.211,0.255,0,0.001,6.329,0,6.258,0,303.9,0,8.58,0.0,0,0.0,0,0.0,0,0.0,20000.0,0,20000.0,0,0.0,0,0.0,0,0.0,0,0.0,0,30.83,0,116.0,0,13.71,0,-2.466,0,39.317,-76.586,45.0
2025-01-10 01:28:00,2025-01-10,2025-01-10 01:28:00,101.22,0,-1.943,0,0.026,49.25,0,0.227,0.254,0,0.001,7.259,0,7.098,0,293.4,0,12.05,0.0,0,0.0,0,0.0,0,0.0,20000.0,0,20000.0,0,0.0,0,0.0,0,0.0,0,0.0,0,30.83,0,116.0,0,13.71,0,-2.474,0,39.317,-76.586,45.0
2025-01-10 01:29:00,2025-01-10,2025-01-10 01:29:00,101.24,0,-1.922,0,0.032,49.09,0,0.236,0.254,0,0.001,5.792,0,5.636,0,306.2,0,13.3,0.0,0,0.0,0,0.0,0,0.0,20000.0,0,20000.0,0,0.0,0,0.0,0,0.0,0,0.0,0,30.83,0,116.0,0,13.71,0,-2.479,0,39.317,-76.586,45.0
2025-01-10 01:30:00,2025-01-10,2025-01-10 01:30:00,101.24,0,-1.906,0,0.026,49.03,0,0.214,0.254,0,0.001,6.919,0,6.726,0,297.0,0,13.54,0.0,0,0.0,0,0.0,0,0.0,20000.0,0,20000.0,0,0.0,0,0.0,0,0.0,0,0.0,0,30.83,0,116.0,0,13.71,0,-2.487,0,39.317,-76.586,45.0
2025-01-10 01:31:00,2025-01-10,2025-01-10 01:31:00,101.24,0,-1.88,0,0.027,48.83,0,0.233,0.254,0,0.001,5.98,0,5.872,0,306.7,0,10.85,0.0,0,0.0,0,0.0,0,0.0,20000.0,0,20000.0,0,0.0,0,0.0,0,0.0,0,0.0,0,30.83,0,116.0,0,13.71,0,-2.49,0,39.317,-76.586,45.0
2025-01-10 01:32:00,2025-01-10,2025-01-10 01:32:00,101.24,0,-1.881,0,0.051,48.75,0,0.205,0.253,0,0.001,3.917,0,3.814,0,304.8,0,13.11,0.0,0,0.0,0,0.0,0,0.0,20000.0,0,20000.0,0,0.0,0,0.0,0,0.0,0,0.0,0,30.83,0,116.0,0,13.71,0,-2.495,0,39.317,-76.586,45.0
2025-01-10 01:33:00,2025-01-10,2025-01-10 01:33:00,101.24,0,-2.009,0,0.041,49.45,0,0.275,0.254,0,0.001,3.982,0,3.872,0,319.2,0,13.49,0.0,0,0.0,0,0.0,0,0.0,20000.0,0,20000.0,0,0.0,0,0.0,0,0.0,0,0.0,0,30.83,0,116.0,0,13.71,0,-2.503,0,39.317,-76.586,45.0
2025-01-10 01:34:00,2025-01-10,2025-01-10 01:34:00,101.23,0,-2.019,0,0.029,49.5,0,0.26,0.254,0,0.001,6.247,0,6.198,0,316.2,0,7.224,0.0,0,0.0,0,0.0,0,0.0,20000.0,0,20000.0,0,0.0,0,0.0,0,0.0,0,0.0,0,30.83,0,116.0,0,13.71,0,-2.508,0,39.317,-76.586,45.0
2025-01-10 01:35:00,2025-01-10,2025-01-10 01:35:00,101.24,0,-1.945,0,0.037,49.11,0,0.241,0.254,0,0.001,4.871,0,4.692,0,302.1,0,15.5,0.0,0,0.0,0,0.0,0,0.0,20000.0,0,20000.0,0,0.0,0,0.0,0,0.0,0,0.0,0,30.83,0,116.0,0,13.71,0,-2.514,0,39.317,-76.586,45.0
2025-01-10 01:36:00,2025-01-10,2025-01-10 01:36:00,101.25,0,-1.962,0,0.031,49.07,0,0.25,0.253,0,0.002,3.489,0,3.318,0,302.1,0,17.9,0.0,0,0.0,0,0.0,0,0.0,20000.0,0,20000.0,0,0.0,0,0.0,0,0.0,0,0.0,0,30.83,0,116.0,0,13.71,0,-2.519,0,39.317,-76.586,45.0
2025-01-10 01:37:00,2025-01-10,2025-01-10 01:37:00,101.24,0,-2.035,0,0.039,49.33,0,0.246,0.253,0,0.001,4.431,0,4.285,0,287.5,0,14.73,0.0,0,0.0,0,0.0,0,0.0,20000.0,0,20000.0,0,0.0,0,0.0,0,0.0,0,0.0,0,30.83,0,116.0,0,13.71,0,-2.524,0,39.317,-76.586,45.0
2025-01-10 01:38:00,2025-01-10,2025-01-10 01:38:00,101.25,0,-2.071,0,0.026,49.51,0,0.202,0.253,0,0.001,6.831,0,6.719,0,303.8,0,10.36,0.0,0,0.0,0,0.0,0,0.0,20000.0,0,20000.0,0,0.0,0,0.0,0,0.0,0,0.0,0,30.83,0,116.0,0,13.71,0,-2.532,0,39.317,-76.586,45.0
2025-01-10 01:39:00,2025-01-10,2025-01-10 01:39:00,101.25,0,-2.005,0,0.038,49.39,0,0.238,0.254,0,0.001,5.524,0,5.416,0,303.5,0,11.33,0.0,0,0.0,0,0.0,0,0.0,20000.0,0,20000.0,0,0.0,0,0.0,0,0.0,0,0.0,0,30.83,0,116.0,0,13.71,0,-2.537,0,39.317,-76.586,45.0
2025-01-10 01:40:00,2025-01-10,2025-01-10 01:40:00,101.25,0,-1.929,0,0.028,49.02,0,0.275,0.253,0,0.001,6.342,0,6.129,0,294.3,0,14.87,0.0,0,0.0,0,0.0,0,0.0,20000.0,0,20000.0,0,0.0,0,0.0,0,0.0,0,0.0,0,30.83,0,116.0,0,13.71,0,-2.543,0,39.317,-76.586,45.0
2025-01-10 01:41:00,2025-01-10,2025-01-10 01:41:00,101.25,0,-1.927,0,0.027,48.77,0,0.207,0.252,0,0.001,5.468,0,5.197,0,299.3,0,18.05,0.0,0,0.0,0,0.0,0,0.0,20000.0,0,20000.0,0,0.0,0,0.0,0,0.0,0,0.0,0,30.83,0,116.0,0,13.71,0,-2.551,0,39.317,-76.586,45.0
2025-01-10 01:42:00,2025-01-10,2025-01-10 01:42:00,101.24,0,-1.943,0,0.024,48.87,0,0.238,0.252,0,0.001,6.953,0,6.837,0,311.2,0,10.46,0.0,0,0.0,0,0.0,0,0.0,20000.0,0,20000.0,0,0.0,0,0.0,0,0.0,0,0.0,0,30.83,0,116.0,0,13.71,0,-2.556,0,39.317,-76.586,45.0
2025-01-10 01:43:00,2025-01-10,2025-01-10 01:43:00,101.26,0,-1.901,0,0.025,48.63,0,0.209,0.252,0,0.001,5.684,0,5.584,0,305.4,0,10.73,0.0,0,0.0,0,0.0,0,0.0,20000.0,0,20000.0,0,0.0,0,0.0,0,0.0,0,0.0,0,30.83,0,116.0,0,13.71,0,-2.561,0,39.317,-76.586,45.0
2025-01-10 01:44:00,2025-01-10,2025-01-10 01:44:00,101.26,0,-1.927,0,0.029,48.66,0,0.232,0.252,0,0.001,4.552,0,4.429,0,306.3,0,13.29,0.0,0,0.0,0,0.0,0,0.0,20000.0,0,20000.0,0,0.0,0,0.0,0,0.0,0,0.0,0,30.83,0,116.0,0,13.71,0,-2.567,0,39.317,-76.586,45.0
2025-01-10 01:45:00,2025-01-10,2025-01-10 01:45:00,101.25,0,-2.003,0,0.031,49.0,0,0.232,0.252,0,0.001,5.248,0,4.927,0,288.9,0,20.02,0.0,0,0.0,0,0.0,0,0.0,20000.0,0,20000.0,0,0.0,0,0.0,0,0.0,0,0.0,0,30.83,0,116.0,0,13.71,0,-2.572,0,39.317,-76.586,45.0
2025-01-10 01:46:00,2025-01-10,2025-01-10 01:46:00,101.24,0,-1.97,0,0.038,48.87,0,0.234,0.252,0,0.001,6.821,0,6.687,0,294.9,0,11.36,0.0,0,0.0,0,0.0,0,0.0,20000.0,0,20000.0,0,0.0,0,0.0,0,0.0,0,0.0,0,30.83,0,116.0,0,13.71,0,-2.578,0,39.317,-76.586,45.0
2025-01-10 01:47:00,2025-01-10,2025-01-10 01:47:00,101.26,0,-1.905,0,0.026,48.65,0,0.231,0.252,0,0.001,5.47,0,5.389,0,295.2,0,9.89,0.0,0,0.0,0,0.0,0,0.0,20000.0,0,20000.0,0,0.0,0,0.0,0,0.0,0,0.0,0,30.83,0,116.0,0,13.71,0,-2.583,0,39.317,-76.586,45.0
2025-01-10 01:48:00,2025-01-10,2025-01-10 01:48:00,101.26,0,-1.874,0,0.03,48.51,0,0.206,0.252,0,0.001,4.621,0,4.527,0,290.3,0,11.53,0.0,0,0.0,0,0.0,0,0.0,20000.0,0,20000.0,0,0.0,0,0.0,0,0.0,0,0.0,0,30.83,0,116.0,0,13.71,0,-2.588,0,39.317,-76.586,45.0
2025-01-10 01:49:00,2025-01-10,2025-01-10 01:49:00,101.26,0,-1.878,0,0.035,48.43,0,0.213,0.251,0,0.001,4.268,0,4.054,0,292.4,0,18.12,0.0,0,0.0,0,0.0,0,0.0,20000.0,0,20000.0,0,0.0,0,0.0,0,0.0,0,0.0,0,30.83,0,116.0,0,13.71,0,-2.594,0,39.317,-76.586,45.0
2025-01-10 01:50:00,2025-01-10,2025-01-10 01:50:00,101.26,0,-1.916,0,0.027,48.47,0,0.225,0.251,0,0.001,5.968,0,5.797,0,314.1,0,13.71,0.0,0,0.0,0,0.0,0,0.0,20000.0,0,20000.0,0,0.0,0,0.0,0,0.0,0,0.0,0,30.83,0,116.0,0,13.72,0,-2.596,0,39.317,-76.586,45.0
2025-01-10 01:51:00,2025-01-10,2025-01-10 01:51:00,101.26,0,-1.977,0,0.035,48.72,0,0.258,0.251,0,0.001,5.263,0,5.038,0,289.4,0,16.74,0.0,0,0.0,0,0.0,0,0.0,20000.0,0,20000.0,0,0.0,0,0.0,0,0.0,0,0.0,0,30.83,0,116.0,0,13.71,0,-2.601,0,39.317,-76.586,45.0
2025-01-10 01:52:00,2025-01-10,2025-01-10 01:52:00,101.26,0,-2.063,0,0.024,49.23,0,0.231,0.252,0,0.001,5.499,0,5.271,0,299.7,0,16.49,0.0,0,0.0,0,0.0,0,0.0,20000.0,0,20000.0,0,0.0,0,0.0,0,0.0,0,0.0,0,30.83,0,116.0,0,13.71,0,-2.604,0,39.317,-76.586,45.0
2025-01-10 01:53:00,2025-01-10,2025-01-10 01:53:00,101.27,0,-2.037,0,0.027,49.2,0,0.249,0.252,0,0.001,6.515,0,6.425,0,298.6,0,9.55,0.0,0,0.0,0,0.0,0,0.0,20000.0,0,20000.0,0,0.0,0,0.0,0,0.0,0,0.0,0,30.83,0,116.0,0,13.72,0,-2.609,0,39.317,-76.586,45.0
2025-01-10 01:54:00,2025-01-10,2025-01-10 01:54:00,101.28,0,-2.04,0,0.047,49.21,0,0.309,0.252,0,0.001,4.158,0,4.085,0,309.5,0,10.79,0.0,0,0.0,0,0.0,0,0.0,20000.0,0,20000.0,0,0.0,0,0.0,0,0.0,0,0.0,0,30.83,0,116.0,0,13.71,0,-2.615,0,39.317,-76.586,45.0
2025-01-10 01:55:00,2025-01-10,2025-01-10 01:55:00,101.28,0,-2.151,0,0.028,49.86,0,0.227,0.253,0,0.001,4.389,0,4.309,0,300.4,0,10.91,0.0,0,0.0,0,0.0,0,0.0,20000.0,0,20000.0,0,0.0,0,0.0,0,0.0,0,0.0,0,30.83,0,116.0,0,13.71,0,-2.617,0,39.317,-76.586,45.0
2025-01-10 01:56:00,2025-01-10,2025-01-10 01:56:00,101.28,0,-2.12,0,0.03,49.95,0,0.238,0.254,0,0.001,5.17,0,4.983,0,294.8,0,15.38,0.0,0,0.0,0,0.0,0,0.0,20000.0,0,20000.0,0,0.0,0,0.0,0,0.0,0,0.0,0,30.83,0,116.0,0,13.72,0,-2.625,0,39.317,-76.586,45.0
2025-01-10 01:57:00,2025-01-10,2025-01-10 01:57:00,101.28,0,-2.091,0,0.029,49.7,0,0.216,0.253,0,0.001,5.277,0,5.175,0,303.6,0,11.28,0.0,0,0.0,0,0.0,0,0.0,20000.0,0,20000.0,0,0.0,0,0.0,0,0.0,0,0.0,0,30.83,0,116.0,0,13.72,0,-2.628,0,39.317,-76.586,45.0
2025-01-10 01:58:00,2025-01-10,2025-01-10 01:58:00,101.29,0,-2.105,0,0.025,49.6,0,0.203,0.253,0,0.001,4.529,0,4.359,0,298.1,0,15.72,0.0,0,0.0,0,0.0,0,0.0,20000.0,0,20000.0,0,0.0,0,0.0,0,0.0,0,0.0,0,30.83,0,116.0,0,13.72,0,-2.636,0,39.317,-76.586,45.0
2025-01-10 01:59:00,2025-01-10,2025-01-10 01:59:00,101.28,0,-2.164,0,0.059,49.8,0,0.276,0.252,0,0.002,3.726,0,3.607,0,295.8,0,14.46,0.0,0,0.0,0,0.0,0,0.0,20000.0,0,20000.0,0,0.0,0,0.0,0,0.0,0,0.0,0,30.83,0,116.0,0,13.72,0,-2.642,0,39.317,-76.586,45.0
2025-01-10 02:00:00,2025-01-10,2025-01-10 02:00:00,101.29,0,-2.208,0,0.031,50.18,0,0.235,0.253,0,0.001,5.054,0,4.875,0,297.6,0,15.24,0.0,0,0.0,0,0.0,0,0.0,20000.0,0,20000.0,0,0.0,0,0.0,0,0.0,0,0.0,0,30.83,0,116.0,0,13.72,0,-2.647,0,39.317,-76.586,45.0
2025-01-10 02:01:00,2025-01-10,2025-01-10 02:01:00,101.29,0,-2.159,0,0.025,50.05,0,0.206,0.254,0,0.001,3.633,0,3.505,0,291.9,0,15.2,0.0,0,0.0,0,0.0,0,0.0,20000.0,0,20000.0,0,0.0,0,0.0,0,0.0,0,0.0,0,30.83,0,116.0,0,13.72,0,-2.655,0,39.317,-76.586,45.0
2025-01-10 02:02:00,2025-01-10,2025-01-10 02:02:00,101.28,0,-2.129,0,0.029,49.75,0,0.262,0.253,0,0.001,5.336,0,5.226,0,308.8,0,11.65,0.0,0,0.0,0,0.0,0,0.0,20000.0,0,20000.0,0,0.0,0,0.0,0,0.0,0,0.0,0,30.83,0,116.0,0,13.72,0,-2.66,0,39.317,-76.586,45.0
2025-01-10 02:03:00,2025-01-10,2025-01-10 02:03:00,101.29,0,-2.046,0,0.025,49.29,0,0.239,0.252,0,0.001,2.331,0,2.217,0,303.0,0,17.93,0.0,0,0.0,0,0.0,0,0.0,20000.0,0,20000.0,0,0.0,0,0.0,0,0.0,0,0.0,0,30.83,0,116.0,0,13.72,0,-2.668,0,39.317,-76.586,45.0
2025-01-10 02:04:00,2025-01-10,2025-01-10 02:04:00,101.29,0,-2.107,0,0.055,49.31,0,0.262,0.251,0,0.001,4.154,0,4.047,0,306.6,0,12.99,0.0,0,0.0,0,0.0,0,0.0,20000.0,0,20000.0,0,0.0,0,0.0,0,0.0,0,0.0,0,30.83,0,116.0,0,13.72,0,-2.676,0,39.317,-76.586,45.0
2025-01-10 02:05:00,2025-01-10,2025-01-10 02:05:00,101.29,0,-2.183,0,0.033,49.58,0,0.229,0.251,0,0.001,4.944,0,4.826,0,296.5,0,12.51,0.0,0,0.0,0,0.0,0,0.0,20000.0,0,20000.0,0,0.0,0,0.0,0,0.0,0,0.0,0,30.83,0,116.0,0,13.72,0,-2.684,0,39.317,-76.586,45.0
2025-01-10 02:06:00,2025-01-10,2025-01-10 02:06:00,101.3,0,-2.12,0,0.025,49.4,0,0.213,0.251,0,0.001,4.572,0,4.46,0,302.9,0,12.65,0.0,0,0.0,0,0.0,0,0.0,20000.0,0,20000.0,0,0.0,0,0.0,0,0.0,0,0.0,0,30.83,0,116.0,0,13.72,0,-2.689,0,39.317,-76.586,45.0
2025-01-10 02:07:00,2025-01-10,2025-01-10 02:07:00,101.3,0,-2.111,0,0.026,49.34,0,0.202,0.251,0,0.001,4.582,0,4.475,0,297.9,0,12.34,0.0,0,0.0,0,0.0,0,0.0,20000.0,0,20000.0,0,0.0,0,0.0,0,0.0,0,0.0,0,30.83,0,116.0,0,13.72,0,-2.7,0,39.317,-76.586,45.0
2025-01-10 02:08:00,2025-01-10,2025-01-10 02:08:00,101.3,0,-2.115,0,0.034,49.3,0,0.227,0.251,0,0.001,3.014,0,2.914,0,303.2,0,14.73,0.0,0,0.0,0,0.0,0,0.0,20000.0,0,20000.0,0,0.0,0,0.0,0,0.0,0,0.0,0,30.83,0,116.0,0,13.72,0,-2.708,0,39.317,-76.586,45.0
2025-01-10 02:09:00,2025-01-10,2025-01-10 02:09:00,101.3,0,-2.205,0,0.026,49.51,0,0.233,0.25,0,0.001,3.655,0,3.56,0,300.1,0,13.1,0.0,0,0.0,0,0.0,0,0.0,20000.0,0,20000.0,0,0.0,0,0.0,0,0.0,0,0.0,0,30.83,0,116.0,0,13.72,0,-2.718,0,39.317,-76.586,45.0
2025-01-10 02:10:00,2025-01-10,2025-01-10 02:10:00,101.3,0,-2.238,0,0.036,49.74,0,0.257,0.251,0,0.001,2.866,0,2.717,0,289.9,0,18.53,0.0,0,0.0,0,0.0,0,0.0,20000.0,0,20000.0,0,0.0,0,0.0,0,0.0,0,0.0,0,30.83,0,116.0,0,13.72,0,-2.724,0,39.317,-76.586,45.0
2025-01-10 02:11:00,2025-01-10,2025-01-10 02:11:00,101.3,0,-2.32,0,0.029,50.16,0,0.229,0.251,0,0.001,4.005,0,3.849,0,292.7,0,16.01,0.0,0,0.0,0,0.0,0,0.0,20000.0,0,20000.0,0,0.0,0,0.0,0,0.0,0,0.0,0,30.83,0,116.0,0,13.72,0,-2.735,0,39.317,-76.586,45.0
2025-01-10 02:12:00,2025-01-10,2025-01-10 02:12:00,101.3,0,-2.24,0,0.05,49.96,0,0.25,0.252,0,0.001,3.794,0,3.686,0,303.5,0,13.69,0.0,0,0.0,0,0.0,0,0.0,20000.0,0,20000.0,0,0.0,0,0.0,0,0.0,0,0.0,0,30.83,0,116.0,0,13.72,0,-2.745,0,39.317,-76.586,45.0
2025-01-10 02:13:00,2025-01-10,2025-01-10 02:13:00,101.3,0,-2.197,0,0.023,49.73,0,0.214,0.251,0,0.001,4.02,0,3.949,0,322.5,0,10.77,0.0,0,0.0,0,0.0,0,0.0,20000.0,0,20000.0,0,0.0,0,0.0,0,0.0,0,0.0,0,30.83,0,116.0,0,13.72,0,-2.756,0,39.317,-76.586,45.0
2025-01-10 02:14:00,2025-01-10,2025-01-10 02:14:00,101.3,0,-2.222,0,0.022,49.68,0,0.217,0.251,0,0.001,5.414,0,5.324,0,309.5,0,10.5,0.0,0,0.0,0,0.0,0,0.0,20000.0,0,20000.0,0,0.0,0,0.0,0,0.0,0,0.0,0,30.83,0,116.0,0,13.72,0,-2.764,0,39.317,-76.586,45.0
2025-01-10 02:15:00,2025-01-10,2025-01-10 02:15:00,101.29,0,-2.189,0,0.024,49.61,0,0.222,0.251,0,0.001,5.334,0,5.14,0,301.7,0,15.48,0.0,0,0.0,0,0.0,0,0.0,20000.0,0,20000.0,0,0.0,0,0.0,0,0.0,0,0.0,0,30.83,0,116.0,0,13.72,0,-2.774,0,39.317,-76.586,45.0
2025-01-10 02:16:00,2025-01-10,2025-01-10 02:16:00,101.3,0,-2.16,0,0.023,49.48,0,0.243,0.251,0,0.001,6.231,0,5.97,0,299.9,0,16.59,0.0,0,0.0,0,0.0,0,0.0,20000.0,0,20000.0,0,0.0,0,0.0,0,0.0,0,0.0,0,30.83,0,116.0,0,13.72,0,-2.782,0,39.317,-76.586,45.0
2025-01-10 02:17:00,2025-01-10,2025-01-10 02:17:00,101.29,0,-2.157,0,0.022,49.34,0,0.212,0.25,0,0.001,6.577,0,6.428,0,300.5,0,12.23,0.0,0,0.0,0,0.0,0,0.0,20000.0,0,20000.0,0,0.0,0,0.0,0,0.0,0,0.0,0,30.83,0,116.0,0,13.72,0,-2.793,0,39.317,-76.586,45.0
2025-01-10 02:18:00,2025-01-10,2025-01-10 02:18:00,101.31,0,-2.125,0,0.041,49.21,0,0.211,0.25,0,0.001,3.087,0,2.996,0,288.0,0,13.92,0.0,0,0.0,0,0.0,0,0.0,20000.0,0,20000.0,0,0.0,0,0.0,0,0.0,0,0.0,0,30.83,0,116.0,0,13.72,0,-2.801,0,39.317,-76.586,45.0
2025-01-10 02:19:00,2025-01-10,2025-01-10 02:19:00,101.31,0,-2.305,0,0.055,49.88,0,0.335,0.25,0,0.001,2.922,0,2.871,0,301.4,0,10.74,0.0,0,0.0,0,0.0,0,0.0,20000.0,0,20000.0,0,0.0,0,0.0,0,0.0,0,0.0,0,30.83,0,116.0,0,13.72,0,-2.809,0,39.317,-76.586,45.0
2025-01-10 02:20:00,2025-01-10,2025-01-10 02:20:00,101.31,0,-2.342,0,0.026,50.3,0,0.208,0.251,0,0.001,2.821,0,2.663,0,297.0,0,19.17,0.0,0,0.0,0,0.0,0,0.0,20000.0,0,20000.0,0,0.0,0,0.0,0,0.0,0,0.0,0,30.83,0,116.0,0,13.72,0,-2.82,0,39.317,-76.586,45.0
2025-01-10 02:21:00,2025-01-10,2025-01-10 02:21:00,101.31,0,-2.374,0,0.033,50.54,0,0.237,0.252,0,0.001,1.808,0,1.753,0,308.4,0,14.11,0.0,0,0.0,0,0.0,0,0.0,20000.0,0,20000.0,0,0.0,0,0.0,0,0.0,0,0.0,0,30.83,0,116.0,0,13.72,0,-2.828,0,39.317,-76.586,45.0
2025-01-10 02:22:00,2025-01-10,2025-01-10 02:22:00,101.31,0,-2.465,0,0.03,50.99,0,0.256,0.252,0,0.001,2.422,0,2.363,0,283.5,0,12.7,0.0,0,0.0,0,0.0,0,0.0,20000.0,0,20000.0,0,0.0,0,0.0,0,0.0,0,0.0,0,30.83,0,116.0,0,13.72,0,-2.838,0,39.317,-76.586,45.0
2025-01-10 02:23:00,2025-01-10,2025-01-10 02:23:00,101.3,0,-2.489,0,0.036,51.1,0,0.211,0.252,0,0.001,4.539,0,4.319,0,300.6,0,17.84,0.0,0,0.0,0,0.0,0,0.0,20000.0,0,20000.0,0,0.0,0,0.0,0,0.0,0,0.0,0,30.83,0,116.0,0,13.72,0,-2.846,0,39.317,-76.586,45.0
2025-01-10 02:24:00,2025-01-10,2025-01-10 02:24:00,101.3,0,-2.434,0,0.064,50.89,0,0.291,0.252,0,0.001,6.573,0,6.472,0,300.4,0,10.02,0.0,0,0.0,0,0.0,0,0.0,20000.0,0,20000.0,0,0.0,0,0.0,0,0.0,0,0.0,0,30.83,0,116.0,0,13.72,0,-2.857,0,39.317,-76.586,45.0
2025-01-10 02:25:00,2025-01-10,2025-01-10 02:25:00,101.3,0,-2.248,0,0.04,50.25,0,0.293,0.253,0,0.001,4.725,0,4.5,0,299.8,0,17.68,0.0,0,0.0,0,0.0,0,0.0,20000.0,0,20000.0,0,0.0,0,0.0,0,0.0,0,0.0,0,30.83,0,116.0,0,13.72,0,-2.868,0,39.317,-76.586,45.0
2025-01-10 02:26:00,2025-01-10,2025-01-10 02:26:00,101.29,0,-2.233,0,0.032,49.87,0,0.237,0.251,0,0.001,4.162,0,3.993,0,288.7,0,16.29,0.0,0,0.0,0,0.0,0,0.0,20000.0,0,20000.0,0,0.0,0,0.0,0,0.0,0,0.0,0,30.83,0,116.0,0,13.72,0,-2.881,0,39.317,-76.586,45.0
2025-01-10 02:27:00,2025-01-10,2025-01-10 02:27:00,101.3,0,-2.285,0,0.037,49.91,0,0.207,0.25,0,0.001,4.087,0,3.962,0,304.0,0,14.16,0.0,0,0.0,0,0.0,0,0.0,20000.0,0,20000.0,0,0.0,0,0.0,0,0.0,0,0.0,0,30.83,0,116.0,0,13.72,0,-2.892,0,39.317,-76.586,45.0
2025-01-10 02:28:00,2025-01-10,2025-01-10 02:28:00,101.29,0,-2.349,0,0.047,50.16,0,0.247,0.25,0,0.001,3.456,0,3.377,0,302.6,0,12.23,0.0,0,0.0,0,0.0,0,0.0,20000.0,0,20000.0,0,0.0,0,0.0,0,0.0,0,0.0,0,30.83,0,116.0,0,13.72,0,-2.902,0,39.317,-76.586,45.0
2025-01-10 02:29:00,2025-01-10,2025-01-10 02:29:00,101.29,0,-2.356,0,0.029,50.26,0,0.221,0.251,0,0.001,4.631,0,4.556,0,300.0,0,10.29,0.0,0,0.0,0,0.0,0,0.0,20000.0,0,20000.0,0,0.0,0,0.0,0,0.0,0,0.0,0,30.83,0,116.0,0,13.72,0,-2.913,0,39.317,-76.586,45.0
2025-01-10 02:30:00,2025-01-10,2025-01-10 02:30:00,101.28,0,-2.357,0,0.025,50.23,0,0.219,0.25,0,0.001,4.088,0,3.927,0,290.1,0,16.11,0.0,0,0.0,0,0.0,0,0.0,20000.0,0,20000.0,0,0.0,0,0.0,0,0.0,0,0.0,0,30.83,0,116.0,0,13.72,0,-2.924,0,39.317,-76.586,45.0
2025-01-10 02:31:00,2025-01-10,2025-01-10 02:31:00,101.28,0,-2.389,0,0.035,50.31,0,0.254,0.25,0,0.001,2.852,0,2.678,0,312.3,0,20.01,0.0,0,0.0,0,0.0,0,0.0,20000.0,0,20000.0,0,0.0,0,0.0,0,0.0,0,0.0,0,30.83,0,116.0,0,13.72,0,-2.934,0,39.317,-76.586,45.0
2025-01-10 02:32:00,2025-01-10,2025-01-10 02:32:00,101.28,0,-2.486,0,0.033,50.73,0,0.23,0.25,0,0.001,4.245,0,4.12,0,288.9,0,13.91,0.0,0,0.0,0,0.0,0,0.0,20000.0,0,20000.0,0,0.0,0,0.0,0,0.0,0,0.0,0,30.83,0,116.0,0,13.73,0,-2.945,0,39.317,-76.586,45.0
2025-01-10 02:33:00,2025-01-10,2025-01-10 02:33:00,101.28,0,-2.479,0,0.053,50.83,0,0.261,0.251,0,0.001,5.527,0,5.298,0,299.7,0,16.51,0.0,0,0.0,0,0.0,0,0.0,20000.0,0,20000.0,0,0.0,0,0.0,0,0.0,0,0.0,0,30.83,0,116.0,0,13.72,0,-2.956,0,39.317,-76.586,45.0
2025-01-10 02:34:00,2025-01-10,2025-01-10 02:34:00,101.26,0,-2.327,0,0.048,50.28,0,0.265,0.251,0,0.001,7.025,0,6.84,0,294.5,0,13.15,0.0,0,0.0,0,0.0,0,0.0,20000.0,0,20000.0,0,0.0,0,0.0,0,0.0,0,0.0,0,30.83,0,116.0,0,13.73,0,-2.966,0,39.317,-76.586,45.0
2025-01-10 02:35:00,2025-01-10,2025-01-10 02:35:00,101.28,0,-2.305,0,0.048,50.04,0,0.219,0.251,0,0.001,4.611,0,4.492,0,301.9,0,13.03,0.0,0,0.0,0,0.0,0,0.0,20000.0,0,20000.0,0,0.0,0,0.0,0,0.0,0,0.0,0,30.83,0,116.0,0,13.73,0,-2.974,0,39.317,-76.586,45.0
2025-01-10 02:36:00,2025-01-10,2025-01-10 02:36:00,101.29,0,-2.457,0,0.066,50.49,0,0.308,0.25,0,0.001,3.549,0,3.383,0,297.4,0,17.52,0.0,0,0.0,0,0.0,0,0.0,20000.0,0,20000.0,0,0.0,0,0.0,0,0.0,0,0.0,0,30.83,0,116.0,0,13.72,0,-2.982,0,39.317,-76.586,45.0
2025-01-10 02:37:00,2025-01-10,2025-01-10 02:37:00,101.29,0,-2.534,0,0.027,50.98,0,0.231,0.251,0,0.001,3.788,0,3.652,0,293.9,0,15.31,0.0,0,0.0,0,0.0,0,0.0,20000.0,0,20000.0,0,0.0,0,0.0,0,0.0,0,0.0,0,30.83,0,116.0,0,13.73,0,-2.99,0,39.317,-76.586,45.0
2025-01-10 02:38:00,2025-01-10,2025-01-10 02:38:00,101.29,0,-2.482,0,0.029,50.98,0,0.216,0.252,0,0.001,5.014,0,4.728,0,300.3,0,19.36,0.0,0,0.0,0,0.0,0,0.0,20000.0,0,20000.0,0,0.0,0,0.0,0,0.0,0,0.0,0,30.83,0,116.0,0,13.73,0,-3.001,0,39.317,-76.586,45.0
2025-01-10 02:39:00,2025-01-10,2025-01-10 02:39:00,101.27,0,-2.441,0,0.027,50.89,0,0.212,0.252,0,0.001,5.223,0,5.115,0,305.2,0,11.69,0.0,0,0.0,0,0.0,0,0.0,20000.0,0,20000.0,0,0.0,0,0.0,0,0.0,0,0.0,0,30.83,0,116.0,0,13.73,0,-3.009,0,39.317,-76.586,45.0
2025-01-10 02:40:00,2025-01-10,2025-01-10 02:40:00,101.3,0,-2.385,0,0.039,50.69,0,0.237,0.252,0,0.001,5.076,0,4.984,0,295.0,0,10.9,0.0,0,0.0,0,0.0,0,0.0,20000.0,0,20000.0,0,0.0,0,0.0,0,0.0,0,0.0,0,30.83,0,116.0,0,13.73,0,-3.017,0,39.317,-76.586,45.0
2025-01-10 02:41:00,2025-01-10,2025-01-10 02:41:00,101.29,0,-2.34,0,0.03,50.37,0,0.24,0.252,0,0.001,6.47,0,6.385,0,306.6,0,9.26,0.0,0,0.0,0,0.0,0,0.0,20000.0,0,20000.0,0,0.0,0,0.0,0,0.0,0,0.0,0,30.83,0,116.0,0,13.73,0,-3.027,0,39.317,-76.586,45.0
2025-01-10 02:42:00,2025-01-10,2025-01-10 02:42:00,101.3,0,-2.294,0,0.026,50.07,0,0.242,0.251,0,0.001,5.009,0,4.955,0,296.6,0,8.44,0.0,0,0.0,0,0.0,0,0.0,20000.0,0,20000.0,0,0.0,0,0.0,0,0.0,0,0.0,0,30.83,0,116.0,0,13.73,0,-3.033,0,39.317,-76.586,45.0
2025-01-10 02:43:00,2025-01-10,2025-01-10 02:43:00,101.29,0,-2.291,0,0.031,49.97,0,0.208,0.251,0,0.001,4.813,0,4.727,0,302.5,0,10.84,0.0,0,0.0,0,0.0,0,0.0,20000.0,0,20000.0,0,0.0,0,0.0,0,0.0,0,0.0,0,30.83,0,116.0,0,13.73,0,-3.041,0,39.317,-76.586,45.0
2025-01-10 02:44:00,2025-01-10,2025-01-10 02:44:00,101.3,0,-2.364,0,0.038,50.16,0,0.238,0.25,0,0.001,4.869,0,4.795,0,301.9,0,9.95,0.0,0,0.0,0,0.0,0,0.0,20000.0,0,20000.0,0,0.0,0,0.0,0,0.0,0,0.0,0,30.83,0,116.0,0,13.73,0,-3.049,0,39.317,-76.586,45.0
2025-01-10 02:45:00,2025-01-10,2025-01-10 02:45:00,101.3,0,-2.384,0,0.025,50.28,0,0.223,0.25,0,0.001,4.929,0,4.74,0,301.9,0,15.89,0.0,0,0.0,0,0.0,0,0.0,20000.0,0,20000.0,0,0.0,0,0.0,0,0.0,0,0.0,0,30.83,0,116.0,0,13.73,0,-3.057,0,39.317,-76.586,45.0
2025-01-10 02:46:00,2025-01-10,2025-01-10 02:46:00,101.29,0,-2.374,0,0.026,50.32,0,0.225,0.251,0,0.001,3.688,0,3.492,0,297.7,0,18.7,0.0,0,0.0,0,0.0,0,0.0,20000.0,0,20000.0,0,0.0,0,0.0,0,0.0,0,0.0,0,30.83,0,116.0,0,13.73,0,-3.062,0,39.317,-76.586,45.0
2025-01-10 02:47:00,2025-01-10,2025-01-10 02:47:00,101.29,0,-2.427,0,0.072,50.53,0,0.249,0.251,0,0.002,3.226,0,3.118,0,295.0,0,14.8,0.0,0,0.0,0,0.0,0,0.0,20000.0,0,20000.0,0,0.0,0,0.0,0,0.0,0,0.0,0,30.83,0,116.0,0,13.73,0,-3.07,0,39.317,-76.586,45.0
2025-01-10 02:48:00,2025-01-10,2025-01-10 02:48:00,101.28,0,-2.463,0,0.047,50.72,0,0.224,0.251,0,0.002,4.758,0,4.569,0,300.3,0,16.13,0.0,0,0.0,0,0.0,0,0.0,20000.0,0,20000.0,0,0.0,0,0.0,0,0.0,0,0.0,0,30.83,0,116.0,0,13.73,0,-3.075,0,39.317,-76.586,45.0
2025-01-10 02:49:00,2025-01-10,2025-01-10 02:49:00,101.29,0,-2.453,0,0.028,50.72,0,0.208,0.251,0,0.001,4.616,0,4.502,0,304.2,0,12.7,0.0,0,0.0,0,0.0,0,0.0,20000.0,0,20000.0,0,0.0,0,0.0,0,0.0,0,0.0,0,30.83,0,116.0,0,13.73,0,-3.083,0,39.317,-76.586,45.0
2025-01-10 02:50:00,2025-01-10,2025-01-10 02:50:00,101.28,0,-2.431,0,0.03,50.69,0,0.242,0.251,0,0.001,4.712,0,4.547,0,301.8,0,15.16,0.0,0,0.0,0,0.0,0,0.0,20000.0,0,20000.0,0,0.0,0,0.0,0,0.0,0,0.0,0,30.83,0,116.0,0,13.73,0,-3.089,0,39.317,-76.586,45.0
2025-01-10 02:51:00,2025-01-10,2025-01-10 02:51:00,101.27,0,-2.402,0,0.038,50.44,0,0.227,0.251,0,0.001,5.121,0,5.055,0,305.7,0,9.16,0.0,0,0.0,0,0.0,0,0.0,20000.0,0,20000.0,0,0.0,0,0.0,0,0.0,0,0.0,0,30.83,0,116.0,0,13.73,0,-3.097,0,39.317,-76.586,45.0
2025-01-10 02:52:00,2025-01-10,2025-01-10 02:52:00,101.28,0,-2.398,0,0.029,50.39,0,0.219,0.25,0,0.001,5.789,0,5.644,0,308.3,0,12.79,0.0,0,0.0,0,0.0,0,0.0,20000.0,0,20000.0,0,0.0,0,0.0,0,0.0,0,0.0,0,30.83,0,116.0,0,13.73,0,-3.105,0,39.317,-76.586,45.0
2025-01-10 02:53:00,2025-01-10,2025-01-10 02:53:00,101.28,0,-2.397,0,0.026,50.39,0,0.222,0.25,0,0.001,4.782,0,4.676,0,306.6,0,12.11,0.0,0,0.0,0,0.0,0,0.0,20000.0,0,20000.0,0,0.0,0,0.0,0,0.0,0,0.0,0,30.83,0,116.0,0,13.73,0,-3.11,0,39.317,-76.586,45.0
2025-01-10 02:54:00,2025-01-10,2025-01-10 02:54:00,101.29,0,-2.414,0,0.026,50.41,0,0.222,0.25,0,0.001,3.732,0,3.65,0,306.8,0,12.02,0.0,0,0.0,0,0.0,0,0.0,20000.0,0,20000.0,0,0.0,0,0.0,0,0.0,0,0.0,0,30.83,0,116.0,0,13.73,0,-3.118,0,39.317,-76.586,45.0
2025-01-10 02:55:00,2025-01-10,2025-01-10 02:55:00,101.29,0,-2.488,0,0.036,50.72,0,0.249,0.25,0,0.001,3.192,0,3.022,0,278.4,0,18.65,0.0,0,0.0,0,0.0,0,0.0,20000.0,0,20000.0,0,0.0,0,0.0,0,0.0,0,0.0,0,30.83,0,116.0,0,13.73,0,-3.123,0,39.317,-76.586,45.0
2025-01-10 02:56:00,2025-01-10,2025-01-10 02:56:00,101.29,0,-2.565,0,0.033,51.01,0,0.236,0.25,0,0.001,4.021,0,3.934,0,298.6,0,11.9,0.0,0,0.0,0,0.0,0,0.0,20000.0,0,20000.0,0,0.0,0,0.0,0,0.0,0,0.0,0,30.83,0,116.0,0,13.73,0,-3.131,0,39.317,-76.586,45.0
2025-01-10 02:57:00,2025-01-10,2025-01-10 02:57:00,101.29,0,-2.595,0,0.032,51.14,0,0.202,0.25,0,0.001,4.933,0,4.866,0,297.9,0,9.44,0.0,0,0.0,0,0.0,0,0.0,20000.0,0,20000.0,0,0.0,0,0.0,0,0.0,0,0.0,0,30.83,0,116.0,0,13.73,0,-3.137,0,39.317,-76.586,45.0
2025-01-10 02:58:00,2025-01-10,2025-01-10 02:58:00,101.29,0,-2.546,0,0.032,51.27,0,0.211,0.252,0,0.001,6.721,0,6.609,0,308.3,0,10.48,0.0,0,0.0,0,0.0,0,0.0,20000.0,0,20000.0,0,0.0,0,0.0,0,0.0,0,0.0,0,30.83,0,116.0,0,13.73,0,-3.147,0,39.317,-76.586,45.0
2025-01-10 02:59:00,2025-01-10,2025-01-10 02:59:00,101.28,0,-2.456,0,0.038,51.13,0,0.234,0.253,0,0.001,5.95,0,5.824,0,294.6,0,11.82,0.0,0,0.0,0,0.0,0,0.0,20000.0,0,20000.0,0,0.0,0,0.0,0,0.0,0,0.0,0,30.83,0,116.0,0,13.73,0,-3.153,0,39.317,-76.586,45.0
2025-01-10 03:00:00,2025-01-10,2025-01-10 03:00:00,101.28,0,-2.391,0,0.022,50.65,0,0.229,0.252,0,0.001,6.62,0,6.515,0,298.1,0,10.19,0.0,0,0.0,0,0.0,0,0.0,20000.0,0,20000.0,0,0.0,0,0.0,0,0.0,0,0.0,0,30.83,0,116.0,0,13.73,0,-3.161,0,39.317,-76.586,45.0
2025-01-10 03:01:00,2025-01-10,2025-01-10 03:01:00,101.29,0,-2.406,0,0.033,50.59,0,0.233,0.251,0,0.001,5.63,0,5.455,0,307.8,0,14.27,0.0,0,0.0,0,0.0,0,0.0,20000.0,0,20000.0,0,0.0,0,0.0,0,0.0,0,0.0,0,30.83,0,116.0,0,13.73,0,-3.166,0,39.317,-76.586,45.0
2025-01-10 03:02:00,2025-01-10,2025-01-10 03:02:00,101.29,0,-2.394,0,0.029,50.56,0,0.207,0.251,0,0.001,4.501,0,4.355,0,304.7,0,14.59,0.0,0,0.0,0,0.0,0,0.0,20000.0,0,20000.0,0,0.0,0,0.0,0,0.0,0,0.0,0,30.83,0,116.0,0,13.73,0,-3.174,0,39.317,-76.586,45.0
2025-01-10 03:03:00,2025-01-10,2025-01-10 03:03:00,101.28,0,-2.428,0,0.032,50.63,0,0.209,0.251,0,0.001,4.288,0,4.179,0,310.1,0,12.87,0.0,0,0.0,0,0.0,0,0.0,20000.0,0,20000.0,0,0.0,0,0.0,0,0.0,0,0.0,0,30.83,0,116.0,0,13.73,0,-3.18,0,39.317,-76.586,45.0
2025-01-10 03:04:00,2025-01-10,2025-01-10 03:04:00,101.29,0,-2.479,0,0.031,50.9,0,0.239,0.251,0,0.001,4.843,0,4.696,0,305.7,0,14.11,0.0,0,0.0,0,0.0,0,0.0,20000.0,0,20000.0,0,0.0,0,0.0,0,0.0,0,0.0,0,30.83,0,116.0,0,13.73,0,-3.188,0,39.317,-76.586,45.0
2025-01-10 03:05:00,2025-01-10,2025-01-10 03:05:00,101.29,0,-2.499,0,0.022,51.01,0,0.204,0.251,0,0.001,4.547,0,4.382,0,306.6,0,15.46,0.0,0,0.0,0,0.0,0,0.0,20000.0,0,20000.0,0,0.0,0,0.0,0,0.0,0,0.0,0,30.83,0,116.0,0,13.73,0,-3.193,0,39.317,-76.586,45.0
2025-01-10 03:06:00,2025-01-10,2025-01-10 03:06:00,101.29,0,-2.48,0,0.037,50.99,0,0.217,0.252,0,0.002,5.377,0,5.266,0,296.3,0,11.63,0.0,0,0.0,0,0.0,0,0.0,20000.0,0,20000.0,0,0.0,0,0.0,0,0.0,0,0.0,0,30.83,0,116.0,0,13.73,0,-3.196,0,39.317,-76.586,45.0
2025-01-10 03:07:00,2025-01-10,2025-01-10 03:07:00,101.28,0,-2.441,0,0.027,50.91,0,0.214,0.252,0,0.001,4.539,0,4.399,0,313.3,0,14.22,0.0,0,0.0,0,0.0,0,0.0,20000.0,0,20000.0,0,0.0,0,0.0,0,0.0,0,0.0,0,30.83,0,116.0,0,13.73,0,-3.201,0,39.317,-76.586,45.0
2025-01-10 03:08:00,2025-01-10,2025-01-10 03:08:00,101.29,0,-2.452,0,0.02,50.81,0,0.237,0.251,0,0.001,4.163,0,4.113,0,309.2,0,8.93,0.0,0,0.0,0,0.0,0,0.0,20000.0,0,20000.0,0,0.0,0,0.0,0,0.0,0,0.0,0,30.83,0,116.0,0,13.73,0,-3.209,0,39.317,-76.586,45.0
2025-01-10 03:09:00,2025-01-10,2025-01-10 03:09:00,101.29,0,-2.512,0,0.06,51.05,0,0.322,0.251,0,0.001,3.57,0,3.489,0,293.9,0,12.24,0.0,0,0.0,0,0.0,0,0.0,20000.0,0,20000.0,0,0.0,0,0.0,0,0.0,0,0.0,0,30.83,0,116.0,0,13.73,0,-3.214,0,39.317,-76.586,45.0
2025-01-10 03:10:00,2025-01-10,2025-01-10 03:10:00,101.28,0,-2.61,0,0.023,51.48,0,0.196,0.251,0,0.001,4.167,0,4.003,0,305.2,0,16.04,0.0,0,0.0,0,0.0,0,0.0,20000.0,0,20000.0,0,0.0,0,0.0,0,0.0,0,0.0,0,30.83,0,116.0,0,13.73,0,-3.219,0,39.317,-76.586,45.0
2025-01-10 03:11:00,2025-01-10,2025-01-10 03:11:00,101.29,0,-2.616,0,0.031,51.61,0,0.225,0.252,0,0.001,4.941,0,4.803,0,294.5,0,13.52,0.0,0,0.0,0,0.0,0,0.0,20000.0,0,20000.0,0,0.0,0,0.0,0,0.0,0,0.0,0,30.83,0,116.0,0,13.73,0,-3.227,0,39.317,-76.586,45.0
2025-01-10 03:12:00,2025-01-10,2025-01-10 03:12:00,101.29,0,-2.558,0,0.027,51.39,0,0.198,0.252,0,0.001,3.414,0,3.308,0,294.4,0,14.27,0.0,0,0.0,0,0.0,0,0.0,20000.0,0,20000.0,0,0.0,0,0.0,0,0.0,0,0.0,0,30.83,0,116.0,0,13.74,0,-3.233,0,39.317,-76.586,45.0
2025-01-10 03:13:00,2025-01-10,2025-01-10 03:13:00,101.29,0,-2.632,0,0.034,51.69,0,0.24,0.252,0,0.001,3.353,0,3.306,0,304.3,0,9.6,0.0,0,0.0,0,0.0,0,0.0,20000.0,0,20000.0,0,0.0,0,0.0,0,0.0,0,0.0,0,30.83,0,116.0,0,13.73,0,-3.238,0,39.317,-76.586,45.0
2025-01-10 03:14:00,2025-01-10,2025-01-10 03:14:00,101.29,0,-2.65,0,0.035,51.88,0,0.241,0.252,0,0.001,4.717,0,4.507,0,301.5,0,17.11,0.0,0,0.0,0,0.0,0,0.0,20000.0,0,20000.0,0,0.0,0,0.0,0,0.0,0,0.0,0,30.83,0,116.0,0,13.73,0,-3.244,0,39.317,-76.586,45.0
2025-01-10 03:15:00,2025-01-10,2025-01-10 03:15:00,101.3,0,-2.595,0,0.034,51.78,0,0.247,0.253,0,0.001,3.976,0,3.875,0,306.1,0,12.86,0.0,0,0.0,0,0.0,0,0.0,20000.0,0,20000.0,0,0.0,0,0.0,0,0.0,0,0.0,0,30.83,0,116.0,0,13.74,0,-3.251,0,39.317,-76.586,45.0
2025-01-10 03:16:00,2025-01-10,2025-01-10 03:16:00,101.31,0,-2.527,0,0.048,51.53,0,0.25,0.253,0,0.002,5.165,0,5.095,0,301.0,0,9.41,0.0,0,0.0,0,0.0,0,0.0,20000.0,0,20000.0,0,0.0,0,0.0,0,0.0,0,0.0,0,30.83,0,116.0,0,13.73,0,-3.259,0,39.317,-76.586,45.0
2025-01-10 03:17:00,2025-01-10,2025-01-10 03:17:00,101.31,0,-2.508,0,0.031,51.27,0,0.212,0.252,0,0.001,3.61,0,3.515,0,303.5,0,13.09,0.0,0,0.0,0,0.0,0,0.0,20000.0,0,20000.0,0,0.0,0,0.0,0,0.0,0,0.0,0,30.83,0,116.0,0,13.74,0,-3.267,0,39.317,-76.586,45.0
2025-01-10 03:18:00,2025-01-10,2025-01-10 03:18:00,101.3,0,-2.556,0,0.029,51.35,0,0.246,0.252,0,0.002,4.031,0,3.922,0,287.2,0,13.34,0.0,0,0.0,0,0.0,0,0.0,20000.0,0,20000.0,0,0.0,0,0.0,0,0.0,0,0.0,0,30.83,0,116.0,0,13.74,0,-3.275,0,39.317,-76.586,45.0
2025-01-10 03:19:00,2025-01-10,2025-01-10 03:19:00,101.31,0,-2.572,0,0.047,51.34,0,0.207,0.251,0,0.002,4.096,0,3.921,0,301.2,0,16.78,0.0,0,0.0,0,0.0,0,0.0,20000.0,0,20000.0,0,0.0,0,0.0,0,0.0,0,0.0,0,30.83,0,116.0,0,13.73,0,-3.281,0,39.317,-76.586,45.0
2025-01-10 03:20:00,2025-01-10,2025-01-10 03:20:00,101.32,0,-2.616,0,0.024,51.5,0,0.24,0.251,0,0.001,2.891,0,2.74,0,296.7,0,18.48,0.0,0,0.0,0,0.0,0,0.0,20000.0,0,20000.0,0,0.0,0,0.0,0,0.0,0,0.0,0,30.83,0,116.0,0,13.74,0,-3.289,0,39.317,-76.586,45.0
2025-01-10 03:21:00,2025-01-10,2025-01-10 03:21:00,101.31,0,-2.663,0,0.033,51.66,0,0.223,0.251,0,0.001,5.271,0,5.095,0,299.8,0,14.81,0.0,0,0.0,0,0.0,0,0.0,20000.0,0,20000.0,0,0.0,0,0.0,0,0.0,0,0.0,0,30.83,0,116.0,0,13.73,0,-3.297,0,39.317,-76.586,45.0
2025-01-10 03:22:00,2025-01-10,2025-01-10 03:22:00,101.31,0,-2.639,0,0.03,51.68,0,0.223,0.252,0,0.001,4.946,0,4.882,0,305.5,0,9.2,0.0,0,0.0,0,0.0,0,0.0,20000.0,0,20000.0,0,0.0,0,0.0,0,0.0,0,0.0,0,30.83,0,116.0,0,13.74,0,-3.305,0,39.317,-76.586,45.0
2025-01-10 03:23:00,2025-01-10,2025-01-10 03:23:00,101.31,0,-2.578,0,0.034,51.51,0,0.258,0.252,0,0.001,4.898,0,4.69,0,310.3,0,16.71,0.0,0,0.0,0,0.0,0,0.0,20000.0,0,20000.0,0,0.0,0,0.0,0,0.0,0,0.0,0,30.83,0,116.0,0,13.74,0,-3.313,0,39.317,-76.586,45.0
2025-01-10 03:24:00,2025-01-10,2025-01-10 03:24:00,101.31,0,-2.54,0,0.032,51.21,0,0.229,0.252,0,0.001,3.678,0,3.585,0,307.4,0,12.89,0.0,0,0.0,0,0.0,0,0.0,20000.0,0,20000.0,0,0.0,0,0.0,0,0.0,0,0.0,0,30.83,0,116.0,0,13.74,0,-3.321,0,39.317,-76.586,45.0
2025-01-10 03:25:00,2025-01-10,2025-01-10 03:25:00,101.32,0,-2.675,0,0.038,51.59,0,0.286,0.25,0,0.001,3.758,0,3.658,0,302.7,0,13.24,0.0,0,0.0,0,0.0,0,0.0,20000.0,0,20000.0,0,0.0,0,0.0,0,0.0,0,0.0,0,30.83,0,116.0,0,13.74,0,-3.329,0,39.317,-76.586,45.0
2025-01-10 03:26:00,2025-01-10,2025-01-10 03:26:00,101.31,0,-2.731,0,0.038,51.94,0,0.251,0.251,0,0.001,2.752,0,2.701,0,307.6,0,11.03,0.0,0,0.0,0,0.0,0,0.0,20000.0,0,20000.0,0,0.0,0,0.0,0,0.0,0,0.0,0,30.83,0,116.0,0,13.74,0,-3.337,0,39.317,-76.586,45.0
2025-01-10 03:27:00,2025-01-10,2025-01-10 03:27:00,101.32,0,-2.786,0,0.039,52.22,0,0.204,0.251,0,0.001,4.82,0,4.762,0,295.0,0,8.86,0.0,0,0.0,0,0.0,0,0.0,20000.0,0,20000.0,0,0.0,0,0.0,0,0.0,0,0.0,0,30.83,0,116.0,0,13.74,0,-3.348,0,39.317,-76.586,45.0
2025-01-10 03:28:00,2025-01-10,2025-01-10 03:28:00,101.32,0,-2.642,0,0.039,51.84,0,0.26,0.252,0,0.001,4.121,0,3.995,0,292.9,0,14.17,0.0,0,0.0,0,0.0,0,0.0,20000.0,0,20000.0,0,0.0,0,0.0,0,0.0,0,0.0,0,30.83,0,116.0,0,13.74,0,-3.353,0,39.317,-76.586,45.0
2025-01-10 03:29:00,2025-01-10,2025-01-10 03:29:00,101.32,0,-2.601,0,0.028,51.46,0,0.215,0.251,0,0.001,3.363,0,3.342,0,297.7,0,6.414,0.0,0,0.0,0,0.0,0,0.0,20000.0,0,20000.0,0,0.0,0,0.0,0,0.0,0,0.0,0,30.83,0,116.0,0,13.74,0,-3.364,0,39.317,-76.586,45.0
2025-01-10 03:30:00,2025-01-10,2025-01-10 03:30:00,101.33,0,-2.648,0,0.043,51.39,0,0.217,0.25,0,0.001,2.372,0,2.318,0,307.3,0,12.19,0.0,0,0.0,0,0.0,0,0.0,20000.0,0,20000.0,0,0.0,0,0.0,0,0.0,0,0.0,0,30.83,0,116.0,0,13.74,0,-3.372,0,39.317,-76.586,45.0
2025-01-10 03:31:00,2025-01-10,2025-01-10 03:31:00,101.33,0,-2.827,0,0.083,51.98,0,0.32,0.249,0,0.001,3.227,0,3.128,0,299.5,0,14.19,0.0,0,0.0,0,0.0,0,0.0,20000.0,0,20000.0,0,0.0,0,0.0,0,0.0,0,0.0,0,30.83,0,116.0,0,13.74,0,-3.382,0,39.317,-76.586,45.0
2025-01-10 03:32:00,2025-01-10,2025-01-10 03:32:00,101.33,0,-2.819,0,0.067,52.26,0,0.232,0.251,0,0.002,5.29,0,5.244,0,309.4,0,7.616,0.0,0,0.0,0,0.0,0,0.0,20000.0,0,20000.0,0,0.0,0,0.0,0,0.0,0,0.0,0,30.83,0,116.0,0,13.74,0,-3.39,0,39.317,-76.586,45.0
2025-01-10 03:33:00,2025-01-10,2025-01-10 03:33:00,101.33,0,-2.705,0,0.032,51.92,0,0.204,0.251,0,0.001,3.131,0,3.021,0,294.7,0,15.21,0.0,0,0.0,0,0.0,0,0.0,20000.0,0,20000.0,0,0.0,0,0.0,0,0.0,0,0.0,0,30.83,0,116.0,0,13.74,0,-3.401,0,39.317,-76.586,45.0
2025-01-10 03:34:00,2025-01-10,2025-01-10 03:34:00,101.33,0,-2.76,0,0.039,51.99,0,0.237,0.251,0,0.001,2.759,0,2.658,0,299.4,0,15.46,0.0,0,0.0,0,0.0,0,0.0,20000.0,0,20000.0,0,0.0,0,0.0,0,0.0,0,0.0,0,30.83,0,116.0,0,13.74,0,-3.412,0,39.317,-76.586,45.0
2025-01-10 03:35:00,2025-01-10,2025-01-10 03:35:00,101.32,0,-2.775,0,0.02,51.99,0,0.21,0.25,0,0.001,3.397,0,3.322,0,293.5,0,12.06,0.0,0,0.0,0,0.0,0,0.0,20000.0,0,20000.0,0,0.0,0,0.0,0,0.0,0,0.0,0,30.83,0,116.0,0,13.74,0,-3.422,0,39.317,-76.586,45.0
2025-01-10 03:36:00,2025-01-10,2025-01-10 03:36:00,101.32,0,-2.753,0,0.028,51.98,0,0.216,0.251,0,0.001,3.089,0,3.04,0,304.1,0,10.19,0.0,0,0.0,0,0.0,0,0.0,20000.0,0,20000.0,0,0.0,0,0.0,0,0.0,0,0.0,0,30.83,0,116.0,0,13.74,0,-3.433,0,39.317,-76.586,45.0
2025-01-10 03:37:00,2025-01-10,2025-01-10 03:37:00,101.32,0,-2.845,0,0.032,52.32,0,0.274,0.25,0,0.002,4.24,0,4.058,0,308.8,0,16.81,0.0,0,0.0,0,0.0,0,0.0,20000.0,0,20000.0,0,0.0,0,0.0,0,0.0,0,0.0,0,30.83,0,116.0,0,13.74,0,-3.444,0,39.317,-76.586,45.0
2025-01-10 03:38:00,2025-01-10,2025-01-10 03:38:00,101.31,0,-2.759,0,0.028,52.17,0,0.232,0.252,0,0.001,4.438,0,4.21,0,308.4,0,18.34,0.0,0,0.0,0,0.0,0,0.0,20000.0,0,20000.0,0,0.0,0,0.0,0,0.0,0,0.0,0,30.83,0,116.0,0,13.74,0,-3.455,0,39.317,-76.586,45.0
2025-01-10 03:39:00,2025-01-10,2025-01-10 03:39:00,101.31,0,-2.73,0,0.034,51.97,0,0.252,0.251,0,0.001,5.633,0,5.463,0,316.0,0,14.07,0.0,0,0.0,0,0.0,0,0.0,20000.0,0,20000.0,0,0.0,0,0.0,0,0.0,0,0.0,0,30.83,0,116.0,0,13.74,0,-3.465,0,39.317,-76.586,45.0
2025-01-10 03:40:00,2025-01-10,2025-01-10 03:40:00,101.31,0,-2.658,0,0.033,51.63,0,0.246,0.251,0,0.001,4.938,0,4.841,0,302.2,0,11.33,0.0,0,0.0,0,0.0,0,0.0,20000.0,0,20000.0,0,0.0,0,0.0,0,0.0,0,0.0,0,30.83,0,116.0,0,13.74,0,-3.476,0,39.317,-76.586,45.0
2025-01-10 03:41:00,2025-01-10,2025-01-10 03:41:00,101.31,0,-2.675,0,0.046,51.58,0,0.231,0.25,0,0.001,4.286,0,4.212,0,303.6,0,10.64,0.0,0,0.0,0,0.0,0,0.0,20000.0,0,20000.0,0,0.0,0,0.0,0,0.0,0,0.0,0,30.83,0,116.0,0,13.74,0,-3.486,0,39.317,-76.586,45.0
2025-01-10 03:42:00,2025-01-10,2025-01-10 03:42:00,101.31,0,-2.717,0,0.03,51.81,0,0.218,0.251,0,0.001,4.836,0,4.788,0,313.1,0,8.13,0.0,0,0.0,0,0.0,0,0.0,20000.0,0,20000.0,0,0.0,0,0.0,0,0.0,0,0.0,0,30.83,0,116.0,0,13.74,0,-3.494,0,39.317,-76.586,45.0
2025-01-10 03:43:00,2025-01-10,2025-01-10 03:43:00,101.31,0,-2.705,0,0.043,51.84,0,0.232,0.251,0,0.002,3.752,0,3.6,0,295.8,0,16.28,0.0,0,0.0,0,0.0,0,0.0,20000.0,0,20000.0,0,0.0,0,0.0,0,0.0,0,0.0,0,30.83,0,116.0,0,13.74,0,-3.503,0,39.317,-76.586,45.0
2025-01-10 03:44:00,2025-01-10,2025-01-10 03:44:00,101.32,0,-2.718,0,0.02,51.93,0,0.227,0.251,0,0.001,4.175,0,4.083,0,305.8,0,12.03,0.0,0,0.0,0,0.0,0,0.0,20000.0,0,20000.0,0,0.0,0,0.0,0,0.0,0,0.0,0,30.83,0,116.0,0,13.74,0,-3.513,0,39.317,-76.586,45.0
2025-01-10 03:45:00,2025-01-10,2025-01-10 03:45:00,101.32,0,-2.738,0,0.026,51.97,0,0.232,0.251,0,0.001,4.287,0,4.177,0,306.1,0,12.99,0.0,0,0.0,0,0.0,0,0.0,20000.0,0,20000.0,0,0.0,0,0.0,0,0.0,0,0.0,0,30.83,0,116.0,0,13.74,0,-3.519,0,39.317,-76.586,45.0
2025-01-10 03:46:00,2025-01-10,2025-01-10 03:46:00,101.32,0,-2.729,0,0.03,52.02,0,0.235,0.251,0,0.001,2.963,0,2.892,0,310.8,0,12.57,0.0,0,0.0,0,0.0,0,0.0,20000.0,0,20000.0,0,0.0,0,0.0,0,0.0,0,0.0,0,30.83,0,116.0,0,13.74,0,-3.529,0,39.317,-76.586,45.0
2025-01-10 03:47:00,2025-01-10,2025-01-10 03:47:00,101.32,0,-2.784,0,0.024,52.27,0,0.225,0.251,0,0.001,3.6,0,3.457,0,314.4,0,16.11,0.0,0,0.0,0,0.0,0,0.0,20000.0,0,20000.0,0,0.0,0,0.0,0,0.0,0,0.0,0,30.83,0,116.0,0,13.74,0,-3.535,0,39.317,-76.586,45.0
2025-01-10 03:48:00,2025-01-10,2025-01-10 03:48:00,101.32,0,-2.803,0,0.021,52.28,0,0.22,0.251,0,0.001,3.567,0,3.474,0,312.1,0,13.08,0.0,0,0.0,0,0.0,0,0.0,20000.0,0,20000.0,0,0.0,0,0.0,0,0.0,0,0.0,0,30.83,0,116.0,0,13.74,0,-3.543,0,39.317,-76.586,45.0
2025-01-10 03:49:00,2025-01-10,2025-01-10 03:49:00,101.32,0,-2.819,0,0.029,52.33,0,0.234,0.251,0,0.001,3.77,0,3.683,0,313.4,0,12.28,0.0,0,0.0,0,0.0,0,0.0,20000.0,0,20000.0,0,0.0,0,0.0,0,0.0,0,0.0,0,30.83,0,116.0,0,13.74,0,-3.551,0,39.317,-76.586,45.0
2025-01-10 03:50:00,2025-01-10,2025-01-10 03:50:00,101.32,0,-2.836,0,0.033,52.47,0,0.228,0.251,0,0.001,3.742,0,3.539,0,316.1,0,18.86,0.0,0,0.0,0,0.0,0,0.0,20000.0,0,20000.0,0,0.0,0,0.0,0,0.0,0,0.0,0,30.83,0,116.0,0,13.74,0,-3.559,0,39.317,-76.586,45.0
2025-01-10 03:51:00,2025-01-10,2025-01-10 03:51:00,101.32,0,-2.79,0,0.027,52.26,0,0.223,0.251,0,0.001,2.899,0,2.871,0,312.2,0,8.04,0.0,0,0.0,0,0.0,0,0.0,20000.0,0,20000.0,0,0.0,0,0.0,0,0.0,0,0.0,0,30.83,0,116.0,0,13.74,0,-3.567,0,39.317,-76.586,45.0
2025-01-10 03:52:00,2025-01-10,2025-01-10 03:52:00,101.32,0,-2.773,0,0.032,52.16,0,0.216,0.251,0,0.001,3.097,0,3.017,0,311.8,0,13.0,0.0,0,0.0,0,0.0,0,0.0,20000.0,0,20000.0,0,0.0,0,0.0,0,0.0,0,0.0,0,30.83,0,116.0,0,13.74,0,-3.577,0,39.317,-76.586,45.0
2025-01-10 03:53:00,2025-01-10,2025-01-10 03:53:00,101.32,0,-2.811,0,0.051,52.13,0,0.244,0.25,0,0.002,3.801,0,3.693,0,300.7,0,13.64,0.0,0,0.0,0,0.0,0,0.0,20000.0,0,20000.0,0,0.0,0,0.0,0,0.0,0,0.0,0,30.83,0,116.0,0,13.75,0,-3.585,0,39.317,-76.586,45.0
2025-01-10 03:54:00,2025-01-10,2025-01-10 03:54:00,101.33,0,-2.878,0,0.028,52.41,0,0.234,0.25,0,0.001,3.531,0,3.487,0,305.3,0,9.02,0.0,0,0.0,0,0.0,0,0.0,20000.0,0,20000.0,0,0.0,0,0.0,0,0.0,0,0.0,0,30.83,0,116.0,0,13.75,0,-3.594,0,39.317,-76.586,45.0
2025-01-10 03:55:00,2025-01-10,2025-01-10 03:55:00,101.33,0,-2.891,0,0.025,52.74,0,0.238,0.251,0,0.001,5.05,0,4.946,0,304.9,0,11.65,0.0,0,0.0,0,0.0,0,0.0,20000.0,0,20000.0,0,0.0,0,0.0,0,0.0,0,0.0,0,30.83,0,116.0,0,13.75,0,-3.604,0,39.317,-76.586,45.0
2025-01-10 03:56:00,2025-01-10,2025-01-10 03:56:00,101.32,0,-2.798,0,0.053,52.48,0,0.285,0.252,0,0.001,6.109,0,6.029,0,302.8,0,9.26,0.0,0,0.0,0,0.0,0,0.0,20000.0,0,20000.0,0,0.0,0,0.0,0,0.0,0,0.0,0,30.83,0,116.0,0,13.75,0,-3.615,0,39.317,-76.586,45.0
2025-01-10 03:57:00,2025-01-10,2025-01-10 03:57:00,101.34,0,-2.685,0,0.044,52.01,0,0.239,0.252,0,0.001,3.815,0,3.755,0,310.4,0,10.23,0.0,0,0.0,0,0.0,0,0.0,20000.0,0,20000.0,0,0.0,0,0.0,0,0.0,0,0.0,0,30.83,0,116.0,0,13.75,0,-3.623,0,39.317,-76.586,45.0
2025-01-10 03:58:00,2025-01-10,2025-01-10 03:58:00,101.33,0,-2.736,0,0.025,52.01,0,0.225,0.251,0,0.001,3.979,0,3.894,0,310.5,0,11.79,0.0,0,0.0,0,0.0,0,0.0,20000.0,0,20000.0,0,0.0,0,0.0,0,0.0,0,0.0,0,30.83,0,116.0,0,13.75,0,-3.631,0,39.317,-76.586,45.0
2025-01-10 03:59:00,2025-01-10,2025-01-10 03:59:00,101.34,0,-2.702,0,0.057,51.8,0,0.229,0.251,0,0.002,2.695,0,2.565,0,305.1,0,17.81,0.0,0,0.0,0,0.0,0,0.0,20000.0,0,20000.0,0,0.0,0,0.0,0,0.0,0,0.0,0,30.83,0,116.0,0,13.75,0,-3.639,0,39.317,-76.586,45.0
2025-01-10 04:00:00,2025-01-10,2025-01-10 04:00:00,101.34,0,-2.847,0,0.076,52.24,0,0.338,0.25,0,0.001,3.348,0,3.297,0,303.9,0,10.02,0.0,0,0.0,0,0.0,0,0.0,20000.0,0,20000.0,0,0.0,0,0.0,0,0.0,0,0.0,0,30.83,0,116.0,0,13.75,0,-3.647,0,39.317,-76.586,45.0
2025-01-10 04:01:00,2025-01-10,2025-01-10 04:01:00,101.33,0,-2.897,0,0.038,52.7,0,0.225,0.251,0,0.001,4.265,0,4.198,0,310.2,0,10.15,0.0,0,0.0,0,0.0,0,0.0,20000.0,0,20000.0,0,0.0,0,0.0,0,0.0,0,0.0,0,30.83,0,116.0,0,13.75,0,-3.655,0,39.317,-76.586,45.0
2025-01-10 04:02:00,2025-01-10,2025-01-10 04:02:00,101.34,0,-2.817,0,0.025,52.57,0,0.241,0.252,0,0.001,3.133,0,3.014,0,304.3,0,15.77,0.0,0,0.0,0,0.0,0,0.0,20000.0,0,20000.0,0,0.0,0,0.0,0,0.0,0,0.0,0,30.83,0,116.0,0,13.75,0,-3.663,0,39.317,-76.586,45.0
2025-01-10 04:03:00,2025-01-10,2025-01-10 04:03:00,101.33,0,-2.785,0,0.046,52.31,0,0.239,0.252,0,0.002,3.856,0,3.775,0,310.5,0,11.73,0.0,0,0.0,0,0.0,0,0.0,20000.0,0,20000.0,0,0.0,0,0.0,0,0.0,0,0.0,0,30.83,0,116.0,0,13.75,0,-3.671,0,39.317,-76.586,45.0
2025-01-10 04:04:00,2025-01-10,2025-01-10 04:04:00,101.33,0,-2.746,0,0.027,52.04,0,0.211,0.251,0,0.001,5.021,0,4.883,0,296.7,0,13.4,0.0,0,0.0,0,0.0,0,0.0,20000.0,0,20000.0,0,0.0,0,0.0,0,0.0,0,0.0,0,30.83,0,116.0,0,13.75,0,-3.676,0,39.317,-76.586,45.0
2025-01-10 04:05:00,2025-01-10,2025-01-10 04:05:00,101.33,0,-2.745,0,0.027,51.93,0,0.223,0.251,0,0.001,4.991,0,4.847,0,296.7,0,13.78,0.0,0,0.0,0,0.0,0,0.0,20000.0,0,20000.0,0,0.0,0,0.0,0,0.0,0,0.0,0,30.83,0,116.0,0,13.75,0,-3.687,0,39.317,-76.586,45.0
2025-01-10 04:06:00,2025-01-10,2025-01-10 04:06:00,101.34,0,-2.728,0,0.026,51.79,0,0.234,0.25,0,0.001,4.036,0,3.892,0,309.0,0,15.29,0.0,0,0.0,0,0.0,0,0.0,20000.0,0,20000.0,0,0.0,0,0.0,0,0.0,0,0.0,0,30.83,0,116.0,0,13.75,0,-3.693,0,39.317,-76.586,45.0
2025-01-10 04:07:00,2025-01-10,2025-01-10 04:07:00,101.34,0,-2.761,0,0.027,51.88,0,0.235,0.25,0,0.001,3.858,0,3.708,0,309.9,0,15.94,0.0,0,0.0,0,0.0,0,0.0,20000.0,0,20000.0,0,0.0,0,0.0,0,0.0,0,0.0,0,30.83,0,116.0,0,13.75,0,-3.7,0,39.317,-76.586,45.0
2025-01-10 04:08:00,2025-01-10,2025-01-10 04:08:00,101.34,0,-2.748,0,0.047,51.91,0,0.231,0.251,0,0.001,3.615,0,3.495,0,301.5,0,14.72,0.0,0,0.0,0,0.0,0,0.0,20000.0,0,20000.0,0,0.0,0,0.0,0,0.0,0,0.0,0,30.83,0,116.0,0,13.75,0,-3.706,0,39.317,-76.586,45.0
2025-01-10 04:09:00,2025-01-10,2025-01-10 04:09:00,101.34,0,-2.871,0,0.026,52.4,0,0.27,0.25,0,0.001,4.653,0,4.56,0,308.7,0,11.49,0.0,0,0.0,0,0.0,0,0.0,20000.0,0,20000.0,0,0.0,0,0.0,0,0.0,0,0.0,0,30.83,0,116.0,0,13.75,0,-3.714,0,39.317,-76.586,45.0
2025-01-10 04:10:00,2025-01-10,2025-01-10 04:10:00,101.34,0,-2.809,0,0.028,52.5,0,0.227,0.252,0,0.001,3.373,0,3.252,0,294.2,0,15.34,0.0,0,0.0,0,0.0,0,0.0,20000.0,0,20000.0,0,0.0,0,0.0,0,0.0,0,0.0,0,30.83,0,116.0,0,13.75,0,-3.719,0,39.317,-76.586,45.0
2025-01-10 04:11:00,2025-01-10,2025-01-10 04:11:00,101.35,0,-2.885,0,0.043,52.67,0,0.251,0.251,0,0.001,2.661,0,2.592,0,301.1,0,13.01,0.0,0,0.0,0,0.0,0,0.0,20000.0,0,20000.0,0,0.0,0,0.0,0,0.0,0,0.0,0,30.83,0,116.0,0,13.75,0,-3.727,0,39.317,-76.586,45.0
2025-01-10 04:12:00,2025-01-10,2025-01-10 04:12:00,101.35,0,-3.001,0,0.03,53.25,0,0.249,0.252,0,0.001,4.302,0,4.249,0,298.1,0,9.02,0.0,0,0.0,0,0.0,0,0.0,20000.0,0,20000.0,0,0.0,0,0.0,0,0.0,0,0.0,0,30.83,0,116.0,0,13.75,0,-3.732,0,39.317,-76.586,45.0
2025-01-10 04:13:00,2025-01-10,2025-01-10 04:13:00,101.34,0,-2.917,0,0.041,53.18,0,0.235,0.253,0,0.001,5.436,0,5.345,0,295.8,0,10.48,0.0,0,0.0,0,0.0,0,0.0,20000.0,0,20000.0,0,0.0,0,0.0,0,0.0,0,0.0,0,30.83,0,116.0,0,13.75,0,-3.741,0,39.317,-76.586,45.0
2025-01-10 04:14:00,2025-01-10,2025-01-10 04:14:00,101.35,0,-2.789,0,0.036,52.66,0,0.27,0.253,0,0.001,6.318,0,6.156,0,311.4,0,12.97,0.0,0,0.0,0,0.0,0,0.0,20000.0,0,20000.0,0,0.0,0,0.0,0,0.0,0,0.0,0,30.83,0,116.0,0,13.75,0,-3.746,0,39.317,-76.586,45.0
2025-01-10 04:15:00,2025-01-10,2025-01-10 04:15:00,101.35,0,-2.726,0,0.027,52.19,0,0.23,0.252,0,0.001,3.85,0,3.759,0,299.8,0,12.46,0.0,0,0.0,0,0.0,0,0.0,20000.0,0,20000.0,0,0.0,0,0.0,0,0.0,0,0.0,0,30.83,0,116.0,0,13.75,0,-3.754,0,39.317,-76.586,45.0
2025-01-10 04:16:00,2025-01-10,2025-01-10 04:16:00,101.35,0,-2.805,0,0.036,52.29,0,0.209,0.251,0,0.001,4.711,0,4.615,0,301.3,0,11.51,0.0,0,0.0,0,0.0,0,0.0,20000.0,0,20000.0,0,0.0,0,0.0,0,0.0,0,0.0,0,30.83,0,116.0,0,13.75,0,-3.762,0,39.317,-76.586,45.0
2025-01-10 04:17:00,2025-01-10,2025-01-10 04:17:00,101.35,0,-2.815,0,0.036,52.34,0,0.214,0.251,0,0.001,4.052,0,3.936,0,293.3,0,13.72,0.0,0,0.0,0,0.0,0,0.0,20000.0,0,20000.0,0,0.0,0,0.0,0,0.0,0,0.0,0,30.83,0,116.0,0,13.75,0,-3.767,0,39.317,-76.586,45.0
2025-01-10 04:18:00,2025-01-10,2025-01-10 04:18:00,101.35,0,-2.834,0,0.032,52.42,0,0.218,0.251,0,0.001,4.898,0,4.712,0,316.1,0,15.78,0.0,0,0.0,0,0.0,0,0.0,20000.0,0,20000.0,0,0.0,0,0.0,0,0.0,0,0.0,0,30.83,0,116.0,0,13.75,0,-3.775,0,39.317,-76.586,45.0
2025-01-10 04:19:00,2025-01-10,2025-01-10 04:19:00,101.35,0,-2.82,0,0.041,52.46,0,0.224,0.252,0,0.002,4.155,0,4.014,0,299.0,0,14.93,0.0,0,0.0,0,0.0,0,0.0,20000.0,0,20000.0,0,0.0,0,0.0,0,0.0,0,0.0,0,30.83,0,116.0,0,13.75,0,-3.778,0,39.317,-76.586,45.0
2025-01-10 04:20:00,2025-01-10,2025-01-10 04:20:00,101.35,0,-2.894,0,0.041,52.5,0,0.222,0.25,0,0.001,3.182,0,3.046,0,287.8,0,16.72,0.0,0,0.0,0,0.0,0,0.0,20000.0,0,20000.0,0,0.0,0,0.0,0,0.0,0,0.0,0,30.83,0,116.0,0,13.75,0,-3.786,0,39.317,-76.586,45.0
2025-01-10 04:21:00,2025-01-10,2025-01-10 04:21:00,101.35,0,-2.959,0,0.028,52.67,0,0.233,0.25,0,0.001,4.593,0,4.463,0,296.3,0,13.61,0.0,0,0.0,0,0.0,0,0.0,20000.0,0,20000.0,0,0.0,0,0.0,0,0.0,0,0.0,0,30.83,0,116.0,0,13.76,0,-3.791,0,39.317,-76.586,45.0
2025-01-10 04:22:00,2025-01-10,2025-01-10 04:22:00,101.35,0,-2.953,0,0.024,52.85,0,0.236,0.251,0,0.001,3.316,0,3.258,0,299.1,0,10.66,0.0,0,0.0,0,0.0,0,0.0,20000.0,0,20000.0,0,0.0,0,0.0,0,0.0,0,0.0,0,30.83,0,116.0,0,13.75,0,-3.797,0,39.317,-76.586,45.0
2025-01-10 04:23:00,2025-01-10,2025-01-10 04:23:00,101.36,0,-2.953,0,0.029,53.09,0,0.216,0.252,0,0.001,3.729,0,3.648,0,294.0,0,11.96,0.0,0,0.0,0,0.0,0,0.0,20000.0,0,20000.0,0,0.0,0,0.0,0,0.0,0,0.0,0,30.83,0,116.0,0,13.75,0,-3.802,0,39.317,-76.586,45.0
2025-01-10 04:24:00,2025-01-10,2025-01-10 04:24:00,101.37,0,-2.938,0,0.027,53.15,0,0.207,0.252,0,0.001,3.566,0,3.489,0,299.6,0,11.9,0.0,0,0.0,0,0.0,0,0.0,20000.0,0,20000.0,0,0.0,0,0.0,0,0.0,0,0.0,0,30.83,0,116.0,0,13.75,0,-3.81,0,39.317,-76.586,45.0
2025-01-10 04:25:00,2025-01-10,2025-01-10 04:25:00,101.36,0,-2.941,0,0.022,53.07,0,0.232,0.252,0,0.001,5.512,0,5.348,0,297.3,0,14.01,0.0,0,0.0,0,0.0,0,0.0,20000.0,0,20000.0,0,0.0,0,0.0,0,0.0,0,0.0,0,30.83,0,116.0,0,13.75,0,-3.816,0,39.317,-76.586,45.0
2025-01-10 04:26:00,2025-01-10,2025-01-10 04:26:00,101.36,0,-2.886,0,0.025,52.79,0,0.246,0.252,0,0.001,5.011,0,4.923,0,295.5,0,10.76,0.0,0,0.0,0,0.0,0,0.0,20000.0,0,20000.0,0,0.0,0,0.0,0,0.0,0,0.0,0,30.83,0,116.0,0,13.75,0,-3.821,0,39.317,-76.586,45.0
2025-01-10 04:27:00,2025-01-10,2025-01-10 04:27:00,101.36,0,-2.87,0,0.026,52.59,0,0.219,0.251,0,0.001,4.613,0,4.438,0,306.1,0,15.75,0.0,0,0.0,0,0.0,0,0.0,20000.0,0,20000.0,0,0.0,0,0.0,0,0.0,0,0.0,0,30.83,0,116.0,0,13.75,0,-3.826,0,39.317,-76.586,45.0
2025-01-10 04:28:00,2025-01-10,2025-01-10 04:28:00,101.36,0,-2.846,0,0.029,52.42,0,0.226,0.251,0,0.001,3.36,0,3.271,0,305.6,0,13.14,0.0,0,0.0,0,0.0,0,0.0,20000.0,0,20000.0,0,0.0,0,0.0,0,0.0,0,0.0,0,30.83,0,116.0,0,13.75,0,-3.832,0,39.317,-76.586,45.0
2025-01-10 04:29:00,2025-01-10,2025-01-10 04:29:00,101.35,0,-2.945,0,0.036,52.7,0,0.23,0.25,0,0.001,4.841,0,4.589,0,294.0,0,18.49,0.0,0,0.0,0,0.0,0,0.0,20000.0,0,20000.0,0,0.0,0,0.0,0,0.0,0,0.0,0,30.83,0,116.0,0,13.75,0,-3.837,0,39.317,-76.586,45.0
2025-01-10 04:30:00,2025-01-10,2025-01-10 04:30:00,101.35,0,-2.915,0,0.024,52.72,0,0.241,0.251,0,0.001,3.564,0,3.462,0,302.9,0,13.68,0.0,0,0.0,0,0.0,0,0.0,20000.0,0,20000.0,0,0.0,0,0.0,0,0.0,0,0.0,0,30.83,0,116.0,0,13.75,0,-3.842,0,39.317,-76.586,45.0
2025-01-10 04:31:00,2025-01-10,2025-01-10 04:31:00,101.35,0,-2.91,0,0.029,52.62,0,0.218,0.25,0,0.001,4.593,0,4.514,0,301.6,0,10.65,0.0,0,0.0,0,0.0,0,0.0,20000.0,0,20000.0,0,0.0,0,0.0,0,0.0,0,0.0,0,30.83,0,116.0,0,13.75,0,-3.845,0,39.317,-76.586,45.0
2025-01-10 04:32:00,2025-01-10,2025-01-10 04:32:00,101.35,0,-2.913,0,0.046,52.68,0,0.22,0.251,0,0.001,5.003,0,4.884,0,307.4,0,12.49,0.0,0,0.0,0,0.0,0,0.0,20000.0,0,20000.0,0,0.0,0,0.0,0,0.0,0,0.0,0,30.83,0,116.0,0,13.75,0,-3.85,0,39.317,-76.586,45.0
2025-01-10 04:33:00,2025-01-10,2025-01-10 04:33:00,101.35,0,-2.886,0,0.021,52.57,0,0.214,0.251,0,0.001,3.564,0,3.52,0,298.0,0,8.98,0.0,0,0.0,0,0.0,0,0.0,20000.0,0,20000.0,0,0.0,0,0.0,0,0.0,0,0.0,0,30.83,0,116.0,0,13.75,0,-3.855,0,39.317,-76.586,45.0
2025-01-10 04:34:00,2025-01-10,2025-01-10 04:34:00,101.35,0,-2.908,0,0.023,52.59,0,0.231,0.25,0,0.001,3.223,0,3.084,0,295.6,0,16.82,0.0,0,0.0,0,0.0,0,0.0,20000.0,0,20000.0,0,0.0,0,0.0,0,0.0,0,0.0,0,30.83,0,116.0,0,13.75,0,-3.861,0,39.317,-76.586,45.0
2025-01-10 04:35:00,2025-01-10,2025-01-10 04:35:00,101.35,0,-2.959,0,0.041,52.75,0,0.202,0.25,0,0.001,4.895,0,4.759,0,303.8,0,13.52,0.0,0,0.0,0,0.0,0,0.0,20000.0,0,20000.0,0,0.0,0,0.0,0,0.0,0,0.0,0,30.83,0,116.0,0,13.75,0,-3.864,0,39.317,-76.586,45.0
2025-01-10 04:36:00,2025-01-10,2025-01-10 04:36:00,101.35,0,-2.954,0,0.053,52.87,0,0.227,0.251,0,0.002,3.967,0,3.929,0,301.6,0,7.987,0.0,0,0.0,0,0.0,0,0.0,20000.0,0,20000.0,0,0.0,0,0.0,0,0.0,0,0.0,0,30.83,0,116.0,0,13.75,0,-3.869,0,39.317,-76.586,45.0
2025-01-10 04:37:00,2025-01-10,2025-01-10 04:37:00,101.35,0,-2.963,0,0.033,53.02,0,0.244,0.251,0,0.001,4.129,0,4.061,0,296.9,0,10.39,0.0,0,0.0,0,0.0,0,0.0,20000.0,0,20000.0,0,0.0,0,0.0,0,0.0,0,0.0,0,30.83,0,116.0,0,13.76,0,-3.874,0,39.317,-76.586,45.0
2025-01-10 04:38:00,2025-01-10,2025-01-10 04:38:00,101.35,0,-3.019,0,0.025,53.25,0,0.218,0.251,0,0.001,4.083,0,4.025,0,308.6,0,9.64,0.0,0,0.0,0,0.0,0,0.0,20000.0,0,20000.0,0,0.0,0,0.0,0,0.0,0,0.0,0,30.83,0,116.0,0,13.75,0,-3.88,0,39.317,-76.586,45.0
2025-01-10 04:39:00,2025-01-10,2025-01-10 04:39:00,101.33,0,-3.117,0,0.035,53.5,0,0.212,0.25,0,0.001,5.421,0,5.118,0,292.2,0,19.14,0.0,0,0.0,0,0.0,0,0.0,20000.0,0,20000.0,0,0.0,0,0.0,0,0.0,0,0.0,0,30.83,0,116.0,0,13.75,0,-3.885,0,39.317,-76.586,45.0
2025-01-10 04:40:00,2025-01-10,2025-01-10 04:40:00,101.34,0,-3.031,0,0.042,53.44,0,0.227,0.252,0,0.001,5.076,0,4.873,0,307.8,0,16.2,0.0,0,0.0,0,0.0,0,0.0,20000.0,0,20000.0,0,0.0,0,0.0,0,0.0,0,0.0,0,30.83,0,116.0,0,13.75,0,-3.891,0,39.317,-76.586,45.0
2025-01-10 04:41:00,2025-01-10,2025-01-10 04:41:00,101.34,0,-2.973,0,0.031,53.24,0,0.22,0.252,0,0.001,4.132,0,4.039,0,301.4,0,12.18,0.0,0,0.0,0,0.0,0,0.0,20000.0,0,20000.0,0,0.0,0,0.0,0,0.0,0,0.0,0,30.83,0,116.0,0,13.76,0,-3.896,0,39.317,-76.586,45.0
2025-01-10 04:42:00,2025-01-10,2025-01-10 04:42:00,101.34,0,-2.998,0,0.023,53.22,0,0.21,0.251,0,0.001,4.462,0,4.112,0,314.2,0,22.68,0.0,0,0.0,0,0.0,0,0.0,20000.0,0,20000.0,0,0.0,0,0.0,0,0.0,0,0.0,0,30.83,0,116.0,0,13.75,0,-3.904,0,39.317,-76.586,45.0
2025-01-10 04:43:00,2025-01-10,2025-01-10 04:43:00,101.34,0,-2.978,0,0.048,53.02,0,0.231,0.251,0,0.002,2.702,0,2.615,0,305.8,0,14.5,0.0,0,0.0,0,0.0,0,0.0,20000.0,0,20000.0,0,0.0,0,0.0,0,0.0,0,0.0,0,30.83,0,116.0,0,13.75,0,-3.907,0,39.317,-76.586,45.0
2025-01-10 04:44:00,2025-01-10,2025-01-10 04:44:00,101.34,0,-3.133,0,0.026,53.47,0,0.216,0.25,0,0.001,4.34,0,4.196,0,312.6,0,14.72,0.0,0,0.0,0,0.0,0,0.0,20000.0,0,20000.0,0,0.0,0,0.0,0,0.0,0,0.0,0,30.83,0,116.0,0,13.76,0,-3.912,0,39.317,-76.586,45.0
2025-01-10 04:45:00,2025-01-10,2025-01-10 04:45:00,101.33,0,-3.12,0,0.028,53.69,0,0.237,0.251,0,0.001,3.023,0,2.933,0,305.4,0,13.99,0.0,0,0.0,0,0.0,0,0.0,20000.0,0,20000.0,0,0.0,0,0.0,0,0.0,0,0.0,0,30.83,0,116.0,0,13.76,0,-3.917,0,39.317,-76.586,45.0
2025-01-10 04:46:00,2025-01-10,2025-01-10 04:46:00,101.32,0,-3.109,0,0.027,53.69,0,0.194,0.251,0,0.001,5.174,0,5.037,0,314.1,0,13.18,0.0,0,0.0,0,0.0,0,0.0,20000.0,0,20000.0,0,0.0,0,0.0,0,0.0,0,0.0,0,30.83,0,116.0,0,13.75,0,-3.923,0,39.317,-76.586,45.0
2025-01-10 04:47:00,2025-01-10,2025-01-10 04:47:00,101.31,0,-3.012,0,0.039,53.38,0,0.257,0.252,0,0.001,4.322,0,4.232,0,297.7,0,11.67,0.0,0,0.0,0,0.0,0,0.0,20000.0,0,20000.0,0,0.0,0,0.0,0,0.0,0,0.0,0,30.83,0,116.0,0,13.76,0,-3.928,0,39.317,-76.586,45.0
2025-01-10 04:48:00,2025-01-10,2025-01-10 04:48:00,101.31,0,-2.974,0,0.03,53.0,0,0.231,0.251,0,0.001,4.121,0,4.011,0,301.4,0,13.24,0.0,0,0.0,0,0.0,0,0.0,20000.0,0,20000.0,0,0.0,0,0.0,0,0.0,0,0.0,0,30.83,0,116.0,0,13.76,0,-3.933,0,39.317,-76.586,45.0
2025-01-10 04:49:00,2025-01-10,2025-01-10 04:49:00,101.31,0,-3.051,0,0.03,53.0,0,0.236,0.249,0,0.001,4.361,0,4.288,0,300.5,0,10.46,0.0,0,0.0,0,0.0,0,0.0,20000.0,0,20000.0,0,0.0,0,0.0,0,0.0,0,0.0,0,30.83,0,116.0,0,13.76,0,-3.939,0,39.317,-76.586,45.0
2025-01-10 04:50:00,2025-01-10,2025-01-10 04:50:00,101.3,0,-3.096,0,0.04,53.21,0,0.244,0.249,0,0.001,5.637,0,5.467,0,309.2,0,14.06,0.0,0,0.0,0,0.0,0,0.0,20000.0,0,20000.0,0,0.0,0,0.0,0,0.0,0,0.0,0,30.83,0,116.0,0,13.76,0,-3.942,0,39.317,-76.586,45.0
2025-01-10 04:51:00,2025-01-10,2025-01-10 04:51:00,101.3,0,-3.083,0,0.045,53.38,0,0.218,0.25,0,0.002,4.124,0,3.844,0,320.4,0,21.12,0.0,0,0.0,0,0.0,0,0.0,20000.0,0,20000.0,0,0.0,0,0.0,0,0.0,0,0.0,0,30.83,0,116.0,0,13.76,0,-3.949,0,39.317,-76.586,45.0
2025-01-10 04:52:00,2025-01-10,2025-01-10 04:52:00,101.3,0,-3.073,0,0.027,53.32,0,0.225,0.25,0,0.001,5.656,0,5.591,0,304.0,0,8.7,0.0,0,0.0,0,0.0,0,0.0,20000.0,0,20000.0,0,0.0,0,0.0,0,0.0,0,0.0,0,30.83,0,116.0,0,13.76,0,-3.955,0,39.317,-76.586,45.0
2025-01-10 04:53:00,2025-01-10,2025-01-10 04:53:00,101.3,0,-3.033,0,0.026,53.27,0,0.224,0.251,0,0.001,5.08,0,5.0,0,319.5,0,10.16,0.0,0,0.0,0,0.0,0,0.0,20000.0,0,20000.0,0,0.0,0,0.0,0,0.0,0,0.0,0,30.83,0,116.0,0,13.76,0,-3.96,0,39.317,-76.586,45.0
2025-01-10 04:54:00,2025-01-10,2025-01-10 04:54:00,101.3,0,-2.978,0,0.037,53.07,0,0.236,0.251,0,0.001,5.437,0,5.334,0,302.4,0,11.17,0.0,0,0.0,0,0.0,0,0.0,20000.0,0,20000.0,0,0.0,0,0.0,0,0.0,0,0.0,0,30.83,0,116.0,0,13.76,0,-3.966,0,39.317,-76.586,45.0
2025-01-10 04:55:00,2025-01-10,2025-01-10 04:55:00,101.29,0,-2.923,0,0.022,52.77,0,0.237,0.251,0,0.001,4.965,0,4.917,0,304.0,0,8.02,0.0,0,0.0,0,0.0,0,0.0,20000.0,0,20000.0,0,0.0,0,0.0,0,0.0,0,0.0,0,30.83,0,116.0,0,13.76,0,-3.968,0,39.317,-76.586,45.0
2025-01-10 04:56:00,2025-01-10,2025-01-10 04:56:00,101.29,0,-2.953,0,0.052,52.73,0,0.268,0.25,0,0.002,4.735,0,4.685,0,309.5,0,8.29,0.0,0,0.0,0,0.0,0,0.0,20000.0,0,20000.0,0,0.0,0,0.0,0,0.0,0,0.0,0,30.83,0,116.0,0,13.76,0,-3.974,0,39.317,-76.586,45.0
2025-01-10 04:57:00,2025-01-10,2025-01-10 04:57:00,101.28,0,-3.07,0,0.031,53.14,0,0.221,0.25,0,0.001,5.766,0,5.447,0,315.2,0,19.03,0.0,0,0.0,0,0.0,0,0.0,20000.0,0,20000.0,0,0.0,0,0.0,0,0.0,0,0.0,0,30.83,0,116.0,0,13.76,0,-3.976,0,39.317,-76.586,45.0
2025-01-10 04:58:00,2025-01-10,2025-01-10 04:58:00,101.29,0,-3.018,0,0.032,53.04,0,0.221,0.25,0,0.001,4.998,0,4.947,0,306.4,0,8.19,0.0,0,0.0,0,0.0,0,0.0,20000.0,0,20000.0,0,0.0,0,0.0,0,0.0,0,0.0,0,30.83,0,116.0,0,13.76,0,-3.979,0,39.317,-76.586,45.0
2025-01-10 04:59:00,2025-01-10,2025-01-10 04:59:00,101.29,0,-3.007,0,0.04,53.02,0,0.236,0.25,0,0.001,4.952,0,4.897,0,304.0,0,8.57,0.0,0,0.0,0,0.0,0,0.0,20000.0,0,20000.0,0,0.0,0,0.0,0,0.0,0,0.0,0,30.83,0,116.0,0,13.76,0,-3.982,0,39.317,-76.586,45.0
2025-01-10 05:00:00,2025-01-10,2025-01-10 05:00:00,101.29,0,-2.954,0,0.028,52.8,0,0.21,0.25,0,0.001,3.717,0,3.66,0,306.0,0,10.04,0.0,0,0.0,0,0.0,0,0.0,20000.0,0,20000.0,0,0.0,0,0.0,0,0.0,0,0.0,0,30.83,0,116.0,0,13.76,0,-3.987,0,39.317,-76.586,45.0
2025-01-10 05:01:00,2025-01-10,2025-01-10 05:01:00,101.29,0,-3.032,0,0.036,53.01,0,0.23,0.25,0,0.001,4.947,0,4.844,0,308.2,0,11.69,0.0,0,0.0,0,0.0,0,0.0,20000.0,0,20000.0,0,0.0,0,0.0,0,0.0,0,0.0,0,30.83,0,116.0,0,13.76,0,-3.99,0,39.317,-76.586,45.0
2025-01-10 05:02:00,2025-01-10,2025-01-10 05:02:00,101.29,0,-3.102,0,0.038,53.23,0,0.228,0.249,0,0.001,3.99,0,3.921,0,307.5,0,10.65,0.0,0,0.0,0,0.0,0,0.0,20000.0,0,20000.0,0,0.0,0,0.0,0,0.0,0,0.0,0,30.83,0,116.0,0,13.76,0,-3.992,0,39.317,-76.586,45.0
2025-01-10 05:03:00,2025-01-10,2025-01-10 05:03:00,101.29,0,-3.193,0,0.025,53.59,0,0.226,0.249,0,0.001,3.956,0,3.906,0,310.2,0,9.06,0.0,0,0.0,0,0.0,0,0.0,20000.0,0,20000.0,0,0.0,0,0.0,0,0.0,0,0.0,0,30.83,0,116.0,0,13.76,0,-3.995,0,39.317,-76.586,45.0
2025-01-10 05:04:00,2025-01-10,2025-01-10 05:04:00,101.29,0,-3.19,0,0.028,53.78,0,0.218,0.25,0,0.001,4.069,0,3.965,0,317.9,0,12.94,0.0,0,0.0,0,0.0,0,0.0,20000.0,0,20000.0,0,0.0,0,0.0,0,0.0,0,0.0,0,30.83,0,116.0,0,13.76,0,-3.998,0,39.317,-76.586,45.0
2025-01-10 05:05:00,2025-01-10,2025-01-10 05:05:00,101.29,0,-3.194,0,0.024,53.87,0,0.228,0.25,0,0.001,3.601,0,3.497,0,309.4,0,13.81,0.0,0,0.0,0,0.0,0,0.0,20000.0,0,20000.0,0,0.0,0,0.0,0,0.0,0,0.0,0,30.83,0,116.0,0,13.76,0,-4.0,0,39.317,-76.586,45.0
2025-01-10 05:06:00,2025-01-10,2025-01-10 05:06:00,101.29,0,-3.205,0,0.054,53.91,0,0.217,0.25,0,0.001,3.77,0,3.669,0,308.5,0,13.21,0.0,0,0.0,0,0.0,0,0.0,20000.0,0,20000.0,0,0.0,0,0.0,0,0.0,0,0.0,0,30.83,0,116.0,0,13.76,0,-4.006,0,39.317,-76.586,45.0
2025-01-10 05:07:00,2025-01-10,2025-01-10 05:07:00,101.29,0,-3.214,0,0.023,53.9,0,0.209,0.25,0,0.001,4.843,0,4.67,0,314.9,0,15.29,0.0,0,0.0,0,0.0,0,0.0,20000.0,0,20000.0,0,0.0,0,0.0,0,0.0,0,0.0,0,30.83,0,116.0,0,13.76,0,-4.011,0,39.317,-76.586,45.0
2025-01-10 05:08:00,2025-01-10,2025-01-10 05:08:00,101.28,0,-3.183,0,0.041,53.82,0,0.233,0.25,0,0.001,6.012,0,5.862,0,313.9,0,12.81,0.0,0,0.0,0,0.0,0,0.0,20000.0,0,20000.0,0,0.0,0,0.0,0,0.0,0,0.0,0,30.83,0,116.0,0,13.76,0,-4.014,0,39.317,-76.586,45.0
2025-01-10 05:09:00,2025-01-10,2025-01-10 05:09:00,101.29,0,-3.11,0,0.026,53.5,0,0.235,0.25,0,0.001,4.173,0,4.065,0,319.0,0,13.02,0.0,0,0.0,0,0.0,0,0.0,20000.0,0,20000.0,0,0.0,0,0.0,0,0.0,0,0.0,0,30.83,0,116.0,0,13.76,0,-4.019,0,39.317,-76.586,45.0
2025-01-10 05:10:00,2025-01-10,2025-01-10 05:10:00,101.28,0,-3.131,0,0.036,53.41,0,0.215,0.25,0,0.001,4.379,0,4.304,0,312.5,0,10.58,0.0,0,0.0,0,0.0,0,0.0,20000.0,0,20000.0,0,0.0,0,0.0,0,0.0,0,0.0,0,30.83,0,116.0,0,13.76,0,-4.025,0,39.317,-76.586,45.0
2025-01-10 05:11:00,2025-01-10,2025-01-10 05:11:00,101.28,0,-3.147,0,0.026,53.44,0,0.198,0.249,0,0.001,4.381,0,4.321,0,316.0,0,9.43,0.0,0,0.0,0,0.0,0,0.0,20000.0,0,20000.0,0,0.0,0,0.0,0,0.0,0,0.0,0,30.83,0,116.0,0,13.76,0,-4.03,0,39.317,-76.586,45.0
2025-01-10 05:12:00,2025-01-10,2025-01-10 05:12:00,101.27,0,-3.122,0,0.036,53.43,0,0.232,0.25,0,0.001,6.084,0,5.941,0,308.4,0,12.44,0.0,0,0.0,0,0.0,0,0.0,20000.0,0,20000.0,0,0.0,0,0.0,0,0.0,0,0.0,0,30.83,0,116.0,0,13.76,0,-4.035,0,39.317,-76.586,45.0
2025-01-10 05:13:00,2025-01-10,2025-01-10 05:13:00,101.27,0,-3.112,0,0.033,53.29,0,0.212,0.249,0,0.001,4.725,0,4.569,0,313.3,0,14.71,0.0,0,0.0,0,0.0,0,0.0,20000.0,0,20000.0,0,0.0,0,0.0,0,0.0,0,0.0,0,30.83,0,116.0,0,13.76,0,-4.041,0,39.317,-76.586,45.0
2025-01-10 05:14:00,2025-01-10,2025-01-10 05:14:00,101.26,0,-3.136,0,0.031,53.35,0,0.229,0.249,0,0.001,5.428,0,5.29,0,306.6,0,12.9,0.0,0,0.0,0,0.0,0,0.0,20000.0,0,20000.0,0,0.0,0,0.0,0,0.0,0,0.0,0,30.83,0,116.0,0,13.76,0,-4.043,0,39.317,-76.586,45.0
2025-01-10 05:15:00,2025-01-10,2025-01-10 05:15:00,101.26,0,-3.187,0,0.037,53.54,0,0.248,0.249,0,0.001,5.13,0,5.017,0,313.5,0,12.05,0.0,0,0.0,0,0.0,0,0.0,20000.0,0,20000.0,0,0.0,0,0.0,0,0.0,0,0.0,0,30.83,0,116.0,0,13.76,0,-4.049,0,39.317,-76.586,45.0
2025-01-10 05:16:00,2025-01-10,2025-01-10 05:16:00,101.26,0,-3.196,0,0.046,53.79,0,0.205,0.25,0,0.001,5.217,0,5.147,0,311.8,0,9.36,0.0,0,0.0,0,0.0,0,0.0,20000.0,0,20000.0,0,0.0,0,0.0,0,0.0,0,0.0,0,30.83,0,116.0,0,13.76,0,-4.051,0,39.317,-76.586,45.0
2025-01-10 05:17:00,2025-01-10,2025-01-10 05:17:00,101.26,0,-3.167,0,0.053,53.67,0,0.217,0.25,0,0.002,4.497,0,4.383,0,313.1,0,12.89,0.0,0,0.0,0,0.0,0,0.0,20000.0,0,20000.0,0,0.0,0,0.0,0,0.0,0,0.0,0,30.83,0,116.0,0,13.76,0,-4.057,0,39.317,-76.586,45.0
2025-01-10 05:18:00,2025-01-10,2025-01-10 05:18:00,101.26,0,-3.254,0,0.04,54.02,0,0.25,0.25,0,0.001,3.936,0,3.833,0,311.0,0,13.11,0.0,0,0.0,0,0.0,0,0.0,20000.0,0,20000.0,0,0.0,0,0.0,0,0.0,0,0.0,0,30.83,0,116.0,0,13.76,0,-4.062,0,39.317,-76.586,45.0
2025-01-10 05:19:00,2025-01-10,2025-01-10 05:19:00,101.26,0,-3.37,0,0.036,54.64,0,0.284,0.25,0,0.001,4.199,0,4.148,0,314.7,0,8.96,0.0,0,0.0,0,0.0,0,0.0,20000.0,0,20000.0,0,0.0,0,0.0,0,0.0,0,0.0,0,30.83,0,116.0,0,13.76,0,-4.065,0,39.317,-76.586,45.0
2025-01-10 05:20:00,2025-01-10,2025-01-10 05:20:00,101.25,0,-3.368,0,0.026,54.92,0,0.238,0.252,0,0.001,4.155,0,4.107,0,313.7,0,8.7,0.0,0,0.0,0,0.0,0,0.0,20000.0,0,20000.0,0,0.0,0,0.0,0,0.0,0,0.0,0,30.83,0,116.0,0,13.76,0,-4.07,0,39.317,-76.586,45.0
2025-01-10 05:21:00,2025-01-10,2025-01-10 05:21:00,101.25,0,-3.39,0,0.028,55.02,0,0.216,0.251,0,0.001,4.565,0,4.422,0,315.9,0,14.36,0.0,0,0.0,0,0.0,0,0.0,20000.0,0,20000.0,0,0.0,0,0.0,0,0.0,0,0.0,0,30.83,0,116.0,0,13.76,0,-4.076,0,39.317,-76.586,45.0
2025-01-10 05:22:00,2025-01-10,2025-01-10 05:22:00,101.25,0,-3.341,0,0.036,54.82,0,0.227,0.252,0,0.001,6.104,0,6.011,0,307.0,0,9.97,0.0,0,0.0,0,0.0,0,0.0,20000.0,0,20000.0,0,0.0,0,0.0,0,0.0,0,0.0,0,30.83,0,116.0,0,13.76,0,-4.081,0,39.317,-76.586,45.0
2025-01-10 05:23:00,2025-01-10,2025-01-10 05:23:00,101.24,0,-3.241,0,0.049,54.31,0,0.282,0.251,0,0.001,5.627,0,5.528,0,311.3,0,10.73,0.0,0,0.0,0,0.0,0,0.0,20000.0,0,20000.0,0,0.0,0,0.0,0,0.0,0,0.0,0,30.83,0,116.0,0,13.76,0,-4.086,0,39.317,-76.586,45.0
2025-01-10 05:24:00,2025-01-10,2025-01-10 05:24:00,101.24,0,-3.157,0,0.032,53.83,0,0.233,0.251,0,0.001,4.35,0,4.238,0,312.3,0,13.0,0.0,0,0.0,0,0.0,0,0.0,20000.0,0,20000.0,0,0.0,0,0.0,0,0.0,0,0.0,0,30.83,0,116.0,0,13.76,0,-4.092,0,39.317,-76.586,45.0
2025-01-10 05:25:00,2025-01-10,2025-01-10 05:25:00,101.24,0,-3.285,0,0.042,54.09,0,0.23,0.249,0,0.001,3.783,0,3.713,0,314.3,0,11.02,0.0,0,0.0,0,0.0,0,0.0,20000.0,0,20000.0,0,0.0,0,0.0,0,0.0,0,0.0,0,30.83,0,116.0,0,13.76,0,-4.097,0,39.317,-76.586,45.0
2025-01-10 05:26:00,2025-01-10,2025-01-10 05:26:00,101.23,0,-3.362,0,0.032,54.44,0,0.233,0.249,0,0.001,5.029,0,4.982,0,313.4,0,7.83,0.0,0,0.0,0,0.0,0,0.0,20000.0,0,20000.0,0,0.0,0,0.0,0,0.0,0,0.0,0,30.83,0,116.0,0,13.76,0,-4.102,0,39.317,-76.586,45.0
2025-01-10 05:27:00,2025-01-10,2025-01-10 05:27:00,101.23,0,-3.303,0,0.043,54.38,0,0.229,0.25,0,0.001,4.965,0,4.758,0,313.2,0,16.54,0.0,0,0.0,0,0.0,0,0.0,20000.0,0,20000.0,0,0.0,0,0.0,0,0.0,0,0.0,0,30.83,0,116.0,0,13.76,0,-4.105,0,39.317,-76.586,45.0
2025-01-10 05:28:00,2025-01-10,2025-01-10 05:28:00,101.23,0,-3.24,0,0.028,54.14,0,0.238,0.251,0,0.001,4.51,0,4.391,0,320.8,0,13.13,0.0,0,0.0,0,0.0,0,0.0,20000.0,0,20000.0,0,0.0,0,0.0,0,0.0,0,0.0,0,30.83,0,116.0,0,13.76,0,-4.11,0,39.317,-76.586,45.0
2025-01-10 05:29:00,2025-01-10,2025-01-10 05:29:00,101.23,0,-3.244,0,0.034,54.0,0,0.2,0.25,0,0.001,4.443,0,4.364,0,313.1,0,10.8,0.0,0,0.0,0,0.0,0,0.0,20000.0,0,20000.0,0,0.0,0,0.0,0,0.0,0,0.0,0,30.83,0,116.0,0,13.76,0,-4.116,0,39.317,-76.586,45.0
2025-01-10 05:30:00,2025-01-10,2025-01-10 05:30:00,101.22,0,-3.281,0,0.031,54.04,0,0.217,0.249,0,0.001,5.731,0,5.609,0,318.3,0,11.85,0.0,0,0.0,0,0.0,0,0.0,20000.0,0,20000.0,0,0.0,0,0.0,0,0.0,0,0.0,0,30.83,0,116.0,0,13.76,0,-4.121,0,39.317,-76.586,45.0
2025-01-10 05:31:00,2025-01-10,2025-01-10 05:31:00,101.23,0,-3.228,0,0.046,53.96,0,0.258,0.25,0,0.001,5.653,0,5.507,0,320.6,0,13.01,0.0,0,0.0,0,0.0,0,0.0,20000.0,0,20000.0,0,0.0,0,0.0,0,0.0,0,0.0,0,30.83,0,116.0,0,13.76,0,-4.124,0,39.317,-76.586,45.0
2025-01-10 05:32:00,2025-01-10,2025-01-10 05:32:00,101.24,0,-3.159,0,0.032,53.65,0,0.225,0.25,0,0.001,4.193,0,4.128,0,318.9,0,10.08,0.0,0,0.0,0,0.0,0,0.0,20000.0,0,20000.0,0,0.0,0,0.0,0,0.0,0,0.0,0,30.83,0,116.0,0,13.76,0,-4.129,0,39.317,-76.586,45.0
2025-01-10 05:33:00,2025-01-10,2025-01-10 05:33:00,101.23,0,-3.179,0,0.03,53.55,0,0.221,0.249,0,0.001,4.938,0,4.841,0,321.2,0,11.35,0.0,0,0.0,0,0.0,0,0.0,20000.0,0,20000.0,0,0.0,0,0.0,0,0.0,0,0.0,0,30.83,0,116.0,0,13.76,0,-4.132,0,39.317,-76.586,45.0
2025-01-10 05:34:00,2025-01-10,2025-01-10 05:34:00,101.22,0,-3.18,0,0.032,53.56,0,0.216,0.249,0,0.001,5.78,0,5.655,0,306.6,0,11.93,0.0,0,0.0,0,0.0,0,0.0,20000.0,0,20000.0,0,0.0,0,0.0,0,0.0,0,0.0,0,30.83,0,116.0,0,13.76,0,-4.137,0,39.317,-76.586,45.0
2025-01-10 05:35:00,2025-01-10,2025-01-10 05:35:00,101.21,0,-3.158,0,0.027,53.44,0,0.226,0.249,0,0.001,5.834,0,5.665,0,314.0,0,13.79,0.0,0,0.0,0,0.0,0,0.0,20000.0,0,20000.0,0,0.0,0,0.0,0,0.0,0,0.0,0,30.83,0,116.0,0,13.76,0,-4.14,0,39.317,-76.586,45.0
2025-01-10 05:36:00,2025-01-10,2025-01-10 05:36:00,101.22,0,-3.149,0,0.041,53.36,0,0.224,0.249,0,0.001,5.597,0,5.49,0,322.2,0,11.2,0.0,0,0.0,0,0.0,0,0.0,20000.0,0,20000.0,0,0.0,0,0.0,0,0.0,0,0.0,0,30.83,0,116.0,0,13.76,0,-4.142,0,39.317,-76.586,45.0
2025-01-10 05:37:00,2025-01-10,2025-01-10 05:37:00,101.22,0,-3.125,0,0.025,53.15,0,0.218,0.248,0,0.001,4.467,0,4.37,0,323.8,0,11.93,0.0,0,0.0,0,0.0,0,0.0,20000.0,0,20000.0,0,0.0,0,0.0,0,0.0,0,0.0,0,30.83,0,116.0,0,13.76,0,-4.145,0,39.317,-76.586,45.0
2025-01-10 05:38:00,2025-01-10,2025-01-10 05:38:00,101.22,0,-3.174,0,0.029,53.24,0,0.233,0.248,0,0.001,3.211,0,3.086,0,314.1,0,16.02,0.0,0,0.0,0,0.0,0,0.0,20000.0,0,20000.0,0,0.0,0,0.0,0,0.0,0,0.0,0,30.83,0,116.0,0,13.76,0,-4.148,0,39.317,-76.586,45.0
2025-01-10 05:39:00,2025-01-10,2025-01-10 05:39:00,101.22,0,-3.221,0,0.043,53.38,0,0.244,0.248,0,0.001,2.932,0,2.852,0,317.5,0,13.34,0.0,0,0.0,0,0.0,0,0.0,20000.0,0,20000.0,0,0.0,0,0.0,0,0.0,0,0.0,0,30.83,0,116.0,0,13.76,0,-4.15,0,39.317,-76.586,45.0
2025-01-10 05:40:00,2025-01-10,2025-01-10 05:40:00,101.22,0,-3.319,0,0.048,53.75,0,0.265,0.247,0,0.001,3.57,0,3.4,0,304.7,0,17.72,0.0,0,0.0,0,0.0,0,0.0,20000.0,0,20000.0,0,0.0,0,0.0,0,0.0,0,0.0,0,30.83,0,116.0,0,13.76,0,-4.15,0,39.317,-76.586,45.0
2025-01-10 05:41:00,2025-01-10,2025-01-10 05:41:00,101.22,0,-3.356,0,0.061,54.08,0,0.216,0.248,0,0.002,3.835,0,3.745,0,315.9,0,12.38,0.0,0,0.0,0,0.0,0,0.0,20000.0,0,20000.0,0,0.0,0,0.0,0,0.0,0,0.0,0,30.83,0,116.0,0,13.76,0,-4.156,0,39.317,-76.586,45.0
2025-01-10 05:42:00,2025-01-10,2025-01-10 05:42:00,101.22,0,-3.306,0,0.029,54.0,0,0.218,0.249,0,0.001,4.031,0,3.99,0,311.0,0,8.19,0.0,0,0.0,0,0.0,0,0.0,20000.0,0,20000.0,0,0.0,0,0.0,0,0.0,0,0.0,0,30.83,0,116.0,0,13.76,0,-4.159,0,39.317,-76.586,45.0
2025-01-10 05:43:00,2025-01-10,2025-01-10 05:43:00,101.23,0,-3.319,0,0.029,53.99,0,0.216,0.248,0,0.001,2.989,0,2.906,0,306.2,0,13.48,0.0,0,0.0,0,0.0,0,0.0,20000.0,0,20000.0,0,0.0,0,0.0,0,0.0,0,0.0,0,30.83,0,116.0,0,13.76,0,-4.161,0,39.317,-76.586,45.0
2025-01-10 05:44:00,2025-01-10,2025-01-10 05:44:00,101.23,0,-3.422,0,0.05,54.27,0,0.239,0.247,0,0.001,4.57,0,4.41,0,306.6,0,15.17,0.0,0,0.0,0,0.0,0,0.0,20000.0,0,20000.0,0,0.0,0,0.0,0,0.0,0,0.0,0,30.83,0,116.0,0,13.76,0,-4.167,0,39.317,-76.586,45.0
2025-01-10 05:45:00,2025-01-10,2025-01-10 05:45:00,101.24,0,-3.397,0,0.023,54.37,0,0.238,0.248,0,0.001,3.489,0,3.41,0,316.5,0,12.16,0.0,0,0.0,0,0.0,0,0.0,20000.0,0,20000.0,0,0.0,0,0.0,0,0.0,0,0.0,0,30.83,0,116.0,0,13.77,0,-4.172,0,39.317,-76.586,45.0
2025-01-10 05:46:00,2025-01-10,2025-01-10 05:46:00,101.23,0,-3.367,0,0.029,54.35,0,0.212,0.249,0,0.001,3.606,0,3.371,0,311.0,0,20.68,0.0,0,0.0,0,0.0,0,0.0,20000.0,0,20000.0,0,0.0,0,0.0,0,0.0,0,0.0,0,30.83,0,116.0,0,13.76,0,-4.174,0,39.317,-76.586,45.0
2025-01-10 05:47:00,2025-01-10,2025-01-10 05:47:00,101.24,0,-3.412,0,0.027,54.36,0,0.217,0.248,0,0.001,4.495,0,4.325,0,332.3,0,15.77,0.0,0,0.0,0,0.0,0,0.0,20000.0,0,20000.0,0,0.0,0,0.0,0,0.0,0,0.0,0,30.83,0,116.0,0,13.76,0,-4.182,0,39.317,-76.586,45.0
2025-01-10 05:48:00,2025-01-10,2025-01-10 05:48:00,101.23,0,-3.342,0,0.036,54.24,0,0.226,0.249,0,0.001,3.665,0,3.295,0,309.6,0,25.74,0.0,0,0.0,0,0.0,0,0.0,20000.0,0,20000.0,0,0.0,0,0.0,0,0.0,0,0.0,0,30.83,0,116.0,0,13.77,0,-4.188,0,39.317,-76.586,45.0
2025-01-10 05:49:00,2025-01-10,2025-01-10 05:49:00,101.24,0,-3.317,0,0.029,54.05,0,0.225,0.249,0,0.001,4.684,0,4.62,0,324.1,0,9.46,0.0,0,0.0,0,0.0,0,0.0,20000.0,0,20000.0,0,0.0,0,0.0,0,0.0,0,0.0,0,30.83,0,116.0,0,13.76,0,-4.193,0,39.317,-76.586,45.0
2025-01-10 05:50:00,2025-01-10,2025-01-10 05:50:00,101.24,0,-3.231,0,0.031,53.7,0,0.221,0.249,0,0.001,4.582,0,4.4,0,326.7,0,16.11,0.0,0,0.0,0,0.0,0,0.0,20000.0,0,20000.0,0,0.0,0,0.0,0,0.0,0,0.0,0,30.83,0,116.0,0,13.77,0,-4.199,0,39.317,-76.586,45.0
2025-01-10 05:51:00,2025-01-10,2025-01-10 05:51:00,101.24,0,-3.183,0,0.029,53.36,0,0.225,0.248,0,0.001,5.478,0,5.276,0,321.9,0,15.58,0.0,0,0.0,0,0.0,0,0.0,20000.0,0,20000.0,0,0.0,0,0.0,0,0.0,0,0.0,0,30.83,0,116.0,0,13.77,0,-4.204,0,39.317,-76.586,45.0
2025-01-10 05:52:00,2025-01-10,2025-01-10 05:52:00,101.24,0,-3.16,0,0.025,53.11,0,0.227,0.248,0,0.001,6.002,0,5.921,0,320.1,0,9.45,0.0,0,0.0,0,0.0,0,0.0,20000.0,0,20000.0,0,0.0,0,0.0,0,0.0,0,0.0,0,30.83,0,116.0,0,13.77,0,-4.207,0,39.317,-76.586,45.0
2025-01-10 05:53:00,2025-01-10,2025-01-10 05:53:00,101.24,0,-3.124,0,0.027,52.9,0,0.23,0.247,0,0.001,5.227,0,5.126,0,326.0,0,11.24,0.0,0,0.0,0,0.0,0,0.0,20000.0,0,20000.0,0,0.0,0,0.0,0,0.0,0,0.0,0,30.83,0,116.0,0,13.77,0,-4.212,0,39.317,-76.586,45.0
2025-01-10 05:54:00,2025-01-10,2025-01-10 05:54:00,101.24,0,-3.103,0,0.027,52.7,0,0.217,0.247,0,0.001,5.965,0,5.645,0,323.7,0,18.76,0.0,0,0.0,0,0.0,0,0.0,20000.0,0,20000.0,0,0.0,0,0.0,0,0.0,0,0.0,0,30.83,0,116.0,0,13.77,0,-4.215,0,39.317,-76.586,45.0
2025-01-10 05:55:00,2025-01-10,2025-01-10 05:55:00,101.23,0,-3.14,0,0.072,52.73,0,0.215,0.246,0,0.002,2.801,0,2.724,0,310.1,0,13.49,0.0,0,0.0,0,0.0,0,0.0,20000.0,0,20000.0,0,0.0,0,0.0,0,0.0,0,0.0,0,30.83,0,116.0,0,13.76,0,-4.217,0,39.317,-76.586,45.0
2025-01-10 05:56:00,2025-01-10,2025-01-10 05:56:00,101.23,0,-3.199,0,0.028,52.8,0,0.223,0.245,0,0.001,4.735,0,4.604,0,312.2,0,13.49,0.0,0,0.0,0,0.0,0,0.0,20000.0,0,20000.0,0,0.0,0,0.0,0,0.0,0,0.0,0,30.83,0,116.0,0,13.77,0,-4.22,0,39.317,-76.586,45.0
2025-01-10 05:57:00,2025-01-10,2025-01-10 05:57:00,101.24,0,-3.19,0,0.031,52.87,0,0.214,0.246,0,0.001,4.624,0,4.481,0,311.7,0,14.23,0.0,0,0.0,0,0.0,0,0.0,20000.0,0,20000.0,0,0.0,0,0.0,0,0.0,0,0.0,0,30.83,0,116.0,0,13.77,0,-4.223,0,39.317,-76.586,45.0
2025-01-10 05:58:00,2025-01-10,2025-01-10 05:58:00,101.24,0,-3.25,0,0.03,53.09,0,0.239,0.246,0,0.001,3.956,0,3.824,0,324.1,0,14.79,0.0,0,0.0,0,0.0,0,0.0,20000.0,0,20000.0,0,0.0,0,0.0,0,0.0,0,0.0,0,30.83,0,116.0,0,13.77,0,-4.223,0,39.317,-76.586,45.0
2025-01-10 05:59:00,2025-01-10,2025-01-10 05:59:00,101.24,0,-3.243,0,0.031,53.18,0,0.205,0.246,0,0.001,3.182,0,3.125,0,306.7,0,10.84,0.0,0,0.0,0,0.0,0,0.0,20000.0,0,20000.0,0,0.0,0,0.0,0,0.0,0,0.0,0,30.83,0,116.0,0,13.77,0,-4.226,0,39.317,-76.586,45.0
2025-01-10 06:00:00,2025-01-10,2025-01-10 06:00:00,101.25,0,-3.267,0,0.046,53.27,0,0.203,0.246,0,0.001,2.352,0,2.241,0,322.8,0,17.6,0.0,0,0.0,0,0.0,0,0.0,20000.0,0,20000.0,0,0.0,0,0.0,0,0.0,0,0.0,0,30.83,0,116.0,0,13.77,0,-4.228,0,39.317,-76.586,45.0
2025-01-10 06:01:00,2025-01-10,2025-01-10 06:01:00,101.25,0,-3.357,0,0.042,53.52,0,0.232,0.245,0,0.001,2.909,0,2.76,0,309.0,0,18.32,0.0,0,0.0,0,0.0,0,0.0,20000.0,0,20000.0,0,0.0,0,0.0,0,0.0,0,0.0,0,30.83,0,116.0,0,13.77,0,-4.231,0,39.317,-76.586,45.0
2025-01-10 06:02:00,2025-01-10,2025-01-10 06:02:00,101.25,0,-3.447,0,0.047,53.83,0,0.236,0.245,0,0.001,2.791,0,2.707,0,316.4,0,14.12,0.0,0,0.0,0,0.0,0,0.0,20000.0,0,20000.0,0,0.0,0,0.0,0,0.0,0,0.0,0,30.83,0,116.0,0,13.77,0,-4.234,0,39.317,-76.586,45.0
2025-01-10 06:03:00,2025-01-10,2025-01-10 06:03:00,101.25,0,-3.392,0,0.044,53.9,0,0.233,0.246,0,0.001,3.812,0,3.687,0,312.8,0,14.66,0.0,0,0.0,0,0.0,0,0.0,20000.0,0,20000.0,0,0.0,0,0.0,0,0.0,0,0.0,0,30.83,0,116.0,0,13.77,0,-4.236,0,39.317,-76.586,45.0
2025-01-10 06:04:00,2025-01-10,2025-01-10 06:04:00,101.26,0,-3.35,0,0.03,53.75,0,0.204,0.247,0,0.001,5.289,0,5.146,0,306.9,0,13.3,0.0,0,0.0,0,0.0,0,0.0,20000.0,0,20000.0,0,0.0,0,0.0,0,0.0,0,0.0,0,30.83,0,116.0,0,13.77,0,-4.239,0,39.317,-76.586,45.0
2025-01-10 06:05:00,2025-01-10,2025-01-10 06:05:00,101.26,0,-3.308,0,0.023,53.62,0,0.221,0.247,0,0.001,3.517,0,3.463,0,316.0,0,9.99,0.0,0,0.0,0,0.0,0,0.0,20000.0,0,20000.0,0,0.0,0,0.0,0,0.0,0,0.0,0,30.83,0,116.0,0,13.77,0,-4.244,0,39.317,-76.586,45.0
2025-01-10 06:06:00,2025-01-10,2025-01-10 06:06:00,101.26,0,-3.316,0,0.028,53.58,0,0.218,0.246,0,0.001,3.696,0,3.643,0,313.7,0,9.69,0.0,0,0.0,0,0.0,0,0.0,20000.0,0,20000.0,0,0.0,0,0.0,0,0.0,0,0.0,0,30.83,0,116.0,0,13.77,0,-4.247,0,39.317,-76.586,45.0
2025-01-10 06:07:00,2025-01-10,2025-01-10 06:07:00,101.26,0,-3.397,0,0.036,53.61,0,0.217,0.245,0,0.001,3.316,0,3.198,0,313.5,0,15.25,0.0,0,0.0,0,0.0,0,0.0,20000.0,0,20000.0,0,0.0,0,0.0,0,0.0,0,0.0,0,30.83,0,116.0,0,13.77,0,-4.25,0,39.317,-76.586,45.0
2025-01-10 06:08:00,2025-01-10,2025-01-10 06:08:00,101.25,0,-3.455,0,0.029,54.03,0,0.261,0.246,0,0.001,3.401,0,3.289,0,318.7,0,14.66,0.0,0,0.0,0,0.0,0,0.0,20000.0,0,20000.0,0,0.0,0,0.0,0,0.0,0,0.0,0,30.83,0,116.0,0,13.77,0,-4.255,0,39.317,-76.586,45.0
2025-01-10 06:09:00,2025-01-10,2025-01-10 06:09:00,101.25,0,-3.416,0,0.037,54.11,0,0.22,0.247,0,0.001,4.444,0,4.331,0,307.1,0,12.95,0.0,0,0.0,0,0.0,0,0.0,20000.0,0,20000.0,0,0.0,0,0.0,0,0.0,0,0.0,0,30.83,0,116.0,0,13.77,0,-4.26,0,39.317,-76.586,45.0
2025-01-10 06:10:00,2025-01-10,2025-01-10 06:10:00,101.25,0,-3.335,0,0.037,53.84,0,0.247,0.247,0,0.001,4.831,0,4.758,0,320.8,0,9.96,0.0,0,0.0,0,0.0,0,0.0,20000.0,0,20000.0,0,0.0,0,0.0,0,0.0,0,0.0,0,30.83,0,116.0,0,13.77,0,-4.266,0,39.317,-76.586,45.0
2025-01-10 06:11:00,2025-01-10,2025-01-10 06:11:00,101.25,0,-3.272,0,0.031,53.46,0,0.23,0.247,0,0.001,4.27,0,4.173,0,311.9,0,12.16,0.0,0,0.0,0,0.0,0,0.0,20000.0,0,20000.0,0,0.0,0,0.0,0,0.0,0,0.0,0,30.83,0,116.0,0,13.77,0,-4.271,0,39.317,-76.586,45.0
2025-01-10 06:12:00,2025-01-10,2025-01-10 06:12:00,101.25,0,-3.337,0,0.031,53.49,0,0.234,0.246,0,0.001,4.204,0,4.119,0,315.7,0,11.56,0.0,0,0.0,0,0.0,0,0.0,20000.0,0,20000.0,0,0.0,0,0.0,0,0.0,0,0.0,0,30.83,0,116.0,0,13.77,0,-4.274,0,39.317,-76.586,45.0
2025-01-10 06:13:00,2025-01-10,2025-01-10 06:13:00,101.25,0,-3.379,0,0.028,53.63,0,0.218,0.245,0,0.001,3.788,0,3.719,0,310.2,0,10.88,0.0,0,0.0,0,0.0,0,0.0,20000.0,0,20000.0,0,0.0,0,0.0,0,0.0,0,0.0,0,30.83,0,116.0,0,13.77,0,-4.279,0,39.317,-76.586,45.0
2025-01-10 06:14:00,2025-01-10,2025-01-10 06:14:00,101.25,0,-3.377,0,0.042,53.71,0,0.214,0.246,0,0.001,3.822,0,3.613,0,313.9,0,18.95,0.0,0,0.0,0,0.0,0,0.0,20000.0,0,20000.0,0,0.0,0,0.0,0,0.0,0,0.0,0,30.83,0,116.0,0,13.77,0,-4.285,0,39.317,-76.586,45.0
2025-01-10 06:15:00,2025-01-10,2025-01-10 06:15:00,101.25,0,-3.399,0,0.033,53.87,0,0.233,0.246,0,0.001,4.191,0,4.008,0,308.5,0,16.95,0.0,0,0.0,0,0.0,0,0.0,20000.0,0,20000.0,0,0.0,0,0.0,0,0.0,0,0.0,0,30.83,0,116.0,0,13.77,0,-4.293,0,39.317,-76.586,45.0
2025-01-10 06:16:00,2025-01-10,2025-01-10 06:16:00,101.25,0,-3.314,0,0.035,53.66,0,0.232,0.247,0,0.001,5.452,0,5.136,0,309.4,0,19.49,0.0,0,0.0,0,0.0,0,0.0,20000.0,0,20000.0,0,0.0,0,0.0,0,0.0,0,0.0,0,30.83,0,116.0,0,13.77,0,-4.295,0,39.317,-76.586,45.0
2025-01-10 06:17:00,2025-01-10,2025-01-10 06:17:00,101.25,0,-3.263,0,0.033,53.37,0,0.237,0.247,0,0.001,4.211,0,4.083,0,325.9,0,14.12,0.0,0,0.0,0,0.0,0,0.0,20000.0,0,20000.0,0,0.0,0,0.0,0,0.0,0,0.0,0,30.83,0,116.0,0,13.77,0,-4.301,0,39.317,-76.586,45.0
2025-01-10 06:18:00,2025-01-10,2025-01-10 06:18:00,101.25,0,-3.289,0,0.04,53.23,0,0.202,0.245,0,0.001,4.815,0,4.707,0,310.7,0,12.16,0.0,0,0.0,0,0.0,0,0.0,20000.0,0,20000.0,0,0.0,0,0.0,0,0.0,0,0.0,0,30.83,0,116.0,0,13.77,0,-4.306,0,39.317,-76.586,45.0
2025-01-10 06:19:00,2025-01-10,2025-01-10 06:19:00,101.25,0,-3.301,0,0.045,53.26,0,0.251,0.245,0,0.001,4.234,0,4.15,0,304.5,0,11.36,0.0,0,0.0,0,0.0,0,0.0,20000.0,0,20000.0,0,0.0,0,0.0,0,0.0,0,0.0,0,30.83,0,116.0,0,13.77,0,-4.311,0,39.317,-76.586,45.0
2025-01-10 06:20:00,2025-01-10,2025-01-10 06:20:00,101.25,0,-3.316,0,0.031,53.32,0,0.226,0.245,0,0.001,4.89,0,4.808,0,309.0,0,10.5,0.0,0,0.0,0,0.0,0,0.0,20000.0,0,20000.0,0,0.0,0,0.0,0,0.0,0,0.0,0,30.83,0,116.0,0,13.77,0,-4.317,0,39.317,-76.586,45.0
2025-01-10 06:21:00,2025-01-10,2025-01-10 06:21:00,101.25,0,-3.258,0,0.027,53.2,0,0.231,0.246,0,0.001,4.929,0,4.824,0,296.9,0,11.82,0.0,0,0.0,0,0.0,0,0.0,20000.0,0,20000.0,0,0.0,0,0.0,0,0.0,0,0.0,0,30.83,0,116.0,0,13.77,0,-4.322,0,39.317,-76.586,45.0
2025-01-10 06:22:00,2025-01-10,2025-01-10 06:22:00,101.26,0,-3.253,0,0.027,53.07,0,0.213,0.245,0,0.001,4.642,0,4.513,0,312.3,0,13.51,0.0,0,0.0,0,0.0,0,0.0,20000.0,0,20000.0,0,0.0,0,0.0,0,0.0,0,0.0,0,30.83,0,116.0,0,13.77,0,-4.325,0,39.317,-76.586,45.0
2025-01-10 06:23:00,2025-01-10,2025-01-10 06:23:00,101.26,0,-3.254,0,0.029,53.04,0,0.217,0.245,0,0.001,4.126,0,4.033,0,315.5,0,12.14,0.0,0,0.0,0,0.0,0,0.0,20000.0,0,20000.0,0,0.0,0,0.0,0,0.0,0,0.0,0,30.83,0,116.0,0,13.77,0,-4.327,0,39.317,-76.586,45.0
2025-01-10 06:24:00,2025-01-10,2025-01-10 06:24:00,101.26,0,-3.301,0,0.042,53.08,0,0.22,0.244,0,0.001,4.611,0,4.528,0,303.8,0,10.86,0.0,0,0.0,0,0.0,0,0.0,20000.0,0,20000.0,0,0.0,0,0.0,0,0.0,0,0.0,0,30.83,0,116.0,0,13.77,0,-4.333,0,39.317,-76.586,45.0
2025-01-10 06:25:00,2025-01-10,2025-01-10 06:25:00,101.27,0,-3.342,0,0.024,53.27,0,0.217,0.244,0,0.001,3.935,0,3.685,0,311.0,0,20.4,0.0,0,0.0,0,0.0,0,0.0,20000.0,0,20000.0,0,0.0,0,0.0,0,0.0,0,0.0,0,30.83,0,116.0,0,13.77,0,-4.335,0,39.317,-76.586,45.0
2025-01-10 06:26:00,2025-01-10,2025-01-10 06:26:00,101.27,0,-3.324,0,0.031,53.34,0,0.215,0.245,0,0.001,4.849,0,4.774,0,306.0,0,10.09,0.0,0,0.0,0,0.0,0,0.0,20000.0,0,20000.0,0,0.0,0,0.0,0,0.0,0,0.0,0,30.83,0,116.0,0,13.77,0,-4.341,0,39.317,-76.586,45.0
2025-01-10 06:27:00,2025-01-10,2025-01-10 06:27:00,101.28,0,-3.27,0,0.033,53.21,0,0.221,0.246,0,0.001,4.547,0,4.466,0,304.6,0,10.84,0.0,0,0.0,0,0.0,0,0.0,20000.0,0,20000.0,0,0.0,0,0.0,0,0.0,0,0.0,0,30.83,0,116.0,0,13.77,0,-4.343,0,39.317,-76.586,45.0
2025-01-10 06:28:00,2025-01-10,2025-01-10 06:28:00,101.28,0,-3.299,0,0.04,53.17,0,0.226,0.245,0,0.001,4.27,0,4.128,0,310.2,0,14.73,0.0,0,0.0,0,0.0,0,0.0,20000.0,0,20000.0,0,0.0,0,0.0,0,0.0,0,0.0,0,30.83,0,116.0,0,13.77,0,-4.346,0,39.317,-76.586,45.0
2025-01-10 06:29:00,2025-01-10,2025-01-10 06:29:00,101.29,0,-3.399,0,0.035,53.53,0,0.23,0.245,0,0.001,3.464,0,3.324,0,309.0,0,16.32,0.0,0,0.0,0,0.0,0,0.0,20000.0,0,20000.0,0,0.0,0,0.0,0,0.0,0,0.0,0,30.83,0,116.0,0,13.77,0,-4.349,0,39.317,-76.586,45.0
2025-01-10 06:30:00,2025-01-10,2025-01-10 06:30:00,101.29,0,-3.45,0,0.029,53.83,0,0.236,0.245,0,0.001,4.595,0,4.461,0,300.9,0,13.81,0.0,0,0.0,0,0.0,0,0.0,20000.0,0,20000.0,0,0.0,0,0.0,0,0.0,0,0.0,0,30.83,0,116.0,0,13.77,0,-4.355,0,39.317,-76.586,45.0
2025-01-10 06:31:00,2025-01-10,2025-01-10 06:31:00,101.28,0,-3.407,0,0.028,53.88,0,0.242,0.246,0,0.001,5.088,0,4.938,0,316.1,0,13.9,0.0,0,0.0,0,0.0,0,0.0,20000.0,0,20000.0,0,0.0,0,0.0,0,0.0,0,0.0,0,30.83,0,116.0,0,13.77,0,-4.357,0,39.317,-76.586,45.0
2025-01-10 06:32:00,2025-01-10,2025-01-10 06:32:00,101.27,0,-3.316,0,0.056,53.54,0,0.234,0.246,0,0.002,4.871,0,4.82,0,310.5,0,8.24,0.0,0,0.0,0,0.0,0,0.0,20000.0,0,20000.0,0,0.0,0,0.0,0,0.0,0,0.0,0,30.83,0,116.0,0,13.77,0,-4.363,0,39.317,-76.586,45.0
2025-01-10 06:33:00,2025-01-10,2025-01-10 06:33:00,101.27,0,-3.309,0,0.029,53.31,0,0.232,0.245,0,0.001,3.925,0,3.849,0,314.4,0,11.27,0.0,0,0.0,0,0.0,0,0.0,20000.0,0,20000.0,0,0.0,0,0.0,0,0.0,0,0.0,0,30.83,0,116.0,0,13.77,0,-4.365,0,39.317,-76.586,45.0
2025-01-10 06:34:00,2025-01-10,2025-01-10 06:34:00,101.27,0,-3.316,0,0.026,53.24,0,0.228,0.245,0,0.001,3.717,0,3.631,0,314.7,0,12.33,0.0,0,0.0,0,0.0,0,0.0,20000.0,0,20000.0,0,0.0,0,0.0,0,0.0,0,0.0,0,30.83,0,116.0,0,13.77,0,-4.368,0,39.317,-76.586,45.0
2025-01-10 06:35:00,2025-01-10,2025-01-10 06:35:00,101.27,0,-3.328,0,0.045,53.19,0,0.215,0.244,0,0.001,4.229,0,4.07,0,307.2,0,15.69,0.0,0,0.0,0,0.0,0,0.0,20000.0,0,20000.0,0,0.0,0,0.0,0,0.0,0,0.0,0,30.83,0,116.0,0,13.77,0,-4.373,0,39.317,-76.586,45.0
2025-01-10 06:36:00,2025-01-10,2025-01-10 06:36:00,101.28,0,-3.411,0,0.041,53.38,0,0.245,0.244,0,0.001,3.708,0,3.609,0,308.5,0,13.2,0.0,0,0.0,0,0.0,0,0.0,20000.0,0,20000.0,0,0.0,0,0.0,0,0.0,0,0.0,0,30.83,0,116.0,0,13.77,0,-4.376,0,39.317,-76.586,45.0
2025-01-10 06:37:00,2025-01-10,2025-01-10 06:37:00,101.29,0,-3.467,0,0.028,53.74,0,0.238,0.244,0,0.001,4.168,0,4.101,0,299.7,0,10.26,0.0,0,0.0,0,0.0,0,0.0,20000.0,0,20000.0,0,0.0,0,0.0,0,0.0,0,0.0,0,30.83,0,116.0,0,13.77,0,-4.381,0,39.317,-76.586,45.0
2025-01-10 06:38:00,2025-01-10,2025-01-10 06:38:00,101.29,0,-3.376,0,0.034,53.64,0,0.219,0.245,0,0.001,3.711,0,3.671,0,295.7,0,8.39,0.0,0,0.0,0,0.0,0,0.0,20000.0,0,20000.0,0,0.0,0,0.0,0,0.0,0,0.0,0,30.83,0,116.0,0,13.77,0,-4.387,0,39.317,-76.586,45.0
2025-01-10 06:39:00,2025-01-10,2025-01-10 06:39:00,101.29,0,-3.395,0,0.055,53.54,0,0.22,0.245,0,0.002,3.232,0,3.181,0,302.7,0,10.21,0.0,0,0.0,0,0.0,0,0.0,20000.0,0,20000.0,0,0.0,0,0.0,0,0.0,0,0.0,0,30.83,0,116.0,0,13.77,0,-4.389,0,39.317,-76.586,45.0
2025-01-10 06:40:00,2025-01-10,2025-01-10 06:40:00,101.29,0,-3.505,0,0.06,53.83,0,0.278,0.244,0,0.001,2.484,0,2.426,0,305.8,0,12.39,0.0,0,0.0,0,0.0,0,0.0,20000.0,0,20000.0,0,0.0,0,0.0,0,0.0,0,0.0,0,30.83,0,116.0,0,13.77,0,-4.395,0,39.317,-76.586,45.0
2025-01-10 06:41:00,2025-01-10,2025-01-10 06:41:00,101.29,0,-3.648,0,0.034,54.45,0,0.229,0.244,0,0.001,1.821,0,1.785,0,297.1,0,11.44,0.0,0,0.0,0,0.0,0,0.0,20000.0,0,20000.0,0,0.0,0,0.0,0,0.0,0,0.0,0,30.83,0,116.0,0,13.77,0,-4.4,0,39.317,-76.586,45.0
2025-01-10 06:42:00,2025-01-10,2025-01-10 06:42:00,101.3,0,-3.798,0,0.036,54.86,0,0.279,0.242,0,0.001,2.584,0,2.509,0,302.5,0,13.79,0.0,0,0.0,0,0.0,0,0.0,20000.0,0,20000.0,0,0.0,0,0.0,0,0.0,0,0.0,0,30.83,0,116.0,0,13.77,0,-4.406,0,39.317,-76.586,45.0
2025-01-10 06:43:00,2025-01-10,2025-01-10 06:43:00,101.3,0,-3.881,0,0.072,55.46,0,0.277,0.243,0,0.002,3.361,0,3.226,0,307.1,0,16.26,0.0,0,0.0,0,0.0,0,0.0,20000.0,0,20000.0,0,0.0,0,0.0,0,0.0,0,0.0,0,30.83,0,116.0,0,13.77,0,-4.411,0,39.317,-76.586,45.0
2025-01-10 06:44:00,2025-01-10,2025-01-10 06:44:00,101.3,0,-3.89,0,0.046,55.77,0,0.228,0.244,0,0.002,3.616,0,3.547,0,300.3,0,11.23,0.0,0,0.0,0,0.0,0,0.0,20000.0,0,20000.0,0,0.0,0,0.0,0,0.0,0,0.0,0,30.83,0,116.0,0,13.77,0,-4.419,0,39.317,-76.586,45.0
2025-01-10 06:45:00,2025-01-10,2025-01-10 06:45:00,101.31,0,-3.728,0,0.066,55.66,0,0.286,0.247,0,0.001,4.568,0,4.362,0,298.3,0,17.2,0.0,0,0.0,0,0.0,0,0.0,20000.0,0,20000.0,0,0.0,0,0.0,0,0.0,0,0.0,0,30.83,0,116.0,0,13.77,0,-4.427,0,39.317,-76.586,45.0
2025-01-10 06:46:00,2025-01-10,2025-01-10 06:46:00,101.31,0,-3.545,0,0.062,54.97,0,0.331,0.248,0,0.001,4.537,0,4.403,0,309.0,0,13.92,0.0,0,0.0,0,0.0,0,0.0,20000.0,0,20000.0,0,0.0,0,0.0,0,0.0,0,0.0,0,30.83,0,116.0,0,13.77,0,-4.438,0,39.317,-76.586,45.0
2025-01-10 06:47:00,2025-01-10,2025-01-10 06:47:00,101.32,0,-3.446,0,0.03,54.36,0,0.261,0.247,0,0.001,3.864,0,3.777,0,311.3,0,12.19,0.0,0,0.0,0,0.0,0,0.0,20000.0,0,20000.0,0,0.0,0,0.0,0,0.0,0,0.0,0,30.83,0,116.0,0,13.77,0,-4.446,0,39.317,-76.586,45.0
2025-01-10 06:48:00,2025-01-10,2025-01-10 06:48:00,101.32,0,-3.456,0,0.031,54.08,0,0.21,0.246,0,0.001,3.435,0,3.234,0,288.6,0,19.6,0.0,0,0.0,0,0.0,0,0.0,20000.0,0,20000.0,0,0.0,0,0.0,0,0.0,0,0.0,0,30.83,0,116.0,0,13.77,0,-4.454,0,39.317,-76.586,45.0
2025-01-10 06:49:00,2025-01-10,2025-01-10 06:49:00,101.32,0,-3.568,0,0.045,54.18,0,0.239,0.244,0,0.001,2.922,0,2.83,0,297.6,0,14.34,0.0,0,0.0,0,0.0,0,0.0,20000.0,0,20000.0,0,0.0,0,0.0,0,0.0,0,0.0,0,30.83,0,116.0,0,13.77,0,-4.462,0,39.317,-76.586,45.0
2025-01-10 06:50:00,2025-01-10,2025-01-10 06:50:00,101.33,0,-3.62,0,0.036,54.51,0,0.23,0.244,0,0.001,3.753,0,3.661,0,299.7,0,12.68,0.0,0,0.0,0,0.0,0,0.0,20000.0,0,20000.0,0,0.0,0,0.0,0,0.0,0,0.0,0,30.83,0,116.0,0,13.77,0,-4.473,0,39.317,-76.586,45.0
2025-01-10 06:51:00,2025-01-10,2025-01-10 06:51:00,101.33,0,-3.486,0,0.04,54.38,0,0.251,0.247,0,0.001,4.372,0,4.288,0,310.0,0,11.26,0.0,0,0.0,0,0.0,0,0.0,20000.0,0,20000.0,0,0.0,0,0.0,0,0.0,0,0.0,0,30.83,0,116.0,0,13.77,0,-4.481,0,39.317,-76.586,45.0
2025-01-10 06:52:00,2025-01-10,2025-01-10 06:52:00,101.34,0,-3.469,0,0.031,54.12,0,0.23,0.246,0,0.001,4.335,0,4.267,0,296.6,0,10.16,0.0,0,0.0,0,0.0,0,0.0,20000.0,0,20000.0,0,0.0,0,0.0,0,0.0,0,0.0,0,30.83,0,116.0,0,13.77,0,-4.489,0,39.317,-76.586,45.0
2025-01-10 06:53:00,2025-01-10,2025-01-10 06:53:00,101.34,0,-3.474,0,0.035,54.07,0,0.216,0.245,0,0.001,4.271,0,4.225,0,302.4,0,8.39,0.0,0,0.0,0,0.0,0,0.0,20000.0,0,20000.0,0,0.0,0,0.0,0,0.0,0,0.0,0,30.83,0,116.0,0,13.77,0,-4.497,0,39.317,-76.586,45.0
2025-01-10 06:54:00,2025-01-10,2025-01-10 06:54:00,101.34,0,-3.398,0,0.036,53.85,0,0.236,0.246,0,0.002,3.041,0,3.012,0,306.5,0,7.886,0.0,0,0.0,0,0.0,0,0.0,20000.0,0,20000.0,0,0.0,0,0.0,0,0.0,0,0.0,0,30.83,0,116.0,0,13.77,0,-4.505,0,39.317,-76.586,45.0
2025-01-10 06:55:00,2025-01-10,2025-01-10 06:55:00,101.33,0,-3.523,0,0.04,53.98,0,0.24,0.244,0,0.001,3.126,0,3.091,0,300.5,0,8.6,0.0,0,0.0,0,0.0,0,0.0,20000.0,0,20000.0,0,0.0,0,0.0,0,0.0,0,0.0,0,30.83,0,116.0,0,13.77,0,-4.51,0,39.317,-76.586,45.0
2025-01-10 06:56:00,2025-01-10,2025-01-10 06:56:00,101.33,0,-3.487,0,0.05,54.1,0,0.226,0.245,0,0.002,2.951,0,2.851,0,308.8,0,14.92,0.0,0,0.0,0,0.0,0,0.0,20000.0,0,20000.0,0,0.0,0,0.0,0,0.0,0,0.0,0,30.83,0,116.0,0,13.77,0,-4.519,0,39.317,-76.586,45.0
2025-01-10 06:57:00,2025-01-10,2025-01-10 06:57:00,101.33,0,-3.421,0,0.029,53.83,0,0.207,0.245,0,0.001,1.725,0,1.664,0,301.6,0,15.23,0.0,0,0.0,0,0.0,0,0.0,20000.0,0,20000.0,0,0.0,0,0.0,0,0.0,0,0.0,0,30.83,0,116.0,0,13.78,0,-4.527,0,39.317,-76.586,45.0
2025-01-10 06:58:00,2025-01-10,2025-01-10 06:58:00,101.33,0,-3.522,0,0.042,53.88,0,0.229,0.244,0,0.001,3.112,0,3.054,0,306.2,0,10.98,0.0,0,0.0,0,0.0,0,0.0,20000.0,0,20000.0,0,0.0,0,0.0,0,0.0,0,0.0,0,30.83,0,116.0,0,13.77,0,-4.535,0,39.317,-76.586,45.0
2025-01-10 06:59:00,2025-01-10,2025-01-10 06:59:00,101.33,0,-3.566,0,0.034,54.04,0,0.205,0.243,0,0.001,3.216,0,3.162,0,315.7,0,10.48,0.0,0,0.0,0,0.0,0,0.0,20000.0,0,20000.0,0,0.0,0,0.0,0,0.0,0,0.0,0,30.83,0,116.0,0,13.78,0,-4.54,0,39.317,-76.586,45.0
2025-01-10 07:00:00,2025-01-10,2025-01-10 07:00:00,101.33,0,-3.554,0,0.031,54.1,0,0.226,0.244,0,0.001,3.314,0,3.249,0,306.0,0,11.31,0.0,0,0.0,0,0.0,0,0.0,20000.0,0,20000.0,0,0.0,0,0.0,0,0.0,0,0.0,0,30.83,0,116.0,0,13.77,0,-4.548,0,39.317,-76.586,45.0
2025-01-10 07:01:00,2025-01-10,2025-01-10 07:01:00,101.33,0,-3.498,0,0.05,54.06,0,0.236,0.245,0,0.001,3.492,0,3.397,0,303.8,0,13.34,0.0,0,0.0,0,0.0,0,0.0,20000.0,0,20000.0,0,0.0,0,0.0,0,0.0,0,0.0,0,30.83,0,116.0,0,13.78,0,-4.556,0,39.317,-76.586,45.0
2025-01-10 07:02:00,2025-01-10,2025-01-10 07:02:00,101.34,0,-3.549,0,0.084,54.04,0,0.268,0.244,0,0.002,2.243,0,2.216,0,307.9,0,8.87,0.0,0,0.0,0,0.0,0,0.0,20000.0,0,20000.0,0,0.0,0,0.0,0,0.0,0,0.0,0,30.83,0,116.0,0,13.78,0,-4.564,0,39.317,-76.586,45.0
2025-01-10 07:03:00,2025-01-10,2025-01-10 07:03:00,101.34,0,-3.734,0,0.031,54.59,0,0.255,0.242,0,0.001,3.239,0,3.181,0,293.7,0,10.87,0.0,0,0.0,0,0.0,0,0.0,20000.0,0,20000.0,0,0.0,0,0.0,0,0.0,0,0.0,0,30.83,0,116.0,0,13.77,0,-4.572,0,39.317,-76.586,45.0
2025-01-10 07:04:00,2025-01-10,2025-01-10 07:04:00,101.34,0,-3.687,0,0.026,54.84,0,0.211,0.244,0,0.001,3.825,0,3.771,0,305.3,0,9.61,0.0,0,0.0,0,0.0,0,0.0,20000.0,0,20000.0,0,0.0,0,0.0,0,0.0,0,0.0,0,30.83,0,116.0,0,13.78,0,-4.58,0,39.317,-76.586,45.0
2025-01-10 07:05:00,2025-01-10,2025-01-10 07:05:00,101.34,0,-3.626,0,0.028,54.74,0,0.231,0.245,0,0.001,4.581,0,4.534,0,308.0,0,8.25,0.0,0,0.0,0,0.0,0,0.0,20000.0,0,20000.0,0,0.0,0,0.0,0,0.0,0,0.0,0,30.83,0,116.0,0,13.78,0,-4.589,0,39.317,-76.586,45.0
2025-01-10 07:06:00,2025-01-10,2025-01-10 07:06:00,101.34,0,-3.587,0,0.027,54.6,0,0.231,0.245,0,0.001,2.87,0,2.793,0,299.0,0,13.22,0.0,0,0.0,0,0.0,0,0.0,20000.0,0,20000.0,0,0.0,0,0.0,0,0.0,0,0.0,0,30.83,0,116.0,0,13.78,0,-4.597,0,39.317,-76.586,45.0
2025-01-10 07:07:00,2025-01-10,2025-01-10 07:07:00,101.35,0,-3.623,0,0.031,54.58,0,0.225,0.245,0,0.001,5.642,0,5.586,0,304.1,0,8.01,0.0,0,0.0,0,0.0,0,0.0,20000.0,0,20000.0,0,0.0,0,0.0,0,0.0,0,0.0,0,30.83,0,116.0,0,13.78,0,-4.607,0,39.317,-76.586,45.0
2025-01-10 07:08:00,2025-01-10,2025-01-10 07:08:00,101.35,0,-3.541,0,0.036,54.44,0,0.248,0.246,0,0.001,4.519,0,4.412,0,290.5,0,12.47,0.0,0,0.0,0,0.0,0,0.0,20000.0,0,20000.0,0,0.0,0,0.0,0,0.0,0,0.0,0,30.83,0,116.0,0,13.78,0,-4.613,0,39.317,-76.586,45.0
2025-01-10 07:09:00,2025-01-10,2025-01-10 07:09:00,101.35,0,-3.511,0,0.029,54.21,0,0.22,0.245,0,0.001,3.201,0,3.146,0,300.4,0,10.65,0.0,0,0.0,0,0.0,0,0.0,20000.0,0,20000.0,0,0.0,0,0.0,0,0.0,0,0.0,0,30.83,0,116.0,0,13.78,0,-4.621,0,39.317,-76.586,45.0
2025-01-10 07:10:00,2025-01-10,2025-01-10 07:10:00,101.35,0,-3.637,0,0.048,54.57,0,0.26,0.244,0,0.001,3.559,0,3.45,0,311.5,0,14.17,0.0,0,0.0,0,0.0,0,0.0,20000.0,0,20000.0,0,0.0,0,0.0,0,0.0,0,0.0,0,30.83,0,116.0,0,13.78,0,-4.629,0,39.317,-76.586,45.0
2025-01-10 07:11:00,2025-01-10,2025-01-10 07:11:00,101.34,0,-3.641,0,0.033,54.82,0,0.214,0.245,0,0.001,3.552,0,3.469,0,298.1,0,12.41,0.0,0,0.0,0,0.0,0,0.0,20000.0,0,20000.0,0,0.0,0,0.0,0,0.0,0,0.0,0,30.83,0,116.0,0,13.78,0,-4.637,0,39.317,-76.586,45.0
2025-01-10 07:12:00,2025-01-10,2025-01-10 07:12:00,101.34,0,-3.625,0,0.036,54.76,0,0.229,0.245,0,0.001,4.4,0,4.32,0,310.5,0,10.96,0.0,0,0.0,0,0.0,0,0.0,20000.0,0,20000.0,0,0.0,0,0.0,0,0.0,0,0.0,0,30.83,0,116.0,0,13.78,0,-4.642,0,39.317,-76.586,45.0
2025-01-10 07:13:00,2025-01-10,2025-01-10 07:13:00,101.34,0,-3.609,0,0.03,54.53,0,0.207,0.245,0,0.001,3.755,0,3.66,0,313.1,0,12.91,0.0,0,0.0,0,0.0,0,0.0,20000.0,0,20000.0,0,0.0,0,0.0,0,0.0,0,0.0,0,30.83,0,116.0,0,13.78,0,-4.651,0,39.317,-76.586,45.0
2025-01-10 07:14:00,2025-01-10,2025-01-10 07:14:00,101.34,0,-3.594,0,0.033,54.41,0,0.213,0.244,0,0.001,5.189,0,5.138,0,304.0,0,8.06,0.0,0,0.0,0,0.0,0,0.0,20000.0,0,20000.0,0,0.0,0,0.0,0,0.0,0,0.0,0,30.83,0,116.0,0,13.78,0,-4.659,0,39.317,-76.586,45.0
2025-01-10 07:15:00,2025-01-10,2025-01-10 07:15:00,101.34,0,-3.495,0,0.032,54.15,0,0.238,0.245,0,0.001,4.377,0,4.278,0,308.2,0,12.18,0.0,0,0.0,0,0.0,0,0.0,20000.0,0,20000.0,0,0.0,0,0.0,0,0.0,0,0.0,0,30.83,0,116.0,0,13.78,0,-4.664,0,39.317,-76.586,45.0
2025-01-10 07:16:00,2025-01-10,2025-01-10 07:16:00,101.34,0,-3.465,0,0.033,53.88,0,0.263,0.245,0,0.001,4.782,0,4.722,0,311.5,0,9.12,0.0,0,0.0,0,0.0,0,0.0,20000.0,0,20000.0,0,0.0,0,0.0,0,0.0,0,0.0,0,30.83,0,116.0,0,13.78,0,-4.669,0,39.317,-76.586,45.0
2025-01-10 07:17:00,2025-01-10,2025-01-10 07:17:00,101.34,0,-3.406,0,0.026,53.54,0,0.238,0.244,0,0.001,4.523,0,4.463,0,303.2,0,9.32,0.0,0,0.0,0,0.0,0,0.0,20000.0,0,20000.0,0,0.0,0,0.0,0,0.0,0,0.0,0,30.83,0,116.0,0,13.78,0,-4.675,0,39.317,-76.586,45.0
2025-01-10 07:18:00,2025-01-10,2025-01-10 07:18:00,101.34,0,-3.399,0,0.028,53.42,0,0.221,0.244,0,0.001,5.954,0,5.848,0,303.8,0,10.79,0.0,0,0.0,0,0.0,0,0.0,20000.0,0,20000.0,0,0.0,0,0.0,0,0.0,0,0.0,0,30.83,0,116.0,0,13.78,0,-4.683,0,39.317,-76.586,45.0
2025-01-10 07:19:00,2025-01-10,2025-01-10 07:19:00,101.34,0,-3.355,0,0.03,53.29,0,0.221,0.244,0,0.001,5.369,0,5.299,0,309.0,0,9.24,0.0,0,0.0,0,0.0,0,0.0,20000.0,0,20000.0,0,0.0,0,0.0,0,0.0,0,0.0,0,30.83,0,116.0,0,13.78,0,-4.685,0,39.317,-76.586,45.0
2025-01-10 07:20:00,2025-01-10,2025-01-10 07:20:00,101.35,0,-3.34,0,0.032,53.1,0,0.218,0.244,0,0.001,4.09,0,3.961,0,305.5,0,14.39,0.0,0,0.0,0,0.0,0,0.0,20000.0,0,20000.0,0,0.0,0,0.0,0,0.0,0,0.0,0,30.83,0,116.0,0,13.78,0,-4.691,0,39.317,-76.586,45.0
2025-01-10 07:21:00,2025-01-10,2025-01-10 07:21:00,101.34,0,-3.411,0,0.029,53.26,0,0.211,0.243,0,0.001,4.43,0,4.356,0,303.6,0,10.45,0.0,0,0.0,0,0.0,0,0.0,20000.0,0,20000.0,0,0.0,0,0.0,0,0.0,0,0.0,0,30.83,0,116.0,0,13.78,0,-4.693,0,39.317,-76.586,45.0
2025-01-10 07:22:00,2025-01-10,2025-01-10 07:22:00,101.34,0,-3.377,0,0.034,53.26,0,0.209,0.244,0,0.001,2.824,0,2.68,0,297.7,0,18.32,0.0,0,0.0,0,0.0,0,0.0,20000.0,0,20000.0,0,0.0,0,0.0,0,0.0,0,0.0,0,30.83,0,116.0,0,13.78,0,-4.696,0,39.317,-76.586,45.0
2025-01-10 07:23:00,2025-01-10,2025-01-10 07:23:00,101.34,0,-3.452,0,0.048,53.26,0,0.229,0.242,0,0.001,4.516,0,4.433,0,310.8,0,10.96,0.0,0,0.0,0,0.0,0,0.0,20000.0,0,20000.0,0,0.0,0,0.0,0,0.0,0,0.0,0,30.83,0,116.0,0,13.78,0,-4.699,0,39.317,-76.586,45.0
2025-01-10 07:24:00,2025-01-10,2025-01-10 07:24:00,101.34,0,-3.516,0,0.034,53.6,0,0.218,0.242,0,0.001,5.16,0,5.095,0,306.5,0,9.07,0.0,0,0.0,0,0.0,0,0.0,20000.0,0,20000.0,0,0.0,0,0.0,0,0.0,0,0.0,0,30.83,0,116.0,0,13.78,0,-4.699,0,39.317,-76.586,45.0
2025-01-10 07:25:00,2025-01-10,2025-01-10 07:25:00,101.34,0,-3.456,0,0.033,53.69,0,0.215,0.244,0,0.001,5.214,0,5.063,0,306.2,0,13.76,0.0,0,0.0,0,0.0,0,0.0,20000.0,0,20000.0,0,0.0,0,0.0,0,0.0,0,0.0,0,30.83,0,116.0,0,13.78,0,-4.701,0,39.317,-76.586,45.0
2025-01-10 07:26:00,2025-01-10,2025-01-10 07:26:00,101.34,0,-3.491,0,0.04,53.66,0,0.215,0.243,0,0.001,3.229,0,3.063,0,310.9,0,18.4,0.0,0,0.0,0,0.0,0,0.0,20000.0,0,20000.0,0,0.0,0,0.0,0,0.0,0,0.0,0,30.83,0,116.0,0,13.78,0,-4.701,0,39.317,-76.586,45.0
2025-01-10 07:27:00,2025-01-10,2025-01-10 07:27:00,101.34,0,-3.553,0,0.045,53.87,0,0.237,0.243,0,0.001,4.541,0,4.482,0,304.7,0,9.17,0.0,0,0.0,0,0.0,0,0.0,20000.0,0,20000.0,0,0.0,0,0.0,0,0.0,0,0.0,0,30.83,0,116.0,0,13.78,0,-4.704,0,39.317,-76.586,45.0
2025-01-10 07:28:00,2025-01-10,2025-01-10 07:28:00,101.34,0,-3.484,0,0.03,53.86,0,0.206,0.244,0,0.001,4.026,0,3.95,0,304.2,0,11.17,0.0,0,0.0,0,0.0,0,0.0,20000.0,0,20000.0,0,0.0,0,0.0,0,0.0,0,0.0,0,30.83,0,116.0,0,13.78,0,-4.702,0,39.317,-76.586,45.0
2025-01-10 07:29:00,2025-01-10,2025-01-10 07:29:00,101.34,0,-3.538,0,0.04,53.87,0,0.219,0.243,0,0.001,4.229,0,4.161,0,317.7,0,10.24,0.0,0,0.0,0,0.0,0,0.0,20000.0,0,20000.0,0,0.0,0,0.0,0,0.0,0,0.0,0,30.83,0,116.0,0,13.78,0,-4.704,0,39.317,-76.586,45.0
2025-01-10 07:30:00,2025-01-10,2025-01-10 07:30:00,101.35,0,-3.507,0,0.038,53.83,0,0.247,0.244,0,0.001,2.811,0,2.699,0,314.2,0,16.17,0.0,0,0.0,0,0.0,0,0.0,20000.0,0,20000.0,0,0.0,0,0.0,0,0.0,0,0.0,0,30.83,0,116.0,0,13.78,0,-4.704,0,39.317,-76.586,45.0
2025-01-10 07:31:00,2025-01-10,2025-01-10 07:31:00,101.35,0,-3.526,0,0.043,53.7,0,0.202,0.243,0,0.001,2.755,0,2.69,0,320.0,0,12.47,0.0,0,0.0,0,0.0,0,0.0,20000.0,0,20000.0,0,0.0,0,0.0,0,0.0,0,0.0,0,30.83,0,116.0,0,13.78,0,-4.704,0,39.317,-76.586,45.0
2025-01-10 07:32:00,2025-01-10,2025-01-10 07:32:00,101.34,0,-3.585,0,0.027,53.83,0,0.211,0.242,0,0.001,3.835,0,3.725,0,308.4,0,13.72,0.0,0,0.0,0,0.0,0,0.0,20000.0,0,20000.0,0,0.0,0,0.0,0,0.0,0,0.0,0,30.83,0,116.0,0,13.78,0,-4.707,0,39.317,-76.586,45.0
2025-01-10 07:33:00,2025-01-10,2025-01-10 07:33:00,101.34,0,-3.543,0,0.036,53.87,0,0.224,0.243,0,0.001,4.132,0,3.945,0,322.4,0,17.24,0.0,0,0.0,0,0.0,0,0.0,20000.0,0,20000.0,0,0.0,0,0.0,0,0.0,0,0.0,0,30.83,0,116.0,0,13.78,0,-4.709,0,39.317,-76.586,45.0
2025-01-10 07:34:00,2025-01-10,2025-01-10 07:34:00,101.34,0,-3.479,0,0.029,53.61,0,0.226,0.243,0,0.001,3.52,0,3.42,0,307.7,0,13.62,0.0,0,0.0,0,0.0,0,0.0,20000.0,0,20000.0,0,0.0,0,0.0,0,0.0,0,0.0,0,30.83,0,116.0,0,13.78,0,-4.709,0,39.317,-76.586,45.0
2025-01-10 07:35:00,2025-01-10,2025-01-10 07:35:00,101.34,0,-3.437,0,0.038,53.36,0,0.236,0.243,0,0.001,3.82,0,3.697,0,311.7,0,14.57,0.0,0,0.0,0,0.0,0,0.0,20000.0,0,20000.0,0,0.0,0,0.0,0,0.0,0,0.0,0,30.83,0,116.0,0,13.78,0,-4.712,0,39.317,-76.586,45.0
2025-01-10 07:36:00,2025-01-10,2025-01-10 07:36:00,101.34,0,-3.414,0,0.034,53.18,0,0.219,0.243,0,0.001,2.71,0,2.625,0,314.6,0,14.35,0.0,0,0.0,0,0.0,0,0.0,20000.0,0,20000.0,0,0.0,0,0.0,0,0.0,0,0.0,0,30.83,0,116.0,0,13.78,0,-4.715,0,39.317,-76.586,45.0
2025-01-10 07:37:00,2025-01-10,2025-01-10 07:37:00,101.35,0,-3.395,0,0.033,53.01,0,0.204,0.242,0,0.001,2.92,0,2.847,0,308.7,0,12.84,0.0,0,0.0,0,0.0,0,0.0,20000.0,0,20000.0,0,0.0,0,0.0,0,0.0,0,0.0,0,30.83,0,116.0,0,13.78,0,-4.715,0,39.317,-76.586,45.0
2025-01-10 07:38:00,2025-01-10,2025-01-10 07:38:00,101.35,0,-3.429,0,0.03,53.0,0,0.224,0.241,0,0.001,3.427,0,3.367,0,287.2,0,10.66,0.0,0,0.0,0,0.0,0,0.0,20000.0,0,20000.0,0,0.0,0,0.0,0,0.0,0,0.0,0,30.83,0,116.0,0,13.78,0,-4.718,0,39.317,-76.586,45.0
2025-01-10 07:39:00,2025-01-10,2025-01-10 07:39:00,101.36,0,-3.434,0,0.028,53.0,0,0.206,0.241,0,0.001,2.808,0,2.694,0,301.8,0,16.28,0.0,0,0.0,0,0.0,0,0.0,20000.0,0,20000.0,0,0.0,0,0.0,0,0.0,0,0.0,0,30.83,0,116.0,0,13.78,0,-4.718,0,39.317,-76.586,45.0
2025-01-10 07:40:00,2025-01-10,2025-01-10 07:40:00,101.36,0,-3.44,0,0.029,53.0,0,0.239,0.241,0,0.001,2.31,0,2.17,0,307.3,0,19.92,0.0,0,0.0,0,0.0,0,0.0,20000.0,0,20000.0,0,0.0,0,0.0,0,0.0,0,0.0,0,30.83,0,116.0,0,13.78,0,-4.72,0,39.317,-76.586,45.0
2025-01-10 07:41:00,2025-01-10,2025-01-10 07:41:00,101.36,0,-3.554,0,0.051,53.09,0,0.227,0.239,0,0.001,1.547,0,1.455,0,289.5,0,19.71,0.0,0,0.0,0,0.0,0,0.0,20000.0,0,20000.0,0,0.0,0,0.0,0,0.0,0,0.0,0,30.83,0,116.0,0,13.78,0,-4.72,0,39.317,-76.586,45.0
2025-01-10 07:42:00,2025-01-10,2025-01-10 07:42:00,101.36,0,-3.569,0,0.037,53.36,0,0.225,0.24,0,0.001,1.669,0,1.612,0,306.0,0,14.98,0.0,0,0.0,0,0.0,0,0.0,20000.0,0,20000.0,0,0.0,0,0.0,0,0.0,0,0.0,0,30.83,0,116.0,0,13.78,0,-4.723,0,39.317,-76.586,45.0
2025-01-10 07:43:00,2025-01-10,2025-01-10 07:43:00,101.37,0,-3.612,0,0.036,53.64,0,0.228,0.241,0,0.001,1.196,0,1.124,0,290.3,0,19.78,0.0,0,0.0,0,0.0,0,0.0,20000.0,0,20000.0,0,0.0,0,0.0,0,0.0,0,0.0,0,30.83,0,116.0,0,13.78,0,-4.726,0,39.317,-76.586,45.0
2025-01-10 07:44:00,2025-01-10,2025-01-10 07:44:00,101.37,0,-3.654,0,0.025,53.87,0,0.207,0.241,0,0.001,1.274,0,1.235,0,284.5,0,14.18,0.0,0,0.0,0,0.0,0,0.0,20000.0,0,20000.0,0,0.0,0,0.0,0,0.0,0,0.0,0,30.83,0,116.0,0,13.78,0,-4.731,0,39.317,-76.586,45.0
2025-01-10 07:45:00,2025-01-10,2025-01-10 07:45:00,101.36,0,-3.655,0,0.025,54.0,0,0.213,0.241,0,0.001,1.669,0,1.583,0,289.8,0,18.4,0.0,0,0.0,0,0.0,0,0.0,20000.0,0,20000.0,0,0.0,0,0.0,0,0.0,0,0.0,0,30.83,0,116.0,0,13.78,0,-4.737,0,39.317,-76.586,45.0
2025-01-10 07:46:00,2025-01-10,2025-01-10 07:46:00,101.36,0,-3.623,0,0.026,53.93,0,0.221,0.242,0,0.001,1.312,0,1.209,0,299.3,0,22.68,0.0,0,0.0,0,0.0,0,0.0,20000.0,0,20000.0,0,0.0,0,0.0,0,0.0,0,0.0,0,30.83,0,116.0,0,13.78,0,-4.742,0,39.317,-76.586,45.0
2025-01-10 07:47:00,2025-01-10,2025-01-10 07:47:00,101.36,0,-3.68,0,0.045,53.91,0,0.205,0.24,0,0.001,2.365,0,2.327,0,305.3,0,10.21,0.0,0,0.0,0,0.0,0,0.0,20000.0,0,20000.0,0,0.0,0,0.0,0,0.0,0,0.0,0,30.83,0,116.0,0,13.78,0,-4.747,0,39.317,-76.586,45.0
2025-01-10 07:48:00,2025-01-10,2025-01-10 07:48:00,101.36,0,-3.634,0,0.05,53.9,0,0.219,0.241,0,0.001,2.535,0,2.425,0,305.2,0,16.85,0.0,0,0.0,0,0.0,0,0.0,20000.0,0,20000.0,0,0.0,0,0.0,0,0.0,0,0.0,0,30.83,0,116.0,0,13.78,0,-4.755,0,39.317,-76.586,45.0
2025-01-10 07:49:00,2025-01-10,2025-01-10 07:49:00,101.36,0,-3.61,0,0.031,53.76,0,0.214,0.241,0,0.001,2.337,0,2.285,0,302.8,0,12.09,0.0,0,0.0,0,0.0,0,0.0,20000.0,0,20000.0,0,0.0,0,0.0,0,0.0,0,0.0,0,30.83,0,116.0,0,13.78,0,-4.763,0,39.317,-76.586,45.0
2025-01-10 07:50:00,2025-01-10,2025-01-10 07:50:00,101.36,0,-3.601,0,0.041,53.73,0,0.222,0.241,0,0.002,2.728,0,2.708,0,282.6,0,6.791,0.0,0,0.0,0,0.0,0,0.0,20000.0,0,20000.0,0,0.0,0,0.0,0,0.0,0,0.0,0,30.83,0,116.0,0,13.78,0,-4.774,0,39.317,-76.586,45.0
2025-01-10 07:51:00,2025-01-10,2025-01-10 07:51:00,101.36,0,-3.571,0,0.038,53.64,0,0.216,0.241,0,0.001,1.958,0,1.93,0,295.5,0,9.83,0.0,0,0.0,0,0.0,0,0.0,20000.0,0,20000.0,0,0.0,0,0.0,0,0.0,0,0.0,0,30.83,0,116.0,0,13.78,0,-4.782,0,39.317,-76.586,45.0
2025-01-10 07:52:00,2025-01-10,2025-01-10 07:52:00,101.36,0,-3.755,0,0.075,53.85,0,0.304,0.239,0,0.001,1.704,0,1.685,0,297.7,0,8.56,0.0,0,0.0,0,0.0,0,0.0,20000.0,0,20000.0,0,0.0,0,0.0,0,0.0,0,0.0,0,30.83,0,116.0,0,13.78,0,-4.79,0,39.317,-76.586,45.0
2025-01-10 07:53:00,2025-01-10,2025-01-10 07:53:00,101.36,0,-3.933,0,0.069,54.63,0,0.317,0.239,0,0.001,1.72,0,1.696,0,296.0,0,9.46,0.0,0,0.0,0,0.0,0,0.0,20000.0,0,20000.0,0,0.0,0,0.0,0,0.0,0,0.0,0,30.83,0,116.0,0,13.78,0,-4.801,0,39.317,-76.586,45.0
2025-01-10 07:54:00,2025-01-10,2025-01-10 07:54:00,101.36,0,-4.126,0,0.051,55.52,0,0.345,0.238,0,0.001,1.81,0,1.782,0,288.3,0,10.02,0.0,0,0.0,0,0.0,0,0.0,20000.0,0,20000.0,0,0.0,0,0.0,0,0.0,0,0.0,0,30.83,0,116.0,0,13.78,0,-4.812,0,39.317,-76.586,45.0
2025-01-10 07:55:00,2025-01-10,2025-01-10 07:55:00,101.36,0,-4.122,0,0.031,56.07,0,0.237,0.241,0,0.001,1.829,0,1.813,0,284.8,0,7.653,0.0,0,0.0,0,0.0,0,0.0,20000.0,0,20000.0,0,0.0,0,0.0,0,0.0,0,0.0,0,30.83,0,116.0,0,13.78,0,-4.825,0,39.317,-76.586,45.0
2025-01-10 07:56:00,2025-01-10,2025-01-10 07:56:00,101.35,0,-4.069,0,0.032,56.28,0,0.217,0.243,0,0.001,1.326,0,1.31,0,281.1,0,8.88,0.0,0,0.0,0,0.0,0,0.0,20000.0,0,20000.0,0,0.0,0,0.0,0,0.0,0,0.0,0,30.83,0,116.0,0,13.78,0,-4.836,0,39.317,-76.586,45.0
2025-01-10 07:57:00,2025-01-10,2025-01-10 07:57:00,101.35,0,-4.144,0,0.054,56.33,0,0.23,0.242,0,0.002,1.197,0,1.185,0,291.4,0,8.24,0.0,0,0.0,0,0.0,0,0.0,20000.0,0,20000.0,0,0.0,0,0.0,0,0.0,0,0.0,0,30.83,0,116.0,0,13.78,0,-4.852,0,39.317,-76.586,45.0
2025-01-10 07:58:00,2025-01-10,2025-01-10 07:58:00,101.36,0,-4.176,0,0.041,56.68,0,0.24,0.242,0,0.001,1.326,0,1.31,0,293.7,0,9.06,0.0,0,0.0,0,0.0,0,0.0,20000.0,0,20000.0,0,0.0,0,0.0,0,0.0,0,0.0,0,30.83,0,116.0,0,13.79,0,-4.866,0,39.317,-76.586,45.0
2025-01-10 07:59:00,2025-01-10,2025-01-10 07:59:00,101.36,0,-4.272,0,0.031,57.08,0,0.235,0.242,0,0.001,1.134,0,1.121,0,283.8,0,8.67,0.0,0,0.0,0,0.0,0,0.0,20000.0,0,20000.0,0,0.0,0,0.0,0,0.0,0,0.0,0,30.83,0,116.0,0,13.78,0,-4.882,0,39.317,-76.586,45.0
2025-01-10 08:00:00,2025-01-10,2025-01-10 08:00:00,101.36,0,-4.232,0,0.031,57.37,0,0.237,0.244,0,0.001,0.766,0,0.762,0,278.5,0,5.751,0.0,0,0.0,0,0.0,0,0.0,20000.0,0,20000.0,0,0.0,0,0.0,0,0.0,0,0.0,0,30.83,0,116.0,0,13.79,0,-4.901,0,39.317,-76.586,45.0
2025-01-10 08:01:00,2025-01-10,2025-01-10 08:01:00,101.36,0,-4.153,0,0.042,57.45,0,0.21,0.246,0,0.001,1.245,0,1.236,0,275.2,0,6.83,0.0,0,0.0,0,0.0,0,0.0,20000.0,0,20000.0,0,0.0,0,0.0,0,0.0,0,0.0,0,30.83,0,116.0,0,13.78,0,-4.923,0,39.317,-76.586,45.0
2025-01-10 08:02:00,2025-01-10,2025-01-10 08:02:00,101.36,0,-4.18,0,0.046,57.26,0,0.216,0.245,0,0.002,0.913,0,0.904,0,263.3,0,7.861,0.0,0,0.0,0,0.0,0,0.0,20000.0,0,20000.0,0,0.0,0,0.0,0,0.0,0,0.0,0,30.83,0,116.0,0,13.79,0,-4.944,0,39.317,-76.586,45.0
2025-01-10 08:03:00,2025-01-10,2025-01-10 08:03:00,101.36,0,-4.324,0,0.078,57.31,0,0.214,0.242,0,0.002,1.138,0,1.132,0,271.1,0,6.235,0.0,0,0.0,0,0.0,0,0.0,20000.0,0,20000.0,0,0.0,0,0.0,0,0.0,0,0.0,0,30.83,0,116.0,0,13.79,0,-4.966,0,39.317,-76.586,45.0
2025-01-10 08:04:00,2025-01-10,2025-01-10 08:04:00,101.35,0,-4.401,0,0.03,57.74,0,0.249,0.242,0,0.001,0.936,0,0.915,0,249.5,0,12.06,0.0,0,0.0,0,0.0,0,0.0,20000.0,0,20000.0,0,0.0,0,0.0,0,0.0,0,0.0,0,30.83,0,116.0,0,13.79,0,-4.987,0,39.317,-76.586,45.0
2025-01-10 08:05:00,2025-01-10,2025-01-10 08:05:00,101.36,0,-4.363,0,0.043,58.06,0,0.226,0.244,0,0.002,1.692,0,1.668,0,248.3,0,9.65,0.0,0,0.0,0,0.0,0,0.0,20000.0,0,20000.0,0,0.0,0,0.0,0,0.0,0,0.0,0,30.83,0,116.0,0,13.79,0,-5.014,0,39.317,-76.586,45.0
2025-01-10 08:06:00,2025-01-10,2025-01-10 08:06:00,101.35,0,-4.221,0,0.063,58.16,0,0.22,0.248,0,0.002,1.171,0,1.158,0,244.3,0,8.48,0.0,0,0.0,0,0.0,0,0.0,20000.0,0,20000.0,0,0.0,0,0.0,0,0.0,0,0.0,0,30.83,0,116.0,0,13.79,0,-5.039,0,39.317,-76.586,45.0
2025-01-10 08:07:00,2025-01-10,2025-01-10 08:07:00,101.36,0,-4.093,0,0.033,57.82,0,0.284,0.249,0,0.002,1.602,0,1.575,0,248.7,0,10.63,0.0,0,0.0,0,0.0,0,0.0,20000.0,0,20000.0,0,0.0,0,0.0,0,0.0,0,0.0,0,30.83,0,116.0,0,13.79,0,-5.068,0,39.317,-76.586,45.0
2025-01-10 08:08:00,2025-01-10,2025-01-10 08:08:00,101.36,0,-4.14,0,0.047,57.38,0,0.253,0.246,0,0.002,1.708,0,1.656,0,246.5,0,14.21,0.0,0,0.0,0,0.0,0,0.0,20000.0,0,20000.0,0,0.0,0,0.0,0,0.0,0,0.0,0,30.83,0,116.0,0,13.79,0,-5.098,0,39.317,-76.586,45.0
2025-01-10 08:09:00,2025-01-10,2025-01-10 08:09:00,101.35,0,-4.23,0,0.036,57.24,0,0.257,0.244,0,0.002,2.546,0,2.328,0,268.0,0,23.7,0.0,0,0.0,0,0.0,0,0.0,20000.0,0,20000.0,0,0.0,0,0.0,0,0.0,0,0.0,0,30.83,0,116.0,0,13.79,0,-5.125,0,39.317,-76.586,45.0
2025-01-10 08:10:00,2025-01-10,2025-01-10 08:10:00,101.35,0,-4.115,0,0.044,57.38,0,0.233,0.247,0,0.001,2.334,0,2.205,0,267.5,0,19.05,0.0,0,0.0,0,0.0,0,0.0,20000.0,0,20000.0,0,0.0,0,0.0,0,0.0,0,0.0,0,30.83,0,116.0,0,13.79,0,-5.155,0,39.317,-76.586,45.0
2025-01-10 08:11:00,2025-01-10,2025-01-10 08:11:00,101.34,0,-4.061,0,0.038,57.09,0,0.228,0.247,0,0.001,2.656,0,2.529,0,259.4,0,17.72,0.0,0,0.0,0,0.0,0,0.0,20000.0,0,20000.0,0,0.0,0,0.0,0,0.0,0,0.0,0,30.83,0,116.0,0,13.79,0,-5.185,0,39.317,-76.586,45.0
2025-01-10 08:12:00,2025-01-10,2025-01-10 08:12:00,101.34,0,-3.981,0,0.047,57.1,0,0.222,0.248,0,0.002,1.749,0,1.682,0,271.1,0,15.86,0.0,0,0.0,0,0.0,0,0.0,20000.0,0,20000.0,0,0.0,0,0.0,0,0.0,0,0.0,0,30.83,0,116.0,0,13.79,0,-5.212,0,39.317,-76.586,45.0
2025-01-10 08:13:00,2025-01-10,2025-01-10 08:13:00,101.33,0,-3.979,0,0.029,56.73,0,0.227,0.247,0,0.001,2.179,0,2.116,0,273.0,0,13.78,0.0,0,0.0,0,0.0,0,0.0,20000.0,0,20000.0,0,0.0,0,0.0,0,0.0,0,0.0,0,30.83,0,116.0,0,13.79,0,-5.236,0,39.317,-76.586,45.0
2025-01-10 08:14:00,2025-01-10,2025-01-10 08:14:00,101.34,0,-3.951,0,0.03,56.48,0,0.229,0.246,0,0.001,1.759,0,1.732,0,284.8,0,10.05,0.0,0,0.0,0,0.0,0,0.0,20000.0,0,20000.0,0,0.0,0,0.0,0,0.0,0,0.0,0,30.83,0,116.0,0,13.79,0,-5.263,0,39.317,-76.586,45.0
2025-01-10 08:15:00,2025-01-10,2025-01-10 08:15:00,101.34,0,-4.018,0,0.064,56.31,0,0.224,0.244,0,0.002,2.927,0,2.783,0,288.6,0,17.94,0.0,0,0.0,0,0.0,0,0.0,20000.0,0,20000.0,0,0.0,0,0.0,0,0.0,0,0.0,0,30.83,0,116.0,0,13.8,0,-5.287,0,39.317,-76.586,45.0
2025-01-10 08:16:00,2025-01-10,2025-01-10 08:16:00,101.34,0,-3.992,0,0.042,56.09,0,0.24,0.244,0,0.001,3.157,0,3.023,0,281.0,0,16.72,0.0,0,0.0,0,0.0,0,0.0,20000.0,0,20000.0,0,0.0,0,0.0,0,0.0,0,0.0,0,30.83,0,116.0,0,13.79,0,-5.309,0,39.317,-76.586,45.0
2025-01-10 08:17:00,2025-01-10,2025-01-10 08:17:00,101.34,0,-3.937,0,0.029,55.66,0,0.239,0.243,0,0.001,3.634,0,3.52,0,294.8,0,14.36,0.0,0,0.0,0,0.0,0,0.0,20000.0,0,20000.0,0,0.0,0,0.0,0,0.0,0,0.0,0,30.83,0,116.0,0,13.79,0,-5.33,0,39.317,-76.586,45.0
2025-01-10 08:18:00,2025-01-10,2025-01-10 08:18:00,101.34,0,-3.957,0,0.024,55.39,0,0.213,0.241,0,0.001,2.862,0,2.769,0,284.6,0,14.6,0.0,0,0.0,0,0.0,0,0.0,20000.0,0,20000.0,0,0.0,0,0.0,0,0.0,0,0.0,0,30.83,0,116.0,0,13.8,0,-5.35,0,39.317,-76.586,45.0
2025-01-10 08:19:00,2025-01-10,2025-01-10 08:19:00,101.33,0,-4.003,0,0.047,55.33,0,0.207,0.24,0,0.001,2.29,0,2.244,0,292.8,0,11.5,0.0,0,0.0,0,0.0,0,0.0,20000.0,0,20000.0,0,0.0,0,0.0,0,0.0,0,0.0,0,30.83,0,116.0,0,13.8,0,-5.369,0,39.317,-76.586,45.0
2025-01-10 08:20:00,2025-01-10,2025-01-10 08:20:00,101.33,0,-4.079,0,0.032,55.49,0,0.246,0.239,0,0.001,3.673,0,3.609,0,303.3,0,10.71,0.0,0,0.0,0,0.0,0,0.0,20000.0,0,20000.0,0,0.0,0,0.0,0,0.0,0,0.0,0,30.83,0,116.0,0,13.8,0,-5.385,0,39.317,-76.586,45.0
2025-01-10 08:21:00,2025-01-10,2025-01-10 08:21:00,101.33,0,-3.984,0,0.061,55.62,0,0.228,0.242,0,0.001,3.734,0,3.672,0,294.0,0,10.42,0.0,0,0.0,0,0.0,0,0.0,20000.0,0,20000.0,0,0.0,0,0.0,0,0.0,0,0.0,0,30.83,0,116.0,0,13.8,0,-5.401,0,39.317,-76.586,45.0
2025-01-10 08:22:00,2025-01-10,2025-01-10 08:22:00,101.33,0,-3.929,0,0.062,55.37,0,0.236,0.242,0,0.001,2.769,0,2.612,0,288.0,0,19.28,0.0,0,0.0,0,0.0,0,0.0,20000.0,0,20000.0,0,0.0,0,0.0,0,0.0,0,0.0,0,30.83,0,116.0,0,13.8,0,-5.414,0,39.317,-76.586,45.0
2025-01-10 08:23:00,2025-01-10,2025-01-10 08:23:00,101.33,0,-4.038,0,0.081,55.24,0,0.215,0.239,0,0.002,3.08,0,2.978,0,301.5,0,14.79,0.0,0,0.0,0,0.0,0,0.0,20000.0,0,20000.0,0,0.0,0,0.0,0,0.0,0,0.0,0,30.83,0,116.0,0,13.8,0,-5.428,0,39.317,-76.586,45.0
2025-01-10 08:24:00,2025-01-10,2025-01-10 08:24:00,101.34,0,-4.143,0,0.039,55.58,0,0.228,0.238,0,0.001,3.141,0,3.105,0,297.3,0,8.63,0.0,0,0.0,0,0.0,0,0.0,20000.0,0,20000.0,0,0.0,0,0.0,0,0.0,0,0.0,0,30.83,0,116.0,0,13.8,0,-5.439,0,39.317,-76.586,45.0
2025-01-10 08:25:00,2025-01-10,2025-01-10 08:25:00,101.33,0,-4.196,0,0.059,55.98,0,0.231,0.239,0,0.002,3.815,0,3.763,0,306.3,0,9.5,0.0,0,0.0,0,0.0,0,0.0,20000.0,0,20000.0,0,0.0,0,0.0,0,0.0,0,0.0,0,30.83,0,116.0,0,13.8,0,-5.449,0,39.317,-76.586,45.0
2025-01-10 08:26:00,2025-01-10,2025-01-10 08:26:00,101.33,0,-4.081,0,0.052,56.17,0,0.238,0.242,0,0.001,2.546,0,2.492,0,292.3,0,11.83,0.0,0,0.0,0,0.0,0,0.0,20000.0,0,20000.0,0,0.0,0,0.0,0,0.0,0,0.0,0,30.83,0,116.0,0,13.8,0,-5.46,0,39.317,-76.586,45.0
2025-01-10 08:27:00,2025-01-10,2025-01-10 08:27:00,101.33,0,-4.13,0,0.023,56.17,0,0.216,0.241,0,0.001,2.597,0,2.465,0,286.4,0,18.25,0.0,0,0.0,0,0.0,0,0.0,20000.0,0,20000.0,0,0.0,0,0.0,0,0.0,0,0.0,0,30.83,0,116.0,0,13.8,0,-5.468,0,39.317,-76.586,45.0
2025-01-10 08:28:00,2025-01-10,2025-01-10 08:28:00,101.34,0,-4.25,0,0.041,56.24,0,0.234,0.239,0,0.001,2.639,0,2.453,0,309.3,0,21.52,0.0,0,0.0,0,0.0,0,0.0,20000.0,0,20000.0,0,0.0,0,0.0,0,0.0,0,0.0,0,30.83,0,116.0,0,13.8,0,-5.474,0,39.317,-76.586,45.0
2025-01-10 08:29:00,2025-01-10,2025-01-10 08:29:00,101.34,0,-4.257,0,0.028,56.66,0,0.234,0.241,0,0.001,2.662,0,2.623,0,300.6,0,9.79,0.0,0,0.0,0,0.0,0,0.0,20000.0,0,20000.0,0,0.0,0,0.0,0,0.0,0,0.0,0,30.83,0,116.0,0,13.8,0,-5.482,0,39.317,-76.586,45.0
2025-01-10 08:30:00,2025-01-10,2025-01-10 08:30:00,101.34,0,-4.211,0,0.026,56.83,0,0.212,0.242,0,0.001,2.476,0,2.421,0,299.8,0,12.05,0.0,0,0.0,0,0.0,0,0.0,20000.0,0,20000.0,0,0.0,0,0.0,0,0.0,0,0.0,0,30.83,0,116.0,0,13.8,0,-5.49,0,39.317,-76.586,45.0
2025-01-10 08:31:00,2025-01-10,2025-01-10 08:31:00,101.33,0,-4.31,0,0.058,56.88,0,0.221,0.241,0,0.002,1.744,0,1.689,0,285.9,0,14.5,0.0,0,0.0,0,0.0,0,0.0,20000.0,0,20000.0,0,0.0,0,0.0,0,0.0,0,0.0,0,30.83,0,116.0,0,13.8,0,-5.498,0,39.317,-76.586,45.0
2025-01-10 08:32:00,2025-01-10,2025-01-10 08:32:00,101.32,0,-4.432,0,0.054,57.04,0,0.22,0.239,0,0.001,2.256,0,2.131,0,300.5,0,19.04,0.0,0,0.0,0,0.0,0,0.0,20000.0,0,20000.0,0,0.0,0,0.0,0,0.0,0,0.0,0,30.83,0,116.0,0,13.8,0,-5.507,0,39.317,-76.586,45.0
2025-01-10 08:33:00,2025-01-10,2025-01-10 08:33:00,101.33,0,-4.428,0,0.039,57.18,0,0.215,0.239,0,0.001,2.524,0,2.484,0,295.2,0,10.07,0.0,0,0.0,0,0.0,0,0.0,20000.0,0,20000.0,0,0.0,0,0.0,0,0.0,0,0.0,0,30.83,0,116.0,0,13.8,0,-5.514,0,39.317,-76.586,45.0
2025-01-10 08:34:00,2025-01-10,2025-01-10 08:34:00,101.33,0,-4.372,0,0.053,57.06,0,0.225,0.24,0,0.001,2.453,0,2.345,0,289.2,0,17.05,0.0,0,0.0,0,0.0,0,0.0,20000.0,0,20000.0,0,0.0,0,0.0,0,0.0,0,0.0,0,30.83,0,116.0,0,13.8,0,-5.52,0,39.317,-76.586,45.0
2025-01-10 08:35:00,2025-01-10,2025-01-10 08:35:00,101.33,0,-4.273,0,0.036,56.88,0,0.239,0.241,0,0.001,2.801,0,2.763,0,298.5,0,9.45,0.0,0,0.0,0,0.0,0,0.0,20000.0,0,20000.0,0,0.0,0,0.0,0,0.0,0,0.0,0,30.83,0,116.0,0,13.8,0,-5.531,0,39.317,-76.586,45.0
2025-01-10 08:36:00,2025-01-10,2025-01-10 08:36:00,101.34,0,-4.169,0,0.055,56.58,0,0.224,0.242,0,0.001,3.427,0,3.349,0,310.7,0,12.23,0.0,0,0.0,0,0.0,0,0.0,20000.0,0,20000.0,0,0.0,0,0.0,0,0.0,0,0.0,0,30.83,0,116.0,0,13.8,0,-5.536,0,39.317,-76.586,45.0
2025-01-10 08:37:00,2025-01-10,2025-01-10 08:37:00,101.34,0,-4.078,0,0.033,56.2,0,0.224,0.242,0,0.001,3.102,0,3.065,0,309.0,0,8.85,0.0,0,0.0,0,0.0,0,0.0,20000.0,0,20000.0,0,0.0,0,0.0,0,0.0,0,0.0,0,30.83,0,116.0,0,13.8,0,-5.547,0,39.317,-76.586,45.0
2025-01-10 08:38:00,2025-01-10,2025-01-10 08:38:00,101.34,0,-4.077,0,0.027,55.93,0,0.222,0.241,0,0.001,2.703,0,2.668,0,302.7,0,9.26,0.0,0,0.0,0,0.0,0,0.0,20000.0,0,20000.0,0,0.0,0,0.0,0,0.0,0,0.0,0,30.83,0,116.0,0,13.8,0,-5.552,0,39.317,-76.586,45.0
2025-01-10 08:39:00,2025-01-10,2025-01-10 08:39:00,101.34,0,-4.03,0,0.023,55.67,0,0.211,0.241,0,0.001,3.089,0,3.054,0,306.0,0,8.53,0.0,0,0.0,0,0.0,0,0.0,20000.0,0,20000.0,0,0.0,0,0.0,0,0.0,0,0.0,0,30.83,0,116.0,0,13.8,0,-5.561,0,39.317,-76.586,45.0
2025-01-10 08:40:00,2025-01-10,2025-01-10 08:40:00,101.34,0,-4.096,0,0.058,55.57,0,0.225,0.239,0,0.002,2.816,0,2.774,0,295.3,0,9.93,0.0,0,0.0,0,0.0,0,0.0,20000.0,0,20000.0,0,0.0,0,0.0,0,0.0,0,0.0,0,30.83,0,116.0,0,13.8,0,-5.569,0,39.317,-76.586,45.0
2025-01-10 08:41:00,2025-01-10,2025-01-10 08:41:00,101.34,0,-4.211,0,0.028,55.79,0,0.267,0.238,0,0.001,2.901,0,2.838,0,301.4,0,11.92,0.0,0,0.0,0,0.0,0,0.0,20000.0,0,20000.0,0,0.0,0,0.0,0,0.0,0,0.0,0,30.83,0,116.0,0,13.8,0,-5.577,0,39.317,-76.586,45.0
2025-01-10 08:42:00,2025-01-10,2025-01-10 08:42:00,101.34,0,-4.272,0,0.062,56.02,0,0.238,0.238,0,0.001,2.978,0,2.785,0,301.9,0,20.61,0.0,0,0.0,0,0.0,0,0.0,20000.0,0,20000.0,0,0.0,0,0.0,0,0.0,0,0.0,0,30.83,0,116.0,0,13.8,0,-5.585,0,39.317,-76.586,45.0
2025-01-10 08:43:00,2025-01-10,2025-01-10 08:43:00,101.34,0,-4.338,0,0.036,56.26,0,0.219,0.237,0,0.001,4.083,0,4.031,0,309.2,0,9.16,0.0,0,0.0,0,0.0,0,0.0,20000.0,0,20000.0,0,0.0,0,0.0,0,0.0,0,0.0,0,30.83,0,116.0,0,13.8,0,-5.591,0,39.317,-76.586,45.0
2025-01-10 08:44:00,2025-01-10,2025-01-10 08:44:00,101.34,0,-4.239,0,0.027,56.25,0,0.21,0.239,0,0.001,2.816,0,2.698,0,284.6,0,16.55,0.0,0,0.0,0,0.0,0,0.0,20000.0,0,20000.0,0,0.0,0,0.0,0,0.0,0,0.0,0,30.83,0,116.0,0,13.81,0,-5.599,0,39.317,-76.586,45.0
2025-01-10 08:45:00,2025-01-10,2025-01-10 08:45:00,101.34,0,-4.18,0,0.027,56.1,0,0.238,0.24,0,0.001,2.631,0,2.596,0,297.8,0,9.39,0.0,0,0.0,0,0.0,0,0.0,20000.0,0,20000.0,0,0.0,0,0.0,0,0.0,0,0.0,0,30.83,0,116.0,0,13.8,0,-5.609,0,39.317,-76.586,45.0
2025-01-10 08:46:00,2025-01-10,2025-01-10 08:46:00,101.34,0,-4.205,0,0.031,55.88,0,0.219,0.238,0,0.001,2.293,0,2.191,0,297.3,0,17.13,0.0,0,0.0,0,0.0,0,0.0,20000.0,0,20000.0,0,0.0,0,0.0,0,0.0,0,0.0,0,30.83,0,116.0,0,13.81,0,-5.615,0,39.317,-76.586,45.0
2025-01-10 08:47:00,2025-01-10,2025-01-10 08:47:00,101.34,0,-4.295,0,0.049,55.98,0,0.223,0.237,0,0.001,2.089,0,2.04,0,299.8,0,12.45,0.0,0,0.0,0,0.0,0,0.0,20000.0,0,20000.0,0,0.0,0,0.0,0,0.0,0,0.0,0,30.83,0,116.0,0,13.81,0,-5.623,0,39.317,-76.586,45.0
2025-01-10 08:48:00,2025-01-10,2025-01-10 08:48:00,101.34,0,-4.415,0,0.031,56.19,0,0.252,0.235,0,0.001,2.027,0,1.994,0,299.1,0,10.29,0.0,0,0.0,0,0.0,0,0.0,20000.0,0,20000.0,0,0.0,0,0.0,0,0.0,0,0.0,0,30.83,0,116.0,0,13.81,0,-5.628,0,39.317,-76.586,45.0
2025-01-10 08:49:00,2025-01-10,2025-01-10 08:49:00,101.34,0,-4.54,0,0.064,56.71,0,0.233,0.235,0,0.001,1.64,0,1.571,0,292.4,0,16.66,0.0,0,0.0,0,0.0,0,0.0,20000.0,0,20000.0,0,0.0,0,0.0,0,0.0,0,0.0,0,30.83,0,116.0,0,13.81,0,-5.637,0,39.317,-76.586,45.0
2025-01-10 08:50:00,2025-01-10,2025-01-10 08:50:00,101.34,0,-4.612,0,0.074,57.11,0,0.253,0.235,0,0.002,1.251,0,1.205,0,294.0,0,15.51,0.0,0,0.0,0,0.0,0,0.0,20000.0,0,20000.0,0,0.0,0,0.0,0,0.0,0,0.0,0,30.83,0,116.0,0,13.8,0,-5.645,0,39.317,-76.586,45.0
2025-01-10 08:51:00,2025-01-10,2025-01-10 08:51:00,101.34,0,-4.544,0,0.033,57.42,0,0.221,0.238,0,0.001,1.4,0,1.342,0,291.5,0,16.5,0.0,0,0.0,0,0.0,0,0.0,20000.0,0,20000.0,0,0.0,0,0.0,0,0.0,0,0.0,0,30.83,0,116.0,0,13.81,0,-5.653,0,39.317,-76.586,45.0
2025-01-10 08:52:00,2025-01-10,2025-01-10 08:52:00,101.33,0,-4.525,0,0.032,57.46,0,0.218,0.239,0,0.001,1.909,0,1.831,0,290.4,0,16.38,0.0,0,0.0,0,0.0,0,0.0,20000.0,0,20000.0,0,0.0,0,0.0,0,0.0,0,0.0,0,30.83,0,116.0,0,13.8,0,-5.661,0,39.317,-76.586,45.0
2025-01-10 08:53:00,2025-01-10,2025-01-10 08:53:00,101.33,0,-4.54,0,0.032,57.52,0,0.227,0.239,0,0.001,2.243,0,2.21,0,286.1,0,9.82,0.0,0,0.0,0,0.0,0,0.0,20000.0,0,20000.0,0,0.0,0,0.0,0,0.0,0,0.0,0,30.83,0,116.0,0,13.81,0,-5.672,0,39.317,-76.586,45.0
2025-01-10 08:54:00,2025-01-10,2025-01-10 08:54:00,101.34,0,-4.428,0,0.051,57.46,0,0.237,0.241,0,0.001,1.842,0,1.764,0,269.5,0,16.75,0.0,0,0.0,0,0.0,0,0.0,20000.0,0,20000.0,0,0.0,0,0.0,0,0.0,0,0.0,0,30.83,0,116.0,0,13.81,0,-5.683,0,39.317,-76.586,45.0
2025-01-10 08:55:00,2025-01-10,2025-01-10 08:55:00,101.34,0,-4.352,0,0.022,57.06,0,0.227,0.24,0,0.001,1.689,0,1.599,0,275.5,0,18.67,0.0,0,0.0,0,0.0,0,0.0,20000.0,0,20000.0,0,0.0,0,0.0,0,0.0,0,0.0,0,30.83,0,116.0,0,13.81,0,-5.693,0,39.317,-76.586,45.0
2025-01-10 08:56:00,2025-01-10,2025-01-10 08:56:00,101.34,0,-4.37,0,0.028,56.71,0,0.227,0.239,0,0.001,2.094,0,2.049,0,281.7,0,11.84,0.0,0,0.0,0,0.0,0,0.0,20000.0,0,20000.0,0,0.0,0,0.0,0,0.0,0,0.0,0,30.83,0,116.0,0,13.81,0,-5.702,0,39.317,-76.586,45.0
2025-01-10 08:57:00,2025-01-10,2025-01-10 08:57:00,101.34,0,-4.323,0,0.053,56.49,0,0.231,0.239,0,0.002,1.532,0,1.477,0,287.3,0,15.34,0.0,0,0.0,0,0.0,0,0.0,20000.0,0,20000.0,0,0.0,0,0.0,0,0.0,0,0.0,0,30.83,0,116.0,0,13.81,0,-5.715,0,39.317,-76.586,45.0
2025-01-10 08:58:00,2025-01-10,2025-01-10 08:58:00,101.34,0,-4.424,0,0.057,56.58,0,0.225,0.237,0,0.002,2.574,0,2.491,0,294.9,0,14.52,0.0,0,0.0,0,0.0,0,0.0,20000.0,0,20000.0,0,0.0,0,0.0,0,0.0,0,0.0,0,30.83,0,116.0,0,13.81,0,-5.726,0,39.317,-76.586,45.0
2025-01-10 08:59:00,2025-01-10,2025-01-10 08:59:00,101.35,0,-4.274,0,0.044,56.61,0,0.248,0.24,0,0.002,1.816,0,1.789,0,271.9,0,10.0,0.0,0,0.0,0,0.0,0,0.0,20000.0,0,20000.0,0,0.0,0,0.0,0,0.0,0,0.0,0,30.83,0,116.0,0,13.81,0,-5.737,0,39.317,-76.586,45.0
2025-01-10 09:00:00,2025-01-10,2025-01-10 09:00:00,101.35,0,-4.286,0,0.04,56.34,0,0.242,0.239,0,0.002,2.486,0,2.379,0,291.2,0,16.8,0.0,0,0.0,0,0.0,0,0.0,20000.0,0,20000.0,0,0.0,0,0.0,0,0.0,0,0.0,0,30.83,0,116.0,0,13.81,0,-5.75,0,39.317,-76.586,45.0
2025-01-10 09:01:00,2025-01-10,2025-01-10 09:01:00,101.35,0,-4.234,0,0.041,56.14,0,0.231,0.239,0,0.001,3.232,0,3.178,0,299.5,0,10.49,0.0,0,0.0,0,0.0,0,0.0,20000.0,0,20000.0,0,0.0,0,0.0,0,0.0,0,0.0,0,30.83,0,116.0,0,13.81,0,-5.761,0,39.317,-76.586,45.0
2025-01-10 09:02:00,2025-01-10,2025-01-10 09:02:00,101.36,0,-4.298,0,0.045,56.01,0,0.217,0.237,0,0.001,2.203,0,2.179,0,297.8,0,8.44,0.0,0,0.0,0,0.0,0,0.0,20000.0,0,20000.0,0,0.0,0,0.0,0,0.0,0,0.0,0,30.83,0,116.0,0,13.81,0,-5.772,0,39.317,-76.586,45.0
2025-01-10 09:03:00,2025-01-10,2025-01-10 09:03:00,101.36,0,-4.389,0,0.04,56.25,0,0.245,0.236,0,0.001,2.109,0,2.008,0,292.3,0,17.7,0.0,0,0.0,0,0.0,0,0.0,20000.0,0,20000.0,0,0.0,0,0.0,0,0.0,0,0.0,0,30.83,0,116.0,0,13.81,0,-5.783,0,39.317,-76.586,45.0
2025-01-10 09:04:00,2025-01-10,2025-01-10 09:04:00,101.36,0,-4.543,0,0.074,56.72,0,0.283,0.235,0,0.001,2.138,0,2.118,0,304.1,0,7.812,0.0,0,0.0,0,0.0,0,0.0,20000.0,0,20000.0,0,0.0,0,0.0,0,0.0,0,0.0,0,30.83,0,116.0,0,13.81,0,-5.794,0,39.317,-76.586,45.0
2025-01-10 09:05:00,2025-01-10,2025-01-10 09:05:00,101.36,0,-4.732,0,0.03,57.46,0,0.302,0.234,0,0.001,3.058,0,2.962,0,322.0,0,14.32,0.0,0,0.0,0,0.0,0,0.0,20000.0,0,20000.0,0,0.0,0,0.0,0,0.0,0,0.0,0,30.83,0,116.0,0,13.81,0,-5.805,0,39.317,-76.586,45.0
2025-01-10 09:06:00,2025-01-10,2025-01-10 09:06:00,101.36,0,-4.629,0,0.082,57.8,0,0.23,0.238,0,0.002,3.918,0,3.836,0,309.8,0,11.75,0.0,0,0.0,0,0.0,0,0.0,20000.0,0,20000.0,0,0.0,0,0.0,0,0.0,0,0.0,0,30.83,0,116.0,0,13.81,0,-5.815,0,39.317,-76.586,45.0
2025-01-10 09:07:00,2025-01-10,2025-01-10 09:07:00,101.35,0,-4.369,0,0.089,57.48,0,0.295,0.242,0,0.002,2.933,0,2.904,0,302.3,0,8.07,0.0,0,0.0,0,0.0,0,0.0,20000.0,0,20000.0,0,0.0,0,0.0,0,0.0,0,0.0,0,30.83,0,116.0,0,13.81,0,-5.826,0,39.317,-76.586,45.0
2025-01-10 09:08:00,2025-01-10,2025-01-10 09:08:00,101.34,0,-4.32,0,0.043,56.88,0,0.269,0.24,0,0.002,1.965,0,1.898,0,309.7,0,14.91,0.0,0,0.0,0,0.0,0,0.0,20000.0,0,20000.0,0,0.0,0,0.0,0,0.0,0,0.0,0,30.83,0,116.0,0,13.81,0,-5.837,0,39.317,-76.586,45.0
2025-01-10 09:09:00,2025-01-10,2025-01-10 09:09:00,101.34,0,-4.431,0,0.037,56.73,0,0.227,0.237,0,0.001,2.54,0,2.482,0,299.6,0,12.2,0.0,0,0.0,0,0.0,0,0.0,20000.0,0,20000.0,0,0.0,0,0.0,0,0.0,0,0.0,0,30.83,0,116.0,0,13.81,0,-5.848,0,39.317,-76.586,45.0
2025-01-10 09:10:00,2025-01-10,2025-01-10 09:10:00,101.35,0,-4.369,0,0.054,56.74,0,0.229,0.239,0,0.001,3.832,0,3.786,0,302.2,0,8.9,0.0,0,0.0,0,0.0,0,0.0,20000.0,0,20000.0,0,0.0,0,0.0,0,0.0,0,0.0,0,30.83,0,116.0,0,13.81,0,-5.859,0,39.317,-76.586,45.0
2025-01-10 09:11:00,2025-01-10,2025-01-10 09:11:00,101.35,0,-4.217,0,0.027,56.33,0,0.25,0.24,0,0.001,2.367,0,2.353,0,302.0,0,6.252,0.0,0,0.0,0,0.0,0,0.0,20000.0,0,20000.0,0,0.0,0,0.0,0,0.0,0,0.0,0,30.83,0,116.0,0,13.81,0,-5.87,0,39.317,-76.586,45.0
2025-01-10 09:12:00,2025-01-10,2025-01-10 09:12:00,101.36,0,-4.275,0,0.034,56.12,0,0.216,0.238,0,0.001,1.98,0,1.925,0,291.0,0,13.45,0.0,0,0.0,0,0.0,0,0.0,20000.0,0,20000.0,0,0.0,0,0.0,0,0.0,0,0.0,0,30.83,0,116.0,0,13.81,0,-5.881,0,39.317,-76.586,45.0
2025-01-10 09:13:00,2025-01-10,2025-01-10 09:13:00,101.36,0,-4.348,0,0.035,56.24,0,0.227,0.237,0,0.001,2.922,0,2.862,0,301.9,0,11.64,0.0,0,0.0,0,0.0,0,0.0,20000.0,0,20000.0,0,0.0,0,0.0,0,0.0,0,0.0,0,30.83,0,116.0,0,13.81,0,-5.889,0,39.317,-76.586,45.0
2025-01-10 09:14:00,2025-01-10,2025-01-10 09:14:00,101.37,0,-4.446,0,0.04,56.42,0,0.225,0.236,0,0.001,2.525,0,2.44,0,280.7,0,14.87,0.0,0,0.0,0,0.0,0,0.0,20000.0,0,20000.0,0,0.0,0,0.0,0,0.0,0,0.0,0,30.83,0,116.0,0,13.81,0,-5.897,0,39.317,-76.586,45.0
2025-01-10 09:15:00,2025-01-10,2025-01-10 09:15:00,101.38,0,-4.408,0,0.044,56.57,0,0.224,0.237,0,0.002,2.177,0,2.114,0,283.0,0,13.83,0.0,0,0.0,0,0.0,0,0.0,20000.0,0,20000.0,0,0.0,0,0.0,0,0.0,0,0.0,0,30.83,0,116.0,0,13.81,0,-5.908,0,39.317,-76.586,45.0
2025-01-10 09:16:00,2025-01-10,2025-01-10 09:16:00,101.38,0,-4.411,0,0.032,56.73,0,0.223,0.238,0,0.001,1.413,0,1.326,0,275.4,0,20.03,0.0,0,0.0,0,0.0,0,0.0,20000.0,0,20000.0,0,0.0,0,0.0,0,0.0,0,0.0,0,30.83,0,116.0,0,13.82,0,-5.916,0,39.317,-76.586,45.0
2025-01-10 09:17:00,2025-01-10,2025-01-10 09:17:00,101.39,0,-4.489,0,0.027,56.96,0,0.226,0.237,0,0.001,1.733,0,1.685,0,285.7,0,13.47,0.0,0,0.0,0,0.0,0,0.0,20000.0,0,20000.0,0,0.0,0,0.0,0,0.0,0,0.0,0,30.83,0,116.0,0,13.81,0,-5.924,0,39.317,-76.586,45.0
2025-01-10 09:18:00,2025-01-10,2025-01-10 09:18:00,101.39,0,-4.498,0,0.045,57.22,0,0.214,0.238,0,0.001,2.404,0,2.324,0,289.9,0,14.84,0.0,0,0.0,0,0.0,0,0.0,20000.0,0,20000.0,0,0.0,0,0.0,0,0.0,0,0.0,0,30.83,0,116.0,0,13.81,0,-5.932,0,39.317,-76.586,45.0
2025-01-10 09:19:00,2025-01-10,2025-01-10 09:19:00,101.39,0,-4.604,0,0.043,57.34,0,0.229,0.236,0,0.001,1.707,0,1.667,0,274.9,0,12.4,0.0,0,0.0,0,0.0,0,0.0,20000.0,0,20000.0,0,0.0,0,0.0,0,0.0,0,0.0,0,30.83,0,116.0,0,13.82,0,-5.941,0,39.317,-76.586,45.0
2025-01-10 09:20:00,2025-01-10,2025-01-10 09:20:00,101.4,0,-4.599,0,0.037,57.55,0,0.249,0.237,0,0.002,2.507,0,2.423,0,264.2,0,14.87,0.0,0,0.0,0,0.0,0,0.0,20000.0,0,20000.0,0,0.0,0,0.0,0,0.0,0,0.0,0,30.83,0,116.0,0,13.81,0,-5.951,0,39.317,-76.586,45.0
2025-01-10 09:21:00,2025-01-10,2025-01-10 09:21:00,101.4,0,-4.629,0,0.052,57.73,0,0.223,0.238,0,0.002,1.87,0,1.846,0,277.5,0,9.15,0.0,0,0.0,0,0.0,0,0.0,20000.0,0,20000.0,0,0.0,0,0.0,0,0.0,0,0.0,0,30.83,0,116.0,0,13.82,0,-5.959,0,39.317,-76.586,45.0
2025-01-10 09:22:00,2025-01-10,2025-01-10 09:22:00,101.41,0,-4.674,0,0.025,57.71,0,0.217,0.237,0,0.001,2.582,0,2.442,0,291.1,0,18.86,0.0,0,0.0,0,0.0,0,0.0,20000.0,0,20000.0,0,0.0,0,0.0,0,0.0,0,0.0,0,30.83,0,116.0,0,13.82,0,-5.97,0,39.317,-76.586,45.0
2025-01-10 09:23:00,2025-01-10,2025-01-10 09:23:00,101.41,0,-4.565,0,0.06,57.8,0,0.216,0.239,0,0.001,2.835,0,2.779,0,274.0,0,11.44,0.0,0,0.0,0,0.0,0,0.0,20000.0,0,20000.0,0,0.0,0,0.0,0,0.0,0,0.0,0,30.83,0,116.0,0,13.82,0,-5.981,0,39.317,-76.586,45.0
2025-01-10 09:24:00,2025-01-10,2025-01-10 09:24:00,101.41,0,-4.409,0,0.037,57.48,0,0.272,0.241,0,0.001,2.6,0,2.529,0,259.6,0,13.45,0.0,0,0.0,0,0.0,0,0.0,20000.0,0,20000.0,0,0.0,0,0.0,0,0.0,0,0.0,0,30.83,0,116.0,0,13.82,0,-5.989,0,39.317,-76.586,45.0
2025-01-10 09:25:00,2025-01-10,2025-01-10 09:25:00,101.42,0,-4.447,0,0.058,57.02,0,0.247,0.238,0,0.002,1.576,0,1.473,0,262.5,0,20.73,0.0,0,0.0,0,0.0,0,0.0,20000.0,0,20000.0,0,0.0,0,0.0,0,0.0,0,0.0,0,30.83,0,116.0,0,13.82,0,-6.0,0,39.317,-76.586,45.0
2025-01-10 09:26:00,2025-01-10,2025-01-10 09:26:00,101.42,0,-4.563,0,0.039,56.83,0,0.214,0.235,0,0.001,2.731,0,2.611,0,271.4,0,16.94,0.0,0,0.0,0,0.0,0,0.0,20000.0,0,20000.0,0,0.0,0,0.0,0,0.0,0,0.0,0,30.83,0,116.0,0,13.82,0,-6.008,0,39.317,-76.586,45.0
2025-01-10 09:27:00,2025-01-10,2025-01-10 09:27:00,101.43,0,-4.511,0,0.045,56.98,0,0.218,0.237,0,0.001,2.197,0,2.102,0,276.5,0,16.87,0.0,0,0.0,0,0.0,0,0.0,20000.0,0,20000.0,0,0.0,0,0.0,0,0.0,0,0.0,0,30.83,0,116.0,0,13.82,0,-6.017,0,39.317,-76.586,45.0
2025-01-10 09:28:00,2025-01-10,2025-01-10 09:28:00,101.43,0,-4.382,0,0.051,56.99,0,0.215,0.24,0,0.001,2.831,0,2.765,0,268.1,0,12.31,0.0,0,0.0,0,0.0,0,0.0,20000.0,0,20000.0,0,0.0,0,0.0,0,0.0,0,0.0,0,30.83,0,116.0,0,13.82,0,-6.027,0,39.317,-76.586,45.0
2025-01-10 09:29:00,2025-01-10,2025-01-10 09:29:00,101.43,0,-4.286,0,0.031,56.78,0,0.23,0.241,0,0.001,2.411,0,2.36,0,282.3,0,11.71,0.0,0,0.0,0,0.0,0,0.0,20000.0,0,20000.0,0,0.0,0,0.0,0,0.0,0,0.0,0,30.83,0,116.0,0,13.82,0,-6.035,0,39.317,-76.586,45.0
2025-01-10 09:30:00,2025-01-10,2025-01-10 09:30:00,101.44,0,-4.257,0,0.054,56.58,0,0.232,0.24,0,0.001,3.027,0,2.956,0,273.4,0,12.36,0.0,0,0.0,0,0.0,0,0.0,20000.0,0,20000.0,0,0.0,0,0.0,0,0.0,0,0.0,0,30.83,0,116.0,0,13.82,0,-6.043,0,39.317,-76.586,45.0
2025-01-10 09:31:00,2025-01-10,2025-01-10 09:31:00,101.44,0,-4.216,0,0.063,56.23,0,0.253,0.24,0,0.002,2.045,0,1.978,0,284.1,0,14.7,0.0,0,0.0,0,0.0,0,0.0,20000.0,0,20000.0,0,0.0,0,0.0,0,0.0,0,0.0,0,30.83,0,116.0,0,13.82,0,-6.049,0,39.317,-76.586,45.0
2025-01-10 09:32:00,2025-01-10,2025-01-10 09:32:00,101.44,0,-4.319,0,0.026,56.12,0,0.217,0.237,0,0.001,3.123,0,3.101,0,291.1,0,6.805,0.0,0,0.0,0,0.0,0,0.0,20000.0,0,20000.0,0,0.0,0,0.0,0,0.0,0,0.0,0,30.83,0,116.0,0,13.82,0,-6.057,0,39.317,-76.586,45.0
2025-01-10 09:33:00,2025-01-10,2025-01-10 09:33:00,101.44,0,-4.239,0,0.03,56.21,0,0.228,0.239,0,0.001,2.292,0,2.219,0,283.7,0,14.43,0.0,0,0.0,0,0.0,0,0.0,20000.0,0,20000.0,0,0.0,0,0.0,0,0.0,0,0.0,0,30.83,0,116.0,0,13.82,0,-6.06,0,39.317,-76.586,45.0
2025-01-10 09:34:00,2025-01-10,2025-01-10 09:34:00,101.44,0,-4.29,0,0.031,56.14,0,0.223,0.238,0,0.001,3.014,0,2.922,0,270.1,0,14.14,0.0,0,0.0,0,0.0,0,0.0,20000.0,0,20000.0,0,0.0,0,0.0,0,0.0,0,0.0,0,30.83,0,116.0,0,13.82,0,-6.065,0,39.317,-76.586,45.0
2025-01-10 09:35:00,2025-01-10,2025-01-10 09:35:00,101.45,0,-4.277,0,0.024,56.19,0,0.219,0.238,0,0.001,2.385,0,2.348,0,281.4,0,10.04,0.0,0,0.0,0,0.0,0,0.0,20000.0,0,20000.0,0,0.0,0,0.0,0,0.0,0,0.0,0,30.83,0,116.0,0,13.82,0,-6.071,0,39.317,-76.586,45.0
2025-01-10 09:36:00,2025-01-10,2025-01-10 09:36:00,101.46,0,-4.235,0,0.038,56.26,0,0.224,0.239,0,0.001,2.7,0,2.604,0,290.5,0,15.3,0.0,0,0.0,0,0.0,0,0.0,20000.0,0,20000.0,0,0.0,0,0.0,0,0.0,0,0.0,0,30.83,0,116.0,0,13.82,0,-6.076,0,39.317,-76.586,45.0
2025-01-10 09:37:00,2025-01-10,2025-01-10 09:37:00,101.46,0,-4.22,0,0.035,56.17,0,0.216,0.239,0,0.001,2.409,0,2.324,0,279.9,0,15.27,0.0,0,0.0,0,0.0,0,0.0,20000.0,0,20000.0,0,0.0,0,0.0,0,0.0,0,0.0,0,30.83,0,116.0,0,13.82,0,-6.079,0,39.317,-76.586,45.0
2025-01-10 09:38:00,2025-01-10,2025-01-10 09:38:00,101.46,0,-4.246,0,0.029,56.12,0,0.216,0.239,0,0.001,2.729,0,2.671,0,279.2,0,11.8,0.0,0,0.0,0,0.0,0,0.0,20000.0,0,20000.0,0,0.0,0,0.0,0,0.0,0,0.0,0,30.83,0,116.0,0,13.82,0,-6.084,0,39.317,-76.586,45.0
2025-01-10 09:39:00,2025-01-10,2025-01-10 09:39:00,101.45,0,-4.257,0,0.035,56.15,0,0.215,0.239,0,0.001,2.935,0,2.883,0,283.4,0,10.83,0.0,0,0.0,0,0.0,0,0.0,20000.0,0,20000.0,0,0.0,0,0.0,0,0.0,0,0.0,0,30.83,0,116.0,0,13.82,0,-6.087,0,39.317,-76.586,45.0
2025-01-10 09:40:00,2025-01-10,2025-01-10 09:40:00,101.45,0,-4.265,0,0.037,56.1,0,0.226,0.238,0,0.001,2.169,0,2.043,0,277.8,0,19.53,0.0,0,0.0,0,0.0,0,0.0,20000.0,0,20000.0,0,0.0,0,0.0,0,0.0,0,0.0,0,30.83,0,116.0,0,13.82,0,-6.09,0,39.317,-76.586,45.0
2025-01-10 09:41:00,2025-01-10,2025-01-10 09:41:00,101.46,0,-4.227,0,0.034,56.04,0,0.224,0.239,0,0.001,3.357,0,3.255,0,289.0,0,14.1,0.0,0,0.0,0,0.0,0,0.0,20000.0,0,20000.0,0,0.0,0,0.0,0,0.0,0,0.0,0,30.83,0,116.0,0,13.82,0,-6.092,0,39.317,-76.586,45.0
2025-01-10 09:42:00,2025-01-10,2025-01-10 09:42:00,101.46,0,-4.211,0,0.022,55.98,0,0.228,0.239,0,0.001,2.208,0,2.137,0,289.2,0,14.58,0.0,0,0.0,0,0.0,0,0.0,20000.0,0,20000.0,0,0.0,0,0.0,0,0.0,0,0.0,0,30.83,0,116.0,0,13.82,0,-6.095,0,39.317,-76.586,45.0
2025-01-10 09:43:00,2025-01-10,2025-01-10 09:43:00,101.47,0,-4.242,0,0.03,55.97,0,0.211,0.238,0,0.001,2.772,0,2.725,0,283.3,0,10.5,0.0,0,0.0,0,0.0,0,0.0,20000.0,0,20000.0,0,0.0,0,0.0,0,0.0,0,0.0,0,30.83,0,116.0,0,13.82,0,-6.095,0,39.317,-76.586,45.0
2025-01-10 09:44:00,2025-01-10,2025-01-10 09:44:00,101.47,0,-4.224,0,0.037,56.11,0,0.219,0.239,0,0.001,2.032,0,1.98,0,291.5,0,12.93,0.0,0,0.0,0,0.0,0,0.0,20000.0,0,20000.0,0,0.0,0,0.0,0,0.0,0,0.0,0,30.83,0,116.0,0,13.82,0,-6.098,0,39.317,-76.586,45.0
2025-01-10 09:45:00,2025-01-10,2025-01-10 09:45:00,101.48,0,-4.375,0,0.057,56.3,0,0.232,0.237,0,0.001,2.146,0,2.0,0,286.6,0,21.14,0.0,0,0.0,0,0.0,0,0.0,20000.0,0,20000.0,0,0.0,0,0.0,0,0.0,0,0.0,0,30.83,0,116.0,0,13.82,0,-6.098,0,39.317,-76.586,45.0
2025-01-10 09:46:00,2025-01-10,2025-01-10 09:46:00,101.48,0,-4.505,0,0.037,56.79,0,0.266,0.236,0,0.001,3.61,0,3.558,0,293.0,0,9.73,0.0,0,0.0,0,0.0,0,0.0,20000.0,0,20000.0,0,0.0,0,0.0,0,0.0,0,0.0,0,30.83,0,116.0,0,13.82,0,-6.098,0,39.317,-76.586,45.0
2025-01-10 09:47:00,2025-01-10,2025-01-10 09:47:00,101.48,0,-4.382,0,0.079,57.06,0,0.224,0.24,0,0.002,3.064,0,2.988,0,285.9,0,12.76,0.0,0,0.0,0,0.0,0,0.0,20000.0,0,20000.0,0,0.0,0,0.0,0,0.0,0,0.0,0,30.83,0,116.0,0,13.82,0,-6.101,0,39.317,-76.586,45.0
2025-01-10 09:48:00,2025-01-10,2025-01-10 09:48:00,101.47,0,-4.218,0,0.031,56.85,0,0.244,0.242,0,0.001,4.288,0,4.048,0,286.9,0,19.15,0.0,0,0.0,0,0.0,0,0.0,20000.0,0,20000.0,0,0.0,0,0.0,0,0.0,0,0.0,0,30.83,0,116.0,0,13.82,0,-6.101,0,39.317,-76.586,45.0
2025-01-10 09:49:00,2025-01-10,2025-01-10 09:49:00,101.48,0,-4.111,0,0.045,56.35,0,0.251,0.242,0,0.001,3.775,0,3.69,0,295.7,0,12.15,0.0,0,0.0,0,0.0,0,0.0,20000.0,0,20000.0,0,0.0,0,0.0,0,0.0,0,0.0,0,30.83,0,116.0,0,13.82,0,-6.101,0,39.317,-76.586,45.0
2025-01-10 09:50:00,2025-01-10,2025-01-10 09:50:00,101.48,0,-4.084,0,0.02,55.91,0,0.236,0.241,0,0.001,2.416,0,2.299,0,283.7,0,17.8,0.0,0,0.0,0,0.0,0,0.0,20000.0,0,20000.0,0,0.0,0,0.0,0,0.0,0,0.0,0,30.83,0,116.0,0,13.82,0,-6.101,0,39.317,-76.586,45.0
2025-01-10 09:51:00,2025-01-10,2025-01-10 09:51:00,101.48,0,-4.25,0,0.069,55.79,0,0.217,0.237,0,0.002,1.808,0,1.762,0,285.9,0,12.99,0.0,0,0.0,0,0.0,0,0.0,20000.0,0,20000.0,0,0.0,0,0.0,0,0.0,0,0.0,0,30.83,0,116.0,0,13.82,0,-6.101,0,39.317,-76.586,45.0
2025-01-10 09:52:00,2025-01-10,2025-01-10 09:52:00,101.48,0,-4.366,0,0.03,56.17,0,0.265,0.236,0,0.001,1.88,0,1.69,0,284.3,0,25.75,0.0,0,0.0,0,0.0,0,0.0,20000.0,0,20000.0,0,0.0,0,0.0,0,0.0,0,0.0,0,30.83,0,116.0,0,13.82,0,-6.098,0,39.317,-76.586,45.0
2025-01-10 09:53:00,2025-01-10,2025-01-10 09:53:00,101.48,0,-4.343,0,0.027,56.57,0,0.226,0.239,0,0.001,2.845,0,2.789,0,287.1,0,11.43,0.0,0,0.0,0,0.0,0,0.0,20000.0,0,20000.0,0,0.0,0,0.0,0,0.0,0,0.0,0,30.83,0,116.0,0,13.82,0,-6.098,0,39.317,-76.586,45.0
2025-01-10 09:54:00,2025-01-10,2025-01-10 09:54:00,101.47,0,-4.303,0,0.038,56.78,0,0.209,0.24,0,0.001,2.499,0,2.437,0,284.6,0,12.72,0.0,0,0.0,0,0.0,0,0.0,20000.0,0,20000.0,0,0.0,0,0.0,0,0.0,0,0.0,0,30.83,0,116.0,0,13.82,0,-6.095,0,39.317,-76.586,45.0
2025-01-10 09:55:00,2025-01-10,2025-01-10 09:55:00,101.47,0,-4.204,0,0.053,56.75,0,0.223,0.242,0,0.002,2.628,0,2.586,0,285.9,0,10.24,0.0,0,0.0,0,0.0,0,0.0,20000.0,0,20000.0,0,0.0,0,0.0,0,0.0,0,0.0,0,30.83,0,116.0,0,13.82,0,-6.095,0,39.317,-76.586,45.0
2025-01-10 09:56:00,2025-01-10,2025-01-10 09:56:00,101.47,0,-4.176,0,0.039,56.54,0,0.235,0.242,0,0.001,3.02,0,2.964,0,293.0,0,11.05,0.0,0,0.0,0,0.0,0,0.0,20000.0,0,20000.0,0,0.0,0,0.0,0,0.0,0,0.0,0,30.83,0,116.0,0,13.82,0,-6.095,0,39.317,-76.586,45.0
2025-01-10 09:57:00,2025-01-10,2025-01-10 09:57:00,101.47,0,-4.256,0,0.085,56.4,0,0.237,0.24,0,0.002,2.886,0,2.737,0,291.4,0,18.4,0.0,0,0.0,0,0.0,0,0.0,20000.0,0,20000.0,0,0.0,0,0.0,0,0.0,0,0.0,0,30.83,0,116.0,0,13.82,0,-6.095,0,39.317,-76.586,45.0
2025-01-10 09:58:00,2025-01-10,2025-01-10 09:58:00,101.46,0,-4.372,0,0.031,56.37,0,0.219,0.237,0,0.001,3.806,0,3.688,0,301.6,0,14.26,0.0,0,0.0,0,0.0,0,0.0,20000.0,0,20000.0,0,0.0,0,0.0,0,0.0,0,0.0,0,30.83,0,116.0,0,13.82,0,-6.095,0,39.317,-76.586,45.0
2025-01-10 09:59:00,2025-01-10,2025-01-10 09:59:00,101.45,0,-4.238,0,0.044,56.47,0,0.224,0.24,0,0.001,3.9,0,3.825,0,300.1,0,11.25,0.0,0,0.0,0,0.0,0,0.0,20000.0,0,20000.0,0,0.0,0,0.0,0,0.0,0,0.0,0,30.83,0,116.0,0,13.82,0,-6.095,0,39.317,-76.586,45.0
2025-01-10 10:00:00,2025-01-10,2025-01-10 10:00:00,101.45,0,-4.217,0,0.044,56.34,0,0.206,0.24,0,0.001,2.512,0,2.462,0,303.7,0,11.4,0.0,0,0.0,0,0.0,0,0.0,20000.0,0,20000.0,0,0.0,0,0.0,0,0.0,0,0.0,0,30.83,0,116.0,0,13.82,0,-6.095,0,39.317,-76.586,45.0
2025-01-10 10:01:00,2025-01-10,2025-01-10 10:01:00,101.44,0,-4.339,0,0.034,56.68,0,0.282,0.239,0,0.001,2.607,0,2.473,0,296.3,0,18.36,0.0,0,0.0,0,0.0,0,0.0,20000.0,0,20000.0,0,0.0,0,0.0,0,0.0,0,0.0,0,30.83,0,116.0,0,13.82,0,-6.095,0,39.317,-76.586,45.0
2025-01-10 10:02:00,2025-01-10,2025-01-10 10:02:00,101.43,0,-4.398,0,0.027,57.08,0,0.228,0.24,0,0.001,3.838,0,3.789,0,312.1,0,9.14,0.0,0,0.0,0,0.0,0,0.0,20000.0,0,20000.0,0,0.0,0,0.0,0,0.0,0,0.0,0,30.83,0,116.0,0,13.82,0,-6.098,0,39.317,-76.586,45.0
2025-01-10 10:03:00,2025-01-10,2025-01-10 10:03:00,101.43,0,-4.264,0,0.045,57.1,0,0.24,0.242,0,0.001,3.6,0,3.509,0,311.0,0,12.86,0.0,0,0.0,0,0.0,0,0.0,20000.0,0,20000.0,0,0.0,0,0.0,0,0.0,0,0.0,0,30.83,0,116.0,0,13.82,0,-6.098,0,39.317,-76.586,45.0
2025-01-10 10:04:00,2025-01-10,2025-01-10 10:04:00,101.42,0,-4.168,0,0.048,56.71,0,0.246,0.243,0,0.001,2.466,0,2.307,0,318.4,0,20.57,0.0,0,0.0,0,0.0,0,0.0,20000.0,0,20000.0,0,0.0,0,0.0,0,0.0,0,0.0,0,30.83,0,116.0,0,13.82,0,-6.098,0,39.317,-76.586,45.0
2025-01-10 10:05:00,2025-01-10,2025-01-10 10:05:00,101.41,0,-4.225,0,0.031,56.33,0,0.239,0.24,0,0.001,4.007,0,3.911,0,312.8,0,12.52,0.0,0,0.0,0,0.0,0,0.0,20000.0,0,20000.0,0,0.0,0,0.0,0,0.0,0,0.0,0,30.83,0,116.0,0,13.82,0,-6.098,0,39.317,-76.586,45.0
2025-01-10 10:06:00,2025-01-10,2025-01-10 10:06:00,101.41,0,-4.15,0,0.055,56.07,0,0.242,0.24,0,0.001,5.328,0,5.209,0,309.8,0,12.1,0.0,0,0.0,0,0.0,0,0.0,20000.0,0,20000.0,0,0.0,0,0.0,0,0.0,0,0.0,0,30.83,0,116.0,0,13.82,0,-6.095,0,39.317,-76.586,45.0
2025-01-10 10:07:00,2025-01-10,2025-01-10 10:07:00,101.41,0,-4.091,0,0.033,55.78,0,0.215,0.24,0,0.001,3.154,0,3.097,0,315.6,0,10.93,0.0,0,0.0,0,0.0,0,0.0,20000.0,0,20000.0,0,0.0,0,0.0,0,0.0,0,0.0,0,30.83,0,116.0,0,13.82,0,-6.095,0,39.317,-76.586,45.0
2025-01-10 10:08:00,2025-01-10,2025-01-10 10:08:00,101.4,0,-4.224,0,0.037,55.81,0,0.223,0.238,0,0.001,3.793,0,3.667,0,307.3,0,14.74,0.0,0,0.0,0,0.0,0,0.0,20000.0,0,20000.0,0,0.0,0,0.0,0,0.0,0,0.0,0,30.83,0,116.0,0,13.82,0,-6.093,0,39.317,-76.586,45.0
2025-01-10 10:09:00,2025-01-10,2025-01-10 10:09:00,101.4,0,-4.156,0,0.042,55.87,0,0.23,0.239,0,0.001,3.678,0,3.477,0,332.7,0,18.97,0.0,0,0.0,0,0.0,0,0.0,20000.0,0,20000.0,0,0.0,0,0.0,0,0.0,0,0.0,0,30.83,0,116.0,0,13.82,0,-6.09,0,39.317,-76.586,45.0
2025-01-10 10:10:00,2025-01-10,2025-01-10 10:10:00,101.4,0,-4.156,0,0.027,55.77,0,0.219,0.239,0,0.001,4.212,0,4.139,0,314.2,0,10.7,0.0,0,0.0,0,0.0,0,0.0,20000.0,0,20000.0,0,0.0,0,0.0,0,0.0,0,0.0,0,30.83,0,116.0,0,13.82,0,-6.085,0,39.317,-76.586,45.0
2025-01-10 10:11:00,2025-01-10,2025-01-10 10:11:00,101.39,0,-4.106,0,0.038,55.63,0,0.22,0.239,0,0.001,5.452,0,5.313,0,318.1,0,12.92,0.0,0,0.0,0,0.0,0,0.0,20000.0,0,20000.0,0,0.0,0,0.0,0,0.0,0,0.0,0,30.83,0,116.0,0,13.82,0,-6.079,0,39.317,-76.586,45.0
2025-01-10 10:12:00,2025-01-10,2025-01-10 10:12:00,101.39,0,-4.012,0,0.029,55.31,0,0.248,0.24,0,0.001,4.493,0,4.418,0,315.8,0,10.51,0.0,0,0.0,0,0.0,0,0.0,20000.0,0,20000.0,0,0.0,0,0.0,0,0.0,0,0.0,0,30.83,0,116.0,0,13.82,0,-6.076,0,39.317,-76.586,45.0
2025-01-10 10:13:00,2025-01-10,2025-01-10 10:13:00,101.4,0,-3.984,0,0.031,55.03,0,0.221,0.239,0,0.001,5.395,0,5.312,0,307.8,0,10.04,0.0,0,0.0,0,0.0,0,0.0,20000.0,0,20000.0,0,0.0,0,0.0,0,0.0,0,0.0,0,30.83,0,116.0,0,13.82,0,-6.068,0,39.317,-76.586,45.0
2025-01-10 10:14:00,2025-01-10,2025-01-10 10:14:00,101.39,0,-3.934,0,0.023,54.78,0,0.212,0.239,0,0.001,5.82,0,5.741,0,308.7,0,9.42,0.0,0,0.0,0,0.0,0,0.0,20000.0,0,20000.0,0,0.0,0,0.0,0,0.0,0,0.0,0,30.83,0,116.0,0,13.82,0,-6.063,0,39.317,-76.586,45.0
2025-01-10 10:15:00,2025-01-10,2025-01-10 10:15:00,101.4,0,-3.879,0,0.035,54.56,0,0.242,0.239,0,0.001,5.55,0,5.408,0,303.5,0,12.94,0.0,0,0.0,0,0.0,0,0.0,20000.0,0,20000.0,0,0.0,0,0.0,0,0.0,0,0.0,0,30.83,0,116.0,0,13.82,0,-6.057,0,39.317,-76.586,45.0
2025-01-10 10:16:00,2025-01-10,2025-01-10 10:16:00,101.4,0,-3.863,0,0.039,54.39,0,0.244,0.239,0,0.001,3.984,0,3.897,0,294.9,0,11.92,0.0,0,0.0,0,0.0,0,0.0,20000.0,0,20000.0,0,0.0,0,0.0,0,0.0,0,0.0,0,30.83,0,116.0,0,13.82,0,-6.049,0,39.317,-76.586,45.0
2025-01-10 10:17:00,2025-01-10,2025-01-10 10:17:00,101.4,0,-3.947,0,0.031,54.45,0,0.205,0.237,0,0.001,4.575,0,4.526,0,304.2,0,8.41,0.0,0,0.0,0,0.0,0,0.0,20000.0,0,20000.0,0,0.0,0,0.0,0,0.0,0,0.0,0,30.83,0,116.0,0,13.82,0,-6.041,0,39.317,-76.586,45.0
2025-01-10 10:18:00,2025-01-10,2025-01-10 10:18:00,101.41,0,-3.988,0,0.033,54.65,0,0.222,0.238,0,0.001,3.716,0,3.444,0,294.4,0,21.9,0.0,0,0.0,0,0.0,0,0.0,20000.0,0,20000.0,0,0.0,0,0.0,0,0.0,0,0.0,0,30.83,0,116.0,0,13.82,0,-6.03,0,39.317,-76.586,45.0
2025-01-10 10:19:00,2025-01-10,2025-01-10 10:19:00,101.41,0,-4.06,0,0.053,54.79,0,0.234,0.237,0,0.001,3.438,0,3.369,0,295.5,0,11.52,0.0,0,0.0,0,0.0,0,0.0,20000.0,0,20000.0,0,0.0,0,0.0,0,0.0,0,0.0,0,30.83,0,116.0,0,13.82,0,-6.022,0,39.317,-76.586,45.0
2025-01-10 10:20:00,2025-01-10,2025-01-10 10:20:00,101.42,0,-4.092,0,0.032,55.03,0,0.227,0.237,0,0.001,3.013,0,2.898,0,295.2,0,15.85,0.0,0,0.0,0,0.0,0,0.0,20000.0,0,20000.0,0,0.0,0,0.0,0,0.0,0,0.0,0,30.83,0,116.0,0,13.82,0,-6.011,0,39.317,-76.586,45.0
2025-01-10 10:21:00,2025-01-10,2025-01-10 10:21:00,101.41,0,-4.138,0,0.032,55.29,0,0.227,0.237,0,0.001,3.079,0,2.927,0,307.0,0,18.0,0.0,0,0.0,0,0.0,0,0.0,20000.0,0,20000.0,0,0.0,0,0.0,0,0.0,0,0.0,0,30.83,0,116.0,0,13.82,0,-6.003,0,39.317,-76.586,45.0
2025-01-10 10:22:00,2025-01-10,2025-01-10 10:22:00,101.41,0,-4.26,0,0.062,55.66,0,0.261,0.236,0,0.001,3.046,0,2.954,0,302.5,0,14.07,0.0,0,0.0,0,0.0,0,0.0,20000.0,0,20000.0,0,0.0,0,0.0,0,0.0,0,0.0,0,30.83,0,116.0,0,13.82,0,-5.995,0,39.317,-76.586,45.0
2025-01-10 10:23:00,2025-01-10,2025-01-10 10:23:00,101.4,0,-4.293,0,0.036,56.15,0,0.24,0.238,0,0.001,4.666,0,4.511,0,300.6,0,14.8,0.0,0,0.0,0,0.0,0,0.0,20000.0,0,20000.0,0,0.0,0,0.0,0,0.0,0,0.0,0,30.83,0,116.0,0,13.82,0,-5.986,0,39.317,-76.586,45.0
2025-01-10 10:24:00,2025-01-10,2025-01-10 10:24:00,101.41,0,-4.186,0,0.027,56.16,0,0.223,0.24,0,0.001,4.191,0,4.089,0,305.3,0,12.64,0.0,0,0.0,0,0.0,0,0.0,20000.0,0,20000.0,0,0.0,0,0.0,0,0.0,0,0.0,0,30.83,0,116.0,0,13.82,0,-5.976,0,39.317,-76.586,45.0
2025-01-10 10:25:00,2025-01-10,2025-01-10 10:25:00,101.4,0,-4.157,0,0.027,56.03,0,0.214,0.24,0,0.001,4.121,0,4.032,0,313.7,0,11.9,0.0,0,0.0,0,0.0,0,0.0,20000.0,0,20000.0,0,0.0,0,0.0,0,0.0,0,0.0,0,30.83,0,116.0,0,13.82,0,-5.97,0,39.317,-76.586,45.0
2025-01-10 10:26:00,2025-01-10,2025-01-10 10:26:00,101.41,0,-4.135,0,0.035,55.86,0,0.252,0.24,0,0.001,5.215,0,5.012,0,312.4,0,15.98,0.0,0,0.0,0,0.0,0,0.0,20000.0,0,20000.0,0,0.0,0,0.0,0,0.0,0,0.0,0,30.83,0,116.0,0,13.82,0,-5.962,0,39.317,-76.586,45.0
2025-01-10 10:27:00,2025-01-10,2025-01-10 10:27:00,101.4,0,-4.092,0,0.029,55.54,0,0.248,0.239,0,0.001,4.676,0,4.59,0,306.6,0,10.98,0.0,0,0.0,0,0.0,0,0.0,20000.0,0,20000.0,0,0.0,0,0.0,0,0.0,0,0.0,0,30.83,0,116.0,0,13.82,0,-5.954,0,39.317,-76.586,45.0
2025-01-10 10:28:00,2025-01-10,2025-01-10 10:28:00,101.41,0,-4.06,0,0.029,55.33,0,0.227,0.239,0,0.001,5.086,0,4.986,0,309.1,0,11.39,0.0,0,0.0,0,0.0,0,0.0,20000.0,0,20000.0,0,0.0,0,0.0,0,0.0,0,0.0,0,30.83,0,116.0,0,13.82,0,-5.946,0,39.317,-76.586,45.0
2025-01-10 10:29:00,2025-01-10,2025-01-10 10:29:00,101.41,0,-4.009,0,0.027,55.12,0,0.256,0.239,0,0.001,3.917,0,3.794,0,302.3,0,14.33,0.0,0,0.0,0,0.0,0,0.0,20000.0,0,20000.0,0,0.0,0,0.0,0,0.0,0,0.0,0,30.83,0,116.0,0,13.82,0,-5.94,0,39.317,-76.586,45.0
2025-01-10 10:30:00,2025-01-10,2025-01-10 10:30:00,101.41,0,-4.061,0,0.029,55.09,0,0.235,0.238,0,0.001,4.141,0,4.059,0,307.6,0,11.37,0.0,0,0.0,0,0.0,0,0.0,20000.0,0,20000.0,0,0.0,0,0.0,0,0.0,0,0.0,0,30.83,0,116.0,0,13.82,0,-5.932,0,39.317,-76.586,45.0
2025-01-10 10:31:00,2025-01-10,2025-01-10 10:31:00,101.42,0,-4.084,0,0.026,55.23,0,0.213,0.238,0,0.001,4.477,0,4.437,0,303.2,0,7.662,0.0,0,0.0,0,0.0,0,0.0,20000.0,0,20000.0,0,0.0,0,0.0,0,0.0,0,0.0,0,30.83,0,116.0,0,13.82,0,-5.924,0,39.317,-76.586,45.0
2025-01-10 10:32:00,2025-01-10,2025-01-10 10:32:00,101.42,0,-4.139,0,0.044,55.29,0,0.231,0.237,0,0.001,3.017,0,2.872,0,299.4,0,17.72,0.0,0,0.0,0,0.0,0,0.0,20000.0,0,20000.0,0,0.0,0,0.0,0,0.0,0,0.0,0,30.83,0,116.0,0,13.82,0,-5.915,0,39.317,-76.586,45.0
2025-01-10 10:33:00,2025-01-10,2025-01-10 10:33:00,101.42,0,-4.249,0,0.025,55.72,0,0.24,0.237,0,0.001,4.452,0,4.383,0,304.2,0,10.12,0.0,0,0.0,0,0.0,0,0.0,20000.0,0,20000.0,0,0.0,0,0.0,0,0.0,0,0.0,0,30.83,0,116.0,0,13.82,0,-5.907,0,39.317,-76.586,45.0
2025-01-10 10:34:00,2025-01-10,2025-01-10 10:34:00,101.43,0,-4.188,0,0.047,55.88,0,0.21,0.239,0,0.001,3.806,0,3.717,0,301.1,0,12.39,0.0,0,0.0,0,0.0,0,0.0,20000.0,0,20000.0,0,0.0,0,0.0,0,0.0,0,0.0,0,30.83,0,116.0,0,13.82,0,-5.902,0,39.317,-76.586,45.0
2025-01-10 10:35:00,2025-01-10,2025-01-10 10:35:00,101.41,0,-4.082,0,0.049,55.64,0,0.276,0.24,0,0.001,5.71,0,5.603,0,304.1,0,11.11,0.0,0,0.0,0,0.0,0,0.0,20000.0,0,20000.0,0,0.0,0,0.0,0,0.0,0,0.0,0,30.83,0,116.0,0,13.82,0,-5.896,0,39.317,-76.586,45.0
2025-01-10 10:36:00,2025-01-10,2025-01-10 10:36:00,101.43,0,-3.965,0,0.037,55.02,0,0.266,0.24,0,0.001,5.183,0,5.14,0,305.5,0,7.35,0.0,0,0.0,0,0.0,0,0.0,20000.0,0,20000.0,0,0.0,0,0.0,0,0.0,0,0.0,0,30.83,0,116.0,0,13.82,0,-5.888,0,39.317,-76.586,45.0
2025-01-10 10:37:00,2025-01-10,2025-01-10 10:37:00,101.43,0,-4.021,0,0.063,54.88,0,0.255,0.238,0,0.002,3.94,0,3.88,0,301.9,0,9.95,0.0,0,0.0,0,0.0,0,0.0,20000.0,0,20000.0,0,0.0,0,0.0,0,0.0,0,0.0,0,30.83,0,116.0,0,13.82,0,-5.883,0,39.317,-76.586,45.0
2025-01-10 10:38:00,2025-01-10,2025-01-10 10:38:00,101.43,0,-4.109,0,0.033,55.17,0,0.229,0.237,0,0.001,3.775,0,3.676,0,303.7,0,13.08,0.0,0,0.0,0,0.0,0,0.0,20000.0,0,20000.0,0,0.0,0,0.0,0,0.0,0,0.0,0,30.83,0,116.0,0,13.82,0,-5.875,0,39.317,-76.586,45.0
2025-01-10 10:39:00,2025-01-10,2025-01-10 10:39:00,101.43,0,-4.073,0,0.022,55.21,0,0.215,0.238,0,0.001,3.432,0,3.347,0,291.6,0,12.69,0.0,0,0.0,0,0.0,0,0.0,20000.0,0,20000.0,0,0.0,0,0.0,0,0.0,0,0.0,0,30.83,0,116.0,0,13.82,0,-5.869,0,39.317,-76.586,45.0
2025-01-10 10:40:00,2025-01-10,2025-01-10 10:40:00,101.43,0,-4.082,0,0.034,55.21,0,0.216,0.238,0,0.001,3.312,0,3.226,0,306.7,0,13.07,0.0,0,0.0,0,0.0,0,0.0,20000.0,0,20000.0,0,0.0,0,0.0,0,0.0,0,0.0,0,30.83,0,116.0,0,13.82,0,-5.861,0,39.317,-76.586,45.0
2025-01-10 10:41:00,2025-01-10,2025-01-10 10:41:00,101.43,0,-4.171,0,0.051,55.29,0,0.233,0.237,0,0.001,3.569,0,3.512,0,304.9,0,10.25,0.0,0,0.0,0,0.0,0,0.0,20000.0,0,20000.0,0,0.0,0,0.0,0,0.0,0,0.0,0,30.83,0,116.0,0,13.82,0,-5.856,0,39.317,-76.586,45.0
2025-01-10 10:42:00,2025-01-10,2025-01-10 10:42:00,101.43,0,-4.309,0,0.043,55.73,0,0.31,0.236,0,0.001,4.196,0,4.084,0,289.3,0,13.25,0.0,0,0.0,0,0.0,0,0.0,20000.0,0,20000.0,0,0.0,0,0.0,0,0.0,0,0.0,0,30.83,0,116.0,0,13.82,0,-5.851,0,39.317,-76.586,45.0
2025-01-10 10:43:00,2025-01-10,2025-01-10 10:43:00,101.44,0,-4.263,0,0.047,55.98,0,0.23,0.238,0,0.001,4.336,0,4.267,0,294.7,0,10.23,0.0,0,0.0,0,0.0,0,0.0,20000.0,0,20000.0,0,0.0,0,0.0,0,0.0,0,0.0,0,30.83,0,116.0,0,13.82,0,-5.845,0,39.317,-76.586,45.0
2025-01-10 10:44:00,2025-01-10,2025-01-10 10:44:00,101.44,0,-4.22,0,0.041,55.9,0,0.226,0.238,0,0.001,4.091,0,3.966,0,291.0,0,14.21,0.0,0,0.0,0,0.0,0,0.0,20000.0,0,20000.0,0,0.0,0,0.0,0,0.0,0,0.0,0,30.83,0,116.0,0,13.82,0,-5.839,0,39.317,-76.586,45.0
2025-01-10 10:45:00,2025-01-10,2025-01-10 10:45:00,101.44,0,-4.182,0,0.053,55.87,0,0.231,0.239,0,0.002,4.379,0,4.243,0,302.4,0,14.29,0.0,0,0.0,0,0.0,0,0.0,20000.0,0,20000.0,0,0.0,0,0.0,0,0.0,0,0.0,0,30.83,0,116.0,0,13.82,0,-5.834,0,39.317,-76.586,45.0
2025-01-10 10:46:00,2025-01-10,2025-01-10 10:46:00,101.45,0,-4.117,0,0.047,55.67,0,0.234,0.239,0,0.001,4.134,0,4.105,0,300.0,0,6.831,0.0,0,0.0,0,0.0,0,0.0,20000.0,0,20000.0,0,0.0,0,0.0,0,0.0,0,0.0,0,30.83,0,116.0,0,13.82,0,-5.829,0,39.317,-76.586,45.0
2025-01-10 10:47:00,2025-01-10,2025-01-10 10:47:00,101.46,0,-4.116,0,0.041,55.61,0,0.214,0.239,0,0.001,3.696,0,3.617,0,300.1,0,11.84,0.0,0,0.0,0,0.0,0,0.0,20000.0,0,20000.0,0,0.0,0,0.0,0,0.0,0,0.0,0,30.83,0,116.0,0,13.82,0,-5.826,0,39.317,-76.586,45.0
2025-01-10 10:48:00,2025-01-10,2025-01-10 10:48:00,101.46,0,-4.223,0,0.046,55.84,0,0.228,0.238,0,0.001,3.549,0,3.472,0,299.7,0,11.95,0.0,0,0.0,0,0.0,0,0.0,20000.0,0,20000.0,0,0.0,0,0.0,0,0.0,0,0.0,0,30.83,0,116.0,0,13.82,0,-5.82,0,39.317,-76.586,45.0
2025-01-10 10:49:00,2025-01-10,2025-01-10 10:49:00,101.46,0,-4.292,0,0.023,56.13,0,0.234,0.238,0,0.001,3.91,0,3.856,0,296.4,0,9.55,0.0,0,0.0,0,0.0,0,0.0,20000.0,0,20000.0,0,0.0,0,0.0,0,0.0,0,0.0,0,30.83,0,116.0,0,13.82,0,-5.818,0,39.317,-76.586,45.0
2025-01-10 10:50:00,2025-01-10,2025-01-10 10:50:00,101.46,0,-4.267,0,0.032,56.36,0,0.207,0.239,0,0.001,5.155,0,5.086,0,299.3,0,9.32,0.0,0,0.0,0,0.0,0,0.0,20000.0,0,20000.0,0,0.0,0,0.0,0,0.0,0,0.0,0,30.83,0,116.0,0,13.82,0,-5.815,0,39.317,-76.586,45.0
2025-01-10 10:51:00,2025-01-10,2025-01-10 10:51:00,101.46,0,-4.195,0,0.034,56.22,0,0.229,0.24,0,0.001,4.714,0,4.57,0,308.8,0,14.15,0.0,0,0.0,0,0.0,0,0.0,20000.0,0,20000.0,0,0.0,0,0.0,0,0.0,0,0.0,0,30.83,0,116.0,0,13.82,0,-5.81,0,39.317,-76.586,45.0
2025-01-10 10:52:00,2025-01-10,2025-01-10 10:52:00,101.46,0,-4.181,0,0.04,56.02,0,0.238,0.24,0,0.001,3.09,0,2.931,0,308.6,0,18.38,0.0,0,0.0,0,0.0,0,0.0,20000.0,0,20000.0,0,0.0,0,0.0,0,0.0,0,0.0,0,30.83,0,116.0,0,13.82,0,-5.81,0,39.317,-76.586,45.0
2025-01-10 10:53:00,2025-01-10,2025-01-10 10:53:00,101.46,0,-4.242,0,0.024,56.09,0,0.224,0.239,0,0.001,4.121,0,4.067,0,310.8,0,9.26,0.0,0,0.0,0,0.0,0,0.0,20000.0,0,20000.0,0,0.0,0,0.0,0,0.0,0,0.0,0,30.83,0,116.0,0,13.82,0,-5.807,0,39.317,-76.586,45.0
2025-01-10 10:54:00,2025-01-10,2025-01-10 10:54:00,101.44,0,-4.176,0,0.036,55.95,0,0.216,0.239,0,0.001,5.189,0,5.131,0,307.8,0,8.56,0.0,0,0.0,0,0.0,0,0.0,20000.0,0,20000.0,0,0.0,0,0.0,0,0.0,0,0.0,0,30.83,0,116.0,0,13.82,0,-5.807,0,39.317,-76.586,45.0
2025-01-10 10:55:00,2025-01-10,2025-01-10 10:55:00,101.46,0,-4.089,0,0.024,55.58,0,0.251,0.239,0,0.001,4.972,0,4.822,0,310.4,0,14.06,0.0,0,0.0,0,0.0,0,0.0,20000.0,0,20000.0,0,0.0,0,0.0,0,0.0,0,0.0,0,30.83,0,116.0,0,13.82,0,-5.804,0,39.317,-76.586,45.0
2025-01-10 10:56:00,2025-01-10,2025-01-10 10:56:00,101.46,0,-4.08,0,0.026,55.36,0,0.207,0.239,0,0.001,5.8,0,5.707,0,308.3,0,10.27,0.0,0,0.0,0,0.0,0,0.0,20000.0,0,20000.0,0,0.0,0,0.0,0,0.0,0,0.0,0,30.83,0,116.0,0,13.82,0,-5.801,0,39.317,-76.586,45.0
2025-01-10 10:57:00,2025-01-10,2025-01-10 10:57:00,101.45,0,-4.085,0,0.031,55.21,0,0.216,0.238,0,0.001,4.074,0,3.999,0,314.7,0,10.94,0.0,0,0.0,0,0.0,0,0.0,20000.0,0,20000.0,0,0.0,0,0.0,0,0.0,0,0.0,0,30.83,0,116.0,0,13.82,0,-5.801,0,39.317,-76.586,45.0
2025-01-10 10:58:00,2025-01-10,2025-01-10 10:58:00,101.46,0,-4.126,0,0.028,55.28,0,0.211,0.237,0,0.001,3.9,0,3.844,0,308.2,0,9.75,0.0,0,0.0,0,0.0,0,0.0,20000.0,0,20000.0,0,0.0,0,0.0,0,0.0,0,0.0,0,30.83,0,116.0,0,13.82,0,-5.796,0,39.317,-76.586,45.0
2025-01-10 10:59:00,2025-01-10,2025-01-10 10:59:00,101.45,0,-4.149,0,0.033,55.51,0,0.219,0.238,0,0.001,3.866,0,3.802,0,311.7,0,10.43,0.0,0,0.0,0,0.0,0,0.0,20000.0,0,20000.0,0,0.0,0,0.0,0,0.0,0,0.0,0,30.83,0,116.0,0,13.82,0,-5.793,0,39.317,-76.586,45.0
2025-01-10 11:00:00,2025-01-10,2025-01-10 11:00:00,101.45,0,-4.155,0,0.027,55.43,0,0.199,0.237,0,0.001,3.495,0,3.409,0,312.4,0,12.76,0.0,0,0.0,0,0.0,0,0.0,20000.0,0,20000.0,0,0.0,0,0.0,0,0.0,0,0.0,0,30.83,0,116.0,0,13.82,0,-5.791,0,39.317,-76.586,45.0
2025-01-10 11:01:00,2025-01-10,2025-01-10 11:01:00,101.45,0,-4.171,0,0.026,55.41,0,0.22,0.237,0,0.001,4.327,0,4.239,0,306.7,0,11.51,0.0,0,0.0,0,0.0,0,0.0,20000.0,0,20000.0,0,0.0,0,0.0,0,0.0,0,0.0,0,30.83,0,116.0,0,13.82,0,-5.788,0,39.317,-76.586,45.0
2025-01-10 11:02:00,2025-01-10,2025-01-10 11:02:00,101.45,0,-4.186,0,0.025,55.48,0,0.213,0.237,0,0.001,5.277,0,5.182,0,303.6,0,10.86,0.0,0,0.0,0,0.0,0,0.0,20000.0,0,20000.0,0,0.0,0,0.0,0,0.0,0,0.0,0,30.83,0,116.0,0,13.81,0,-5.783,0,39.317,-76.586,45.0
2025-01-10 11:03:00,2025-01-10,2025-01-10 11:03:00,101.45,0,-4.144,0,0.041,55.46,0,0.239,0.238,0,0.001,6.323,0,6.235,0,302.5,0,9.53,0.0,0,0.0,0,0.0,0,0.0,20000.0,0,20000.0,0,0.0,0,0.0,0,0.0,0,0.0,0,30.83,0,116.0,0,13.82,0,-5.78,0,39.317,-76.586,45.0
2025-01-10 11:04:00,2025-01-10,2025-01-10 11:04:00,101.46,0,-4.073,0,0.027,55.3,0,0.226,0.239,0,0.001,5.513,0,5.401,0,306.8,0,11.51,0.0,0,0.0,0,0.0,0,0.0,20000.0,0,20000.0,0,0.0,0,0.0,0,0.0,0,0.0,0,30.83,0,116.0,0,13.82,0,-5.774,0,39.317,-76.586,45.0
2025-01-10 11:05:00,2025-01-10,2025-01-10 11:05:00,101.46,0,-4.096,0,0.024,55.25,0,0.218,0.238,0,0.001,4.247,0,4.172,0,306.3,0,10.73,0.0,0,0.0,0,0.0,0,0.0,20000.0,0,20000.0,0,0.0,0,0.0,0,0.0,0,0.0,0,30.83,0,116.0,0,13.82,0,-5.772,0,39.317,-76.586,45.0
2025-01-10 11:06:00,2025-01-10,2025-01-10 11:06:00,101.45,0,-4.149,0,0.037,55.37,0,0.207,0.237,0,0.001,4.562,0,4.485,0,313.1,0,10.49,0.0,0,0.0,0,0.0,0,0.0,20000.0,0,20000.0,0,0.0,0,0.0,0,0.0,0,0.0,0,30.83,0,116.0,0,13.82,0,-5.766,0,39.317,-76.586,45.0
2025-01-10 11:07:00,2025-01-10,2025-01-10 11:07:00,101.45,0,-4.156,0,0.02,55.52,0,0.205,0.238,0,0.001,4.059,0,4.024,0,305.9,0,7.52,0.0,0,0.0,0,0.0,0,0.0,20000.0,0,20000.0,0,0.0,0,0.0,0,0.0,0,0.0,0,30.83,0,116.0,0,13.82,0,-5.761,0,39.317,-76.586,45.0
2025-01-10 11:08:00,2025-01-10,2025-01-10 11:08:00,101.45,0,-4.223,0,0.029,55.81,0,0.21,0.238,0,0.001,5.158,0,5.028,0,313.4,0,12.85,0.0,0,0.0,0,0.0,0,0.0,20000.0,0,20000.0,0,0.0,0,0.0,0,0.0,0,0.0,0,30.83,0,116.0,0,13.81,0,-5.756,0,39.317,-76.586,45.0
2025-01-10 11:09:00,2025-01-10,2025-01-10 11:09:00,101.45,0,-4.161,0,0.041,55.72,0,0.242,0.239,0,0.001,4.753,0,4.683,0,310.2,0,9.85,0.0,0,0.0,0,0.0,0,0.0,20000.0,0,20000.0,0,0.0,0,0.0,0,0.0,0,0.0,0,30.83,0,116.0,0,13.81,0,-5.753,0,39.317,-76.586,45.0
2025-01-10 11:10:00,2025-01-10,2025-01-10 11:10:00,101.45,0,-4.135,0,0.026,55.51,0,0.205,0.238,0,0.001,4.841,0,4.74,0,309.7,0,11.7,0.0,0,0.0,0,0.0,0,0.0,20000.0,0,20000.0,0,0.0,0,0.0,0,0.0,0,0.0,0,30.83,0,116.0,0,13.82,0,-5.745,0,39.317,-76.586,45.0
2025-01-10 11:11:00,2025-01-10,2025-01-10 11:11:00,101.45,0,-4.13,0,0.032,55.37,0,0.227,0.238,0,0.001,5.022,0,4.857,0,314.8,0,14.69,0.0,0,0.0,0,0.0,0,0.0,20000.0,0,20000.0,0,0.0,0,0.0,0,0.0,0,0.0,0,30.83,0,116.0,0,13.82,0,-5.742,0,39.317,-76.586,45.0
2025-01-10 11:12:00,2025-01-10,2025-01-10 11:12:00,101.45,0,-4.085,0,0.029,55.18,0,0.228,0.238,0,0.001,5.692,0,5.532,0,306.9,0,13.57,0.0,0,0.0,0,0.0,0,0.0,20000.0,0,20000.0,0,0.0,0,0.0,0,0.0,0,0.0,0,30.83,0,116.0,0,13.82,0,-5.737,0,39.317,-76.586,45.0
2025-01-10 11:13:00,2025-01-10,2025-01-10 11:13:00,101.45,0,-4.043,0,0.029,54.96,0,0.226,0.238,0,0.001,5.495,0,5.385,0,307.3,0,11.44,0.0,0,0.0,0,0.0,0,0.0,20000.0,0,20000.0,0,0.0,0,0.0,0,0.0,0,0.0,0,30.83,0,116.0,0,13.81,0,-5.731,0,39.317,-76.586,45.0
2025-01-10 11:14:00,2025-01-10,2025-01-10 11:14:00,101.45,0,-4.035,0,0.035,54.82,0,0.219,0.237,0,0.001,3.83,0,3.743,0,301.1,0,12.24,0.0,0,0.0,0,0.0,0,0.0,20000.0,0,20000.0,0,0.0,0,0.0,0,0.0,0,0.0,0,30.83,0,116.0,0,13.81,0,-5.725,0,39.317,-76.586,45.0
2025-01-10 11:15:00,2025-01-10,2025-01-10 11:15:00,101.44,0,-4.097,0,0.024,55.03,0,0.237,0.237,0,0.001,4.746,0,4.662,0,311.9,0,10.8,0.0,0,0.0,0,0.0,0,0.0,20000.0,0,20000.0,0,0.0,0,0.0,0,0.0,0,0.0,0,30.83,0,116.0,0,13.82,0,-5.72,0,39.317,-76.586,45.0
2025-01-10 11:16:00,2025-01-10,2025-01-10 11:16:00,101.45,0,-4.123,0,0.037,55.07,0,0.234,0.237,0,0.001,3.538,0,3.422,0,312.3,0,14.67,0.0,0,0.0,0,0.0,0,0.0,20000.0,0,20000.0,0,0.0,0,0.0,0,0.0,0,0.0,0,30.83,0,116.0,0,13.81,0,-5.715,0,39.317,-76.586,45.0
2025-01-10 11:17:00,2025-01-10,2025-01-10 11:17:00,101.44,0,-4.184,0,0.033,55.26,0,0.225,0.236,0,0.001,3.128,0,3.049,0,309.3,0,12.84,0.0,0,0.0,0,0.0,0,0.0,20000.0,0,20000.0,0,0.0,0,0.0,0,0.0,0,0.0,0,30.83,0,116.0,0,13.81,0,-5.709,0,39.317,-76.586,45.0
2025-01-10 11:18:00,2025-01-10,2025-01-10 11:18:00,101.45,0,-4.255,0,0.028,55.6,0,0.243,0.236,0,0.001,3.899,0,3.866,0,307.0,0,7.418,0.0,0,0.0,0,0.0,0,0.0,20000.0,0,20000.0,0,0.0,0,0.0,0,0.0,0,0.0,0,30.83,0,116.0,0,13.82,0,-5.701,0,39.317,-76.586,45.0
2025-01-10 11:19:00,2025-01-10,2025-01-10 11:19:00,101.44,0,-4.233,0,0.04,55.76,0,0.223,0.237,0,0.001,4.559,0,4.466,0,314.8,0,11.53,0.0,0,0.0,0,0.0,0,0.0,20000.0,0,20000.0,0,0.0,0,0.0,0,0.0,0,0.0,0,30.83,0,116.0,0,13.81,0,-5.698,0,39.317,-76.586,45.0
2025-01-10 11:20:00,2025-01-10,2025-01-10 11:20:00,101.45,0,-4.221,0,0.035,55.7,0,0.222,0.237,0,0.001,2.448,0,2.267,0,299.7,0,22.02,0.0,0,0.0,0,0.0,0,0.0,20000.0,0,20000.0,0,0.0,0,0.0,0,0.0,0,0.0,0,30.83,0,116.0,0,13.81,0,-5.693,0,39.317,-76.586,45.0
2025-01-10 11:21:00,2025-01-10,2025-01-10 11:21:00,101.45,0,-4.327,0,0.027,55.96,0,0.248,0.236,0,0.001,3.27,0,3.169,0,307.8,0,14.21,0.0,0,0.0,0,0.0,0,0.0,20000.0,0,20000.0,0,0.0,0,0.0,0,0.0,0,0.0,0,30.83,0,116.0,0,13.81,0,-5.688,0,39.317,-76.586,45.0
2025-01-10 11:22:00,2025-01-10,2025-01-10 11:22:00,101.45,0,-4.274,0,0.029,56.11,0,0.214,0.238,0,0.001,3.311,0,3.137,0,302.2,0,18.54,0.0,0,0.0,0,0.0,0,0.0,20000.0,0,20000.0,0,0.0,0,0.0,0,0.0,0,0.0,0,30.83,0,116.0,0,13.81,0,-5.682,0,39.317,-76.586,45.0
2025-01-10 11:23:00,2025-01-10,2025-01-10 11:23:00,101.45,0,-4.27,0,0.027,56.13,0,0.224,0.238,0,0.001,3.752,0,3.686,0,295.3,0,10.7,0.0,0,0.0,0,0.0,0,0.0,20000.0,0,20000.0,0,0.0,0,0.0,0,0.0,0,0.0,0,30.83,0,116.0,0,13.81,0,-5.682,0,39.317,-76.586,45.0
2025-01-10 11:24:00,2025-01-10,2025-01-10 11:24:00,101.44,0,-4.242,0,0.02,56.01,0,0.208,0.238,0,0.001,3.801,0,3.671,0,296.2,0,14.94,0.0,0,0.0,0,0.0,0,0.0,20000.0,0,20000.0,0,0.0,0,0.0,0,0.0,0,0.0,0,30.83,0,116.0,0,13.81,0,-5.677,0,39.317,-76.586,45.0
2025-01-10 11:25:00,2025-01-10,2025-01-10 11:25:00,101.44,0,-4.211,0,0.027,55.83,0,0.231,0.238,0,0.001,4.972,0,4.85,0,307.5,0,12.69,0.0,0,0.0,0,0.0,0,0.0,20000.0,0,20000.0,0,0.0,0,0.0,0,0.0,0,0.0,0,30.83,0,116.0,0,13.81,0,-5.674,0,39.317,-76.586,45.0
2025-01-10 11:26:00,2025-01-10,2025-01-10 11:26:00,101.45,0,-4.115,0,0.037,55.47,0,0.266,0.238,0,0.001,4.284,0,4.202,0,311.3,0,11.25,0.0,0,0.0,0,0.0,0,0.0,20000.0,0,20000.0,0,0.0,0,0.0,0,0.0,0,0.0,0,30.83,0,116.0,0,13.81,0,-5.674,0,39.317,-76.586,45.0
2025-01-10 11:27:00,2025-01-10,2025-01-10 11:27:00,101.45,0,-4.116,0,0.053,55.19,0,0.217,0.237,0,0.001,3.296,0,3.153,0,297.3,0,16.89,0.0,0,0.0,0,0.0,0,0.0,20000.0,0,20000.0,0,0.0,0,0.0,0,0.0,0,0.0,0,30.83,0,116.0,0,13.81,0,-5.672,0,39.317,-76.586,45.0
2025-01-10 11:28:00,2025-01-10,2025-01-10 11:28:00,101.46,0,-4.173,0,0.032,55.18,0,0.225,0.236,0,0.001,3.722,0,3.565,0,297.6,0,16.66,0.0,0,0.0,0,0.0,0,0.0,20000.0,0,20000.0,0,0.0,0,0.0,0,0.0,0,0.0,0,30.83,0,116.0,0,13.81,0,-5.669,0,39.317,-76.586,45.0
2025-01-10 11:29:00,2025-01-10,2025-01-10 11:29:00,101.46,0,-4.252,0,0.037,55.41,0,0.234,0.235,0,0.001,3.868,0,3.785,0,292.4,0,11.85,0.0,0,0.0,0,0.0,0,0.0,20000.0,0,20000.0,0,0.0,0,0.0,0,0.0,0,0.0,0,30.83,0,116.0,0,13.81,0,-5.666,0,39.317,-76.586,45.0
2025-01-10 11:30:00,2025-01-10,2025-01-10 11:30:00,101.46,0,-4.309,0,0.031,55.66,0,0.211,0.235,0,0.001,3.273,0,3.209,0,290.4,0,11.37,0.0,0,0.0,0,0.0,0,0.0,20000.0,0,20000.0,0,0.0,0,0.0,0,0.0,0,0.0,0,30.83,0,116.0,0,13.81,0,-5.666,0,39.317,-76.586,45.0
2025-01-10 11:31:00,2025-01-10,2025-01-10 11:31:00,101.46,0,-4.363,0,0.024,55.93,0,0.231,0.235,0,0.001,3.539,0,3.491,0,301.9,0,9.48,0.0,0,0.0,0,0.0,0,0.0,20000.0,0,20000.0,0,0.0,0,0.0,0,0.0,0,0.0,0,30.83,0,116.0,0,13.81,0,-5.663,0,39.317,-76.586,45.0
2025-01-10 11:32:00,2025-01-10,2025-01-10 11:32:00,101.46,0,-4.396,0,0.03,56.25,0,0.254,0.236,0,0.001,4.157,0,4.094,0,300.3,0,9.93,0.0,0,0.0,0,0.0,0,0.0,20000.0,0,20000.0,0,0.0,0,0.0,0,0.0,0,0.0,0,30.83,0,116.0,0,13.81,0,-5.663,0,39.317,-76.586,45.0
2025-01-10 11:33:00,2025-01-10,2025-01-10 11:33:00,101.46,0,-4.361,0,0.032,56.42,0,0.22,0.238,0,0.001,4.895,0,4.769,0,301.6,0,13.01,0.0,0,0.0,0,0.0,0,0.0,20000.0,0,20000.0,0,0.0,0,0.0,0,0.0,0,0.0,0,30.83,0,116.0,0,13.81,0,-5.66,0,39.317,-76.586,45.0
2025-01-10 11:34:00,2025-01-10,2025-01-10 11:34:00,101.46,0,-4.364,0,0.031,56.45,0,0.235,0.238,0,0.001,4.168,0,4.101,0,300.1,0,10.31,0.0,0,0.0,0,0.0,0,0.0,20000.0,0,20000.0,0,0.0,0,0.0,0,0.0,0,0.0,0,30.83,0,116.0,0,13.81,0,-5.66,0,39.317,-76.586,45.0
2025-01-10 11:35:00,2025-01-10,2025-01-10 11:35:00,101.46,0,-4.347,0,0.033,56.54,0,0.221,0.238,0,0.001,4.985,0,4.919,0,309.5,0,9.29,0.0,0,0.0,0,0.0,0,0.0,20000.0,0,20000.0,0,0.0,0,0.0,0,0.0,0,0.0,0,30.83,0,116.0,0,13.81,0,-5.66,0,39.317,-76.586,45.0
2025-01-10 11:36:00,2025-01-10,2025-01-10 11:36:00,101.46,0,-4.257,0,0.062,56.31,0,0.231,0.239,0,0.002,5.503,0,5.454,0,302.2,0,7.588,0.0,0,0.0,0,0.0,0,0.0,20000.0,0,20000.0,0,0.0,0,0.0,0,0.0,0,0.0,0,30.83,0,116.0,0,13.81,0,-5.66,0,39.317,-76.586,45.0
2025-01-10 11:37:00,2025-01-10,2025-01-10 11:37:00,101.47,0,-4.222,0,0.028,55.97,0,0.202,0.238,0,0.001,3.881,0,3.788,0,304.6,0,12.53,0.0,0,0.0,0,0.0,0,0.0,20000.0,0,20000.0,0,0.0,0,0.0,0,0.0,0,0.0,0,30.83,0,116.0,0,13.81,0,-5.66,0,39.317,-76.586,45.0
2025-01-10 11:38:00,2025-01-10,2025-01-10 11:38:00,101.47,0,-4.327,0,0.047,56.02,0,0.232,0.237,0,0.001,3.786,0,3.732,0,304.9,0,9.69,0.0,0,0.0,0,0.0,0,0.0,20000.0,0,20000.0,0,0.0,0,0.0,0,0.0,0,0.0,0,30.83,0,116.0,0,13.81,0,-5.661,0,39.317,-76.586,45.0
2025-01-10 11:39:00,2025-01-10,2025-01-10 11:39:00,101.47,0,-4.333,0,0.026,56.19,0,0.204,0.237,0,0.001,3.425,0,3.268,0,289.4,0,17.32,0.0,0,0.0,0,0.0,0,0.0,20000.0,0,20000.0,0,0.0,0,0.0,0,0.0,0,0.0,0,30.83,0,116.0,0,13.81,0,-5.658,0,39.317,-76.586,45.0
2025-01-10 11:40:00,2025-01-10,2025-01-10 11:40:00,101.47,0,-4.37,0,0.026,56.41,0,0.216,0.237,0,0.001,3.35,0,3.282,0,297.3,0,11.51,0.0,0,0.0,0,0.0,0,0.0,20000.0,0,20000.0,0,0.0,0,0.0,0,0.0,0,0.0,0,30.83,0,116.0,0,13.81,0,-5.658,0,39.317,-76.586,45.0
2025-01-10 11:41:00,2025-01-10,2025-01-10 11:41:00,101.47,0,-4.377,0,0.033,56.45,0,0.221,0.237,0,0.001,3.296,0,3.241,0,307.2,0,10.47,0.0,0,0.0,0,0.0,0,0.0,20000.0,0,20000.0,0,0.0,0,0.0,0,0.0,0,0.0,0,30.83,0,116.0,0,13.81,0,-5.658,0,39.317,-76.586,45.0
2025-01-10 11:42:00,2025-01-10,2025-01-10 11:42:00,101.47,0,-4.395,0,0.023,56.49,0,0.215,0.237,0,0.001,3.577,0,3.498,0,308.8,0,12.02,0.0,0,0.0,0,0.0,0,0.0,20000.0,0,20000.0,0,0.0,0,0.0,0,0.0,0,0.0,0,30.83,0,116.0,0,13.81,0,-5.658,0,39.317,-76.586,45.0
2025-01-10 11:43:00,2025-01-10,2025-01-10 11:43:00,101.46,0,-4.42,0,0.026,56.62,0,0.219,0.237,0,0.001,3.334,0,3.248,0,303.0,0,12.99,0.0,0,0.0,0,0.0,0,0.0,20000.0,0,20000.0,0,0.0,0,0.0,0,0.0,0,0.0,0,30.83,0,116.0,0,13.81,0,-5.661,0,39.317,-76.586,45.0
2025-01-10 11:44:00,2025-01-10,2025-01-10 11:44:00,101.47,0,-4.385,0,0.026,56.54,0,0.211,0.238,0,0.001,3.469,0,3.426,0,301.9,0,9.0,0.0,0,0.0,0,0.0,0,0.0,20000.0,0,20000.0,0,0.0,0,0.0,0,0.0,0,0.0,0,30.83,0,116.0,0,13.81,0,-5.661,0,39.317,-76.586,45.0
2025-01-10 11:45:00,2025-01-10,2025-01-10 11:45:00,101.47,0,-4.408,0,0.05,56.43,0,0.218,0.237,0,0.001,2.77,0,2.704,0,314.6,0,12.56,0.0,0,0.0,0,0.0,0,0.0,20000.0,0,20000.0,0,0.0,0,0.0,0,0.0,0,0.0,0,30.83,0,116.0,0,13.81,0,-5.661,0,39.317,-76.586,45.0
2025-01-10 11:46:00,2025-01-10,2025-01-10 11:46:00,101.46,0,-4.455,0,0.033,56.55,0,0.222,0.236,0,0.001,4.114,0,4.019,0,301.7,0,12.35,0.0,0,0.0,0,0.0,0,0.0,20000.0,0,20000.0,0,0.0,0,0.0,0,0.0,0,0.0,0,30.83,0,116.0,0,13.81,0,-5.663,0,39.317,-76.586,45.0
2025-01-10 11:47:00,2025-01-10,2025-01-10 11:47:00,101.46,0,-4.416,0,0.032,56.54,0,0.212,0.237,0,0.001,4.242,0,4.176,0,300.5,0,10.05,0.0,0,0.0,0,0.0,0,0.0,20000.0,0,20000.0,0,0.0,0,0.0,0,0.0,0,0.0,0,30.83,0,116.0,0,13.81,0,-5.666,0,39.317,-76.586,45.0
2025-01-10 11:48:00,2025-01-10,2025-01-10 11:48:00,101.47,0,-4.41,0,0.032,56.39,0,0.214,0.236,0,0.001,3.802,0,3.673,0,305.3,0,14.93,0.0,0,0.0,0,0.0,0,0.0,20000.0,0,20000.0,0,0.0,0,0.0,0,0.0,0,0.0,0,30.83,0,116.0,0,13.81,0,-5.669,0,39.317,-76.586,45.0
2025-01-10 11:49:00,2025-01-10,2025-01-10 11:49:00,101.48,0,-4.395,0,0.039,56.23,0,0.208,0.236,0,0.001,4.493,0,4.401,0,300.1,0,11.59,0.0,0,0.0,0,0.0,0,0.0,20000.0,0,20000.0,0,0.0,0,0.0,0,0.0,0,0.0,0,30.83,0,116.0,0,13.81,0,-5.671,0,39.317,-76.586,45.0
2025-01-10 11:50:00,2025-01-10,2025-01-10 11:50:00,101.48,0,-4.327,0,0.053,56.07,0,0.238,0.237,0,0.002,3.972,0,3.803,0,294.6,0,16.73,0.0,0,0.0,0,0.0,0,0.0,20000.0,0,20000.0,0,0.0,0,0.0,0,0.0,0,0.0,0,30.83,0,116.0,0,13.81,0,-5.671,0,39.317,-76.586,45.0
2025-01-10 11:51:00,2025-01-10,2025-01-10 11:51:00,101.49,0,-4.331,0,0.024,55.91,0,0.212,0.236,0,0.001,3.368,0,3.272,0,301.1,0,13.67,0.0,0,0.0,0,0.0,0,0.0,20000.0,0,20000.0,0,0.0,0,0.0,0,0.0,0,0.0,0,30.83,0,116.0,0,13.81,0,-5.674,0,39.317,-76.586,45.0
2025-01-10 11:52:00,2025-01-10,2025-01-10 11:52:00,101.49,0,-4.403,0,0.035,55.9,0,0.216,0.235,0,0.001,4.101,0,4.053,0,300.9,0,8.79,0.0,0,0.0,0,0.0,0,0.0,20000.0,0,20000.0,0,0.0,0,0.0,0,0.0,0,0.0,0,30.83,0,116.0,0,13.81,0,-5.674,0,39.317,-76.586,45.0
2025-01-10 11:53:00,2025-01-10,2025-01-10 11:53:00,101.5,0,-4.44,0,0.041,56.14,0,0.227,0.235,0,0.001,3.067,0,3.008,0,302.4,0,11.24,0.0,0,0.0,0,0.0,0,0.0,20000.0,0,20000.0,0,0.0,0,0.0,0,0.0,0,0.0,0,30.83,0,116.0,0,13.81,0,-5.677,0,39.317,-76.586,45.0
2025-01-10 11:54:00,2025-01-10,2025-01-10 11:54:00,101.5,0,-4.549,0,0.04,56.71,0,0.275,0.235,0,0.001,2.608,0,2.531,0,297.6,0,13.99,0.0,0,0.0,0,0.0,0,0.0,20000.0,0,20000.0,0,0.0,0,0.0,0,0.0,0,0.0,0,30.83,0,116.0,0,13.81,0,-5.677,0,39.317,-76.586,45.0
2025-01-10 11:55:00,2025-01-10,2025-01-10 11:55:00,101.49,0,-4.54,0,0.046,57.01,0,0.216,0.236,0,0.001,3.559,0,3.521,0,303.4,0,8.35,0.0,0,0.0,0,0.0,0,0.0,20000.0,0,20000.0,0,0.0,0,0.0,0,0.0,0,0.0,0,30.83,0,116.0,0,13.81,0,-5.68,0,39.317,-76.586,45.0
2025-01-10 11:56:00,2025-01-10,2025-01-10 11:56:00,101.49,0,-4.405,0,0.039,56.78,0,0.23,0.238,0,0.001,3.507,0,3.433,0,303.7,0,11.75,0.0,0,0.0,0,0.0,0,0.0,20000.0,0,20000.0,0,0.0,0,0.0,0,0.0,0,0.0,0,30.83,0,116.0,0,13.81,0,-5.682,0,39.317,-76.586,45.0
2025-01-10 11:57:00,2025-01-10,2025-01-10 11:57:00,101.49,0,-4.376,0,0.028,56.44,0,0.234,0.237,0,0.001,3.314,0,3.177,0,306.9,0,16.49,0.0,0,0.0,0,0.0,0,0.0,20000.0,0,20000.0,0,0.0,0,0.0,0,0.0,0,0.0,0,30.83,0,116.0,0,13.81,0,-5.685,0,39.317,-76.586,45.0
2025-01-10 11:58:00,2025-01-10,2025-01-10 11:58:00,101.48,0,-4.383,0,0.029,56.27,0,0.224,0.236,0,0.001,4.07,0,3.979,0,308.3,0,12.16,0.0,0,0.0,0,0.0,0,0.0,20000.0,0,20000.0,0,0.0,0,0.0,0,0.0,0,0.0,0,30.83,0,116.0,0,13.81,0,-5.688,0,39.317,-76.586,45.0
2025-01-10 11:59:00,2025-01-10,2025-01-10 11:59:00,101.48,0,-4.414,0,0.024,56.2,0,0.225,0.236,0,0.001,3.757,0,3.695,0,312.1,0,10.41,0.0,0,0.0,0,0.0,0,0.0,20000.0,0,20000.0,0,0.0,0,0.0,0,0.0,0,0.0,0,30.83,0,116.0,0,13.81,0,-5.688,0,39.317,-76.586,45.0
2025-01-10 12:00:00,2025-01-10,2025-01-10 12:00:00,101.48,0,-4.422,0,0.029,56.21,0,0.224,0.235,0,0.001,4.39,0,4.303,0,303.2,0,11.44,0.0,0,0.0,0,0.0,0,0.0,20000.0,0,20000.0,0,0.0,0,0.0,0,0.0,0,0.0,0,30.83,0,116.0,0,13.81,0,-5.693,0,39.317,-76.586,45.0
2025-01-10 12:01:00,2025-01-10,2025-01-10 12:01:00,101.48,0,-4.355,0,0.038,56.13,0,0.24,0.236,0,0.001,5.117,0,4.936,0,314.8,0,15.24,0.0,0,0.0,0,0.0,0,0.0,20000.0,0,20000.0,0,0.0,0,0.0,0,0.0,0,0.0,0,30.83,0,116.0,0,13.81,0,-5.693,0,39.317,-76.586,45.0
2025-01-10 12:02:00,2025-01-10,2025-01-10 12:02:00,101.48,0,-4.378,0,0.037,55.92,0,0.211,0.235,0,0.001,3.647,0,3.531,0,304.6,0,14.46,0.0,0,0.0,0,0.0,0,0.0,20000.0,0,20000.0,0,0.0,0,0.0,0,0.0,0,0.0,0,30.83,0,116.0,0,13.81,0,-5.696,0,39.317,-76.586,45.0
2025-01-10 12:03:00,2025-01-10,2025-01-10 12:03:00,101.49,0,-4.435,0,0.028,56.04,0,0.223,0.234,0,0.001,3.014,0,2.889,0,300.5,0,16.45,0.0,0,0.0,0,0.0,0,0.0,20000.0,0,20000.0,0,0.0,0,0.0,0,0.0,0,0.0,0,30.83,0,116.0,0,13.81,0,-5.699,0,39.317,-76.586,45.0
2025-01-10 12:04:00,2025-01-10,2025-01-10 12:04:00,101.49,0,-4.408,0,0.027,56.11,0,0.195,0.235,0,0.001,3.714,0,3.621,0,304.5,0,12.8,0.0,0,0.0,0,0.0,0,0.0,20000.0,0,20000.0,0,0.0,0,0.0,0,0.0,0,0.0,0,30.83,0,116.0,0,13.81,0,-5.701,0,39.317,-76.586,45.0
2025-01-10 12:05:00,2025-01-10,2025-01-10 12:05:00,101.5,0,-4.4,0,0.032,56.07,0,0.226,0.235,0,0.001,2.811,0,2.753,0,306.5,0,11.68,0.0,0,0.0,0,0.0,0,0.0,20000.0,0,20000.0,0,0.0,0,0.0,0,0.0,0,0.0,0,30.83,0,116.0,0,13.81,0,-5.704,0,39.317,-76.586,45.0
2025-01-10 12:06:00,2025-01-10,2025-01-10 12:06:00,101.49,0,-4.498,0,0.035,56.17,0,0.223,0.234,0,0.001,3.85,0,3.766,0,310.8,0,11.96,0.0,0,0.0,0,0.0,0,0.0,20000.0,0,20000.0,0,0.0,0,0.0,0,0.0,0,0.0,0,30.83,0,116.0,0,13.81,0,-5.704,0,39.317,-76.586,45.0
2025-01-10 12:07:00,2025-01-10,2025-01-10 12:07:00,101.5,0,-4.433,0,0.039,56.21,0,0.215,0.235,0,0.001,3.223,0,3.145,0,310.7,0,12.56,0.0,0,0.0,0,0.0,0,0.0,20000.0,0,20000.0,0,0.0,0,0.0,0,0.0,0,0.0,0,30.83,0,116.0,0,13.81,0,-5.707,0,39.317,-76.586,45.0
2025-01-10 12:08:00,2025-01-10,2025-01-10 12:08:00,101.49,0,-4.422,0,0.043,56.11,0,0.239,0.235,0,0.001,2.693,0,2.626,0,297.9,0,12.83,0.0,0,0.0,0,0.0,0,0.0,20000.0,0,20000.0,0,0.0,0,0.0,0,0.0,0,0.0,0,30.83,0,116.0,0,13.81,0,-5.709,0,39.317,-76.586,45.0
2025-01-10 12:09:00,2025-01-10,2025-01-10 12:09:00,101.5,0,-4.516,0,0.038,56.16,0,0.21,0.233,0,0.001,3.017,0,2.915,0,305.3,0,14.89,0.0,0,0.0,0,0.0,0,0.0,20000.0,0,20000.0,0,0.0,0,0.0,0,0.0,0,0.0,0,30.83,0,116.0,0,13.81,0,-5.712,0,39.317,-76.586,45.0
2025-01-10 12:10:00,2025-01-10,2025-01-10 12:10:00,101.49,0,-4.527,0,0.035,56.29,0,0.219,0.234,0,0.001,3.847,0,3.604,0,313.6,0,20.34,0.0,0,0.0,0,0.0,0,0.0,20000.0,0,20000.0,0,0.0,0,0.0,0,0.0,0,0.0,0,30.83,0,116.0,0,13.81,0,-5.715,0,39.317,-76.586,45.0
2025-01-10 12:11:00,2025-01-10,2025-01-10 12:11:00,101.48,0,-4.429,0,0.034,56.04,0,0.219,0.235,0,0.001,4.356,0,4.216,0,300.7,0,14.55,0.0,0,0.0,0,0.0,0,0.0,20000.0,0,20000.0,0,0.0,0,0.0,0,0.0,0,0.0,0,30.83,0,116.0,0,13.81,0,-5.717,0,39.317,-76.586,45.0
2025-01-10 12:12:00,2025-01-10,2025-01-10 12:12:00,101.49,0,-4.383,0,0.023,55.78,0,0.233,0.234,0,0.001,4.825,0,4.683,0,308.8,0,13.87,0.0,0,0.0,0,0.0,0,0.0,20000.0,0,20000.0,0,0.0,0,0.0,0,0.0,0,0.0,0,30.83,0,116.0,0,13.81,0,-5.72,0,39.317,-76.586,45.0
2025-01-10 12:13:00,2025-01-10,2025-01-10 12:13:00,101.49,0,-4.38,0,0.024,55.55,0,0.202,0.233,0,0.001,4.408,0,4.282,0,316.0,0,13.72,0.0,0,0.0,0,0.0,0,0.0,20000.0,0,20000.0,0,0.0,0,0.0,0,0.0,0,0.0,0,30.83,0,116.0,0,13.81,0,-5.72,0,39.317,-76.586,45.0
2025-01-10 12:14:00,2025-01-10,2025-01-10 12:14:00,101.49,0,-4.383,0,0.029,55.47,0,0.228,0.233,0,0.001,4.867,0,4.799,0,311.4,0,9.6,0.0,0,0.0,0,0.0,0,0.0,20000.0,0,20000.0,0,0.0,0,0.0,0,0.0,0,0.0,0,30.83,0,116.0,0,13.81,0,-5.723,0,39.317,-76.586,45.0
2025-01-10 12:15:00,2025-01-10,2025-01-10 12:15:00,101.5,0,-4.338,0,0.026,55.29,0,0.225,0.233,0,0.001,4.96,0,4.869,0,306.1,0,11.02,0.0,0,0.0,0,0.0,0,0.0,20000.0,0,20000.0,0,0.0,0,0.0,0,0.0,0,0.0,0,30.83,0,116.0,0,13.81,0,-5.723,0,39.317,-76.586,45.0
2025-01-10 12:16:00,2025-01-10,2025-01-10 12:16:00,101.49,0,-4.341,0,0.027,55.13,0,0.226,0.233,0,0.001,4.779,0,4.522,0,317.9,0,18.77,0.0,0,0.0,0,0.0,0,0.0,20000.0,0,20000.0,0,0.0,0,0.0,0,0.0,0,0.0,0,30.83,0,116.0,0,13.81,0,-5.723,0,39.317,-76.586,45.0
2025-01-10 12:17:00,2025-01-10,2025-01-10 12:17:00,101.5,0,-4.421,0,0.038,55.18,0,0.233,0.231,0,0.001,4.167,0,4.02,0,310.1,0,15.22,0.0,0,0.0,0,0.0,0,0.0,20000.0,0,20000.0,0,0.0,0,0.0,0,0.0,0,0.0,0,30.83,0,116.0,0,13.81,0,-5.723,0,39.317,-76.586,45.0
2025-01-10 12:18:00,2025-01-10,2025-01-10 12:18:00,101.5,0,-4.511,0,0.056,55.61,0,0.29,0.231,0,0.002,3.574,0,3.509,0,312.2,0,10.93,0.0,0,0.0,0,0.0,0,0.0,20000.0,0,20000.0,0,0.0,0,0.0,0,0.0,0,0.0,0,30.83,0,116.0,0,13.81,0,-5.723,0,39.317,-76.586,45.0
2025-01-10 12:19:00,2025-01-10,2025-01-10 12:19:00,101.49,0,-4.511,0,0.037,55.86,0,0.222,0.232,0,0.001,4.82,0,4.733,0,306.7,0,10.9,0.0,0,0.0,0,0.0,0,0.0,20000.0,0,20000.0,0,0.0,0,0.0,0,0.0,0,0.0,0,30.83,0,116.0,0,13.81,0,-5.723,0,39.317,-76.586,45.0
2025-01-10 12:20:00,2025-01-10,2025-01-10 12:20:00,101.49,0,-4.422,0,0.03,55.64,0,0.23,0.233,0,0.001,3.472,0,3.392,0,310.8,0,12.3,0.0,0,0.0,0,0.0,0,0.0,20000.0,0,20000.0,0,0.0,0,0.0,0,0.0,0,0.0,0,30.83,0,116.0,0,13.81,0,-5.72,0,39.317,-76.586,45.0
2025-01-10 12:21:00,2025-01-10,2025-01-10 12:21:00,101.48,0,-4.4,0,0.026,55.45,0,0.235,0.233,0,0.001,4.155,0,4.019,0,312.5,0,14.66,0.0,0,0.0,0,0.0,0,0.0,20000.0,0,20000.0,0,0.0,0,0.0,0,0.0,0,0.0,0,30.83,0,116.0,0,13.81,0,-5.72,0,39.317,-76.586,45.0
2025-01-10 12:22:00,2025-01-10,2025-01-10 12:22:00,101.49,0,-4.386,0,0.024,55.23,0,0.22,0.232,0,0.001,4.591,0,4.545,0,320.2,0,8.11,0.0,0,0.0,0,0.0,0,0.0,20000.0,0,20000.0,0,0.0,0,0.0,0,0.0,0,0.0,0,30.83,0,116.0,0,13.81,0,-5.718,0,39.317,-76.586,45.0
2025-01-10 12:23:00,2025-01-10,2025-01-10 12:23:00,101.48,0,-4.355,0,0.026,55.0,0,0.217,0.232,0,0.001,3.392,0,3.314,0,321.8,0,12.33,0.0,0,0.0,0,0.0,0,0.0,20000.0,0,20000.0,0,0.0,0,0.0,0,0.0,0,0.0,0,30.83,0,116.0,0,13.81,0,-5.718,0,39.317,-76.586,45.0
2025-01-10 12:24:00,2025-01-10,2025-01-10 12:24:00,101.49,0,-4.341,0,0.03,54.78,0,0.226,0.231,0,0.001,2.283,0,2.179,0,310.6,0,17.29,0.0,0,0.0,0,0.0,0,0.0,20000.0,0,20000.0,0,0.0,0,0.0,0,0.0,0,0.0,0,30.83,0,116.0,0,13.81,0,-5.715,0,39.317,-76.586,45.0
2025-01-10 12:25:00,2025-01-10,2025-01-10 12:25:00,101.49,0,-4.448,0,0.063,54.88,0,0.28,0.229,0,0.001,2.996,0,2.959,0,313.2,0,8.93,0.0,0,0.0,0,0.0,0,0.0,20000.0,0,20000.0,0,0.0,0,0.0,0,0.0,0,0.0,0,30.83,0,116.0,0,13.81,0,-5.712,0,39.317,-76.586,45.0
2025-01-10 12:26:00,2025-01-10,2025-01-10 12:26:00,101.49,0,-4.559,0,0.031,55.44,0,0.24,0.23,0,0.001,3.381,0,3.254,0,317.7,0,15.7,0.0,0,0.0,0,0.0,0,0.0,20000.0,0,20000.0,0,0.0,0,0.0,0,0.0,0,0.0,0,30.83,0,116.0,0,13.81,0,-5.71,0,39.317,-76.586,45.0
2025-01-10 12:27:00,2025-01-10,2025-01-10 12:27:00,101.48,0,-4.521,0,0.028,55.57,0,0.228,0.231,0,0.001,3.11,0,3.047,0,311.9,0,11.54,0.0,0,0.0,0,0.0,0,0.0,20000.0,0,20000.0,0,0.0,0,0.0,0,0.0,0,0.0,0,30.83,0,116.0,0,13.81,0,-5.71,0,39.317,-76.586,45.0
2025-01-10 12:28:00,2025-01-10,2025-01-10 12:28:00,101.48,0,-4.517,0,0.038,55.5,0,0.21,0.231,0,0.001,3.476,0,3.353,0,309.7,0,15.2,0.0,0,0.0,0,0.0,0,0.0,20000.0,0,20000.0,0,0.0,0,0.0,0,0.0,0,0.0,0,30.83,0,116.0,0,13.81,0,-5.704,0,39.317,-76.586,45.0
2025-01-10 12:29:00,2025-01-10,2025-01-10 12:29:00,101.48,0,-4.525,0,0.034,55.49,0,0.213,0.23,0,0.001,3.864,0,3.746,0,309.0,0,14.19,0.0,0,0.0,0,0.0,0,0.0,20000.0,0,20000.0,0,0.0,0,0.0,0,0.0,0,0.0,0,30.83,0,116.0,0,13.81,0,-5.704,0,39.317,-76.586,45.0
2025-01-10 12:30:00,2025-01-10,2025-01-10 12:30:00,101.48,0,-4.493,0,0.039,55.46,0,0.217,0.231,0,0.001,3.783,0,3.67,0,311.5,0,14.0,0.0,0,0.0,0,0.0,0,0.0,20000.0,0,20000.0,0,0.0,0,0.0,0,0.0,0,0.0,0,30.83,0,116.0,0,13.81,0,-5.704,0,39.317,-76.586,45.0
2025-01-10 12:31:00,2025-01-10,2025-01-10 12:31:00,101.49,0,-4.458,0,0.029,55.35,0,0.245,0.231,0,0.001,3.78,0,3.699,0,302.7,0,11.79,0.0,0,0.0,0,0.0,0,0.0,20000.0,0,20000.0,0,0.0,0,0.0,0,0.0,0,0.0,0,30.83,0,116.0,0,13.81,0,-5.704,0,39.317,-76.586,45.0
2025-01-10 12:32:00,2025-01-10,2025-01-10 12:32:00,101.48,0,-4.406,0,0.027,55.05,0,0.219,0.231,0,0.001,4.794,0,4.762,0,307.8,0,6.63,0.0,0,0.0,0,0.0,0,0.0,20000.0,0,20000.0,0,0.0,0,0.0,0,0.0,0,0.0,0,30.83,0,116.0,0,13.81,0,-5.701,0,39.317,-76.586,45.0
2025-01-10 12:33:00,2025-01-10,2025-01-10 12:33:00,101.48,0,-4.357,0,0.032,54.78,0,0.223,0.231,0,0.001,3.551,0,3.48,0,313.0,0,11.47,0.0,0,0.0,0,0.0,0,0.0,20000.0,0,20000.0,0,0.0,0,0.0,0,0.0,0,0.0,0,30.83,0,116.0,0,13.81,0,-5.698,0,39.317,-76.586,45.0
2025-01-10 12:34:00,2025-01-10,2025-01-10 12:34:00,101.48,0,-4.405,0,0.034,54.75,0,0.233,0.23,0,0.001,3.864,0,3.761,0,309.5,0,13.27,0.0,0,0.0,0,0.0,0,0.0,20000.0,0,20000.0,0,0.0,0,0.0,0,0.0,0,0.0,0,30.83,0,116.0,0,13.81,0,-5.696,0,39.317,-76.586,45.0
2025-01-10 12:35:00,2025-01-10,2025-01-10 12:35:00,101.48,0,-4.402,0,0.051,54.75,0,0.219,0.23,0,0.002,4.162,0,4.078,0,322.4,0,11.51,0.0,0,0.0,0,0.0,0,0.0,20000.0,0,20000.0,0,0.0,0,0.0,0,0.0,0,0.0,0,30.83,0,116.0,0,13.81,0,-5.696,0,39.317,-76.586,45.0
2025-01-10 12:36:00,2025-01-10,2025-01-10 12:36:00,101.48,0,-4.389,0,0.048,54.57,0,0.22,0.229,0,0.001,3.833,0,3.673,0,306.1,0,16.59,0.0,0,0.0,0,0.0,0,0.0,20000.0,0,20000.0,0,0.0,0,0.0,0,0.0,0,0.0,0,30.83,0,116.0,0,13.81,0,-5.693,0,39.317,-76.586,45.0
2025-01-10 12:37:00,2025-01-10,2025-01-10 12:37:00,101.47,0,-4.436,0,0.029,54.57,0,0.215,0.228,0,0.001,4.887,0,4.817,0,304.3,0,9.71,0.0,0,0.0,0,0.0,0,0.0,20000.0,0,20000.0,0,0.0,0,0.0,0,0.0,0,0.0,0,30.83,0,116.0,0,13.81,0,-5.69,0,39.317,-76.586,45.0
2025-01-10 12:38:00,2025-01-10,2025-01-10 12:38:00,101.48,0,-4.49,0,0.034,54.82,0,0.249,0.228,0,0.001,3.752,0,3.694,0,312.0,0,10.05,0.0,0,0.0,0,0.0,0,0.0,20000.0,0,20000.0,0,0.0,0,0.0,0,0.0,0,0.0,0,30.83,0,116.0,0,13.81,0,-5.688,0,39.317,-76.586,45.0
2025-01-10 12:39:00,2025-01-10,2025-01-10 12:39:00,101.49,0,-4.495,0,0.031,55.08,0,0.241,0.229,0,0.001,2.679,0,2.619,0,309.7,0,12.05,0.0,0,0.0,0,0.0,0,0.0,20000.0,0,20000.0,0,0.0,0,0.0,0,0.0,0,0.0,0,30.83,0,116.0,0,13.81,0,-5.685,0,39.317,-76.586,45.0
2025-01-10 12:40:00,2025-01-10,2025-01-10 12:40:00,101.49,0,-4.577,0,0.042,55.4,0,0.23,0.229,0,0.001,2.884,0,2.834,0,310.9,0,10.73,0.0,0,0.0,0,0.0,0,0.0,20000.0,0,20000.0,0,0.0,0,0.0,0,0.0,0,0.0,0,30.83,0,116.0,0,13.81,0,-5.679,0,39.317,-76.586,45.0
2025-01-10 12:41:00,2025-01-10,2025-01-10 12:41:00,101.48,0,-4.641,0,0.025,55.81,0,0.217,0.229,0,0.001,3.285,0,3.233,0,309.8,0,10.19,0.0,0,0.0,0,0.0,0,0.0,20000.0,0,20000.0,0,0.0,0,0.0,0,0.0,0,0.0,0,30.83,0,116.0,0,13.81,0,-5.677,0,39.317,-76.586,45.0
2025-01-10 12:42:00,2025-01-10,2025-01-10 12:42:00,101.47,0,-4.6,0,0.047,55.89,0,0.219,0.231,0,0.001,3.858,0,3.703,0,315.8,0,16.24,0.0,0,0.0,0,0.0,0,0.0,20000.0,0,20000.0,0,0.0,0,0.0,0,0.0,0,0.0,0,30.83,0,116.0,0,13.81,0,-5.671,0,39.317,-76.586,45.0
2025-01-10 12:43:00,2025-01-10,2025-01-10 12:43:00,101.46,0,-4.515,0,0.026,55.57,0,0.217,0.231,0,0.001,2.086,0,1.913,0,325.1,0,23.33,0.0,0,0.0,0,0.0,0,0.0,20000.0,0,20000.0,0,0.0,0,0.0,0,0.0,0,0.0,0,30.83,0,116.0,0,13.81,0,-5.671,0,39.317,-76.586,45.0
2025-01-10 12:44:00,2025-01-10,2025-01-10 12:44:00,101.47,0,-4.6,0,0.036,55.57,0,0.222,0.229,0,0.001,2.693,0,2.614,0,324.8,0,13.88,0.0,0,0.0,0,0.0,0,0.0,20000.0,0,20000.0,0,0.0,0,0.0,0,0.0,0,0.0,0,30.83,0,116.0,0,13.81,0,-5.666,0,39.317,-76.586,45.0
2025-01-10 12:45:00,2025-01-10,2025-01-10 12:45:00,101.47,0,-4.586,0,0.03,55.68,0,0.215,0.23,0,0.001,3.031,0,2.998,0,319.9,0,8.54,0.0,0,0.0,0,0.0,0,0.0,20000.0,0,20000.0,0,0.0,0,0.0,0,0.0,0,0.0,0,30.83,0,116.0,0,13.81,0,-5.663,0,39.317,-76.586,45.0
2025-01-10 12:46:00,2025-01-10,2025-01-10 12:46:00,101.47,0,-4.535,0,0.038,55.61,0,0.228,0.231,0,0.001,3.107,0,3.011,0,322.4,0,14.24,0.0,0,0.0,0,0.0,0,0.0,20000.0,0,20000.0,0,0.0,0,0.0,0,0.0,0,0.0,0,30.83,0,116.0,0,13.81,0,-5.658,0,39.317,-76.586,45.0
2025-01-10 12:47:00,2025-01-10,2025-01-10 12:47:00,101.47,0,-4.481,0,0.03,55.36,0,0.22,0.231,0,0.001,2.486,0,2.398,0,317.4,0,15.26,0.0,0,0.0,0,0.0,0,0.0,20000.0,0,20000.0,0,0.0,0,0.0,0,0.0,0,0.0,0,30.83,0,116.0,0,13.81,0,-5.655,0,39.317,-76.586,45.0
2025-01-10 12:48:00,2025-01-10,2025-01-10 12:48:00,101.47,0,-4.504,0,0.025,55.3,0,0.213,0.23,0,0.001,2.788,0,2.705,0,308.6,0,13.99,0.0,0,0.0,0,0.0,0,0.0,20000.0,0,20000.0,0,0.0,0,0.0,0,0.0,0,0.0,0,30.83,0,116.0,0,13.81,0,-5.65,0,39.317,-76.586,45.0
2025-01-10 12:49:00,2025-01-10,2025-01-10 12:49:00,101.47,0,-4.511,0,0.028,55.33,0,0.231,0.23,0,0.001,2.308,0,2.229,0,319.9,0,14.95,0.0,0,0.0,0,0.0,0,0.0,20000.0,0,20000.0,0,0.0,0,0.0,0,0.0,0,0.0,0,30.83,0,116.0,0,13.81,0,-5.644,0,39.317,-76.586,45.0
2025-01-10 12:50:00,2025-01-10,2025-01-10 12:50:00,101.47,0,-4.566,0,0.029,55.43,0,0.229,0.229,0,0.001,2.979,0,2.927,0,303.5,0,10.68,0.0,0,0.0,0,0.0,0,0.0,20000.0,0,20000.0,0,0.0,0,0.0,0,0.0,0,0.0,0,30.83,0,116.0,0,13.81,0,-5.641,0,39.317,-76.586,45.0
2025-01-10 12:51:00,2025-01-10,2025-01-10 12:51:00,101.47,0,-4.569,0,0.033,55.58,0,0.217,0.23,0,0.001,4.521,0,4.463,0,312.6,0,9.2,0.0,0,0.0,0,0.0,0,0.0,20000.0,0,20000.0,0,0.0,0,0.0,0,0.0,0,0.0,0,30.83,0,116.0,0,13.81,0,-5.633,0,39.317,-76.586,45.0
2025-01-10 12:52:00,2025-01-10,2025-01-10 12:52:00,101.46,0,-4.485,0,0.031,55.47,0,0.224,0.231,0,0.001,2.876,0,2.787,0,307.0,0,14.25,0.0,0,0.0,0,0.0,0,0.0,20000.0,0,20000.0,0,0.0,0,0.0,0,0.0,0,0.0,0,30.83,0,116.0,0,13.81,0,-5.628,0,39.317,-76.586,45.0
2025-01-10 12:53:00,2025-01-10,2025-01-10 12:53:00,101.46,0,-4.506,0,0.038,55.42,0,0.207,0.23,0,0.001,3.031,0,2.926,0,309.7,0,15.1,0.0,0,0.0,0,0.0,0,0.0,20000.0,0,20000.0,0,0.0,0,0.0,0,0.0,0,0.0,0,30.83,0,116.0,0,13.81,0,-5.62,0,39.317,-76.586,45.0
2025-01-10 12:54:00,2025-01-10,2025-01-10 12:54:00,101.46,0,-4.54,0,0.026,55.45,0,0.22,0.23,0,0.001,2.963,0,2.894,0,300.7,0,12.39,0.0,0,0.0,0,0.0,0,0.0,20000.0,0,20000.0,0,0.0,0,0.0,0,0.0,0,0.0,0,30.83,0,116.0,0,13.81,0,-5.609,0,39.317,-76.586,45.0
2025-01-10 12:55:00,2025-01-10,2025-01-10 12:55:00,101.46,0,-4.464,0,0.032,55.28,0,0.223,0.231,0,0.001,2.445,0,2.404,0,311.6,0,10.5,0.0,0,0.0,0,0.0,0,0.0,20000.0,0,20000.0,0,0.0,0,0.0,0,0.0,0,0.0,0,30.83,0,116.0,0,13.81,0,-5.598,0,39.317,-76.586,45.0
2025-01-10 12:56:00,2025-01-10,2025-01-10 12:56:00,101.47,0,-4.432,0,0.032,55.05,0,0.211,0.23,0,0.001,1.599,0,1.497,0,316.0,0,20.42,0.0,0,0.0,0,0.0,0,0.0,20000.0,0,20000.0,0,0.0,0,0.0,0,0.0,0,0.0,0,30.83,0,116.0,0,13.81,0,-5.587,0,39.317,-76.586,45.0
2025-01-10 12:57:00,2025-01-10,2025-01-10 12:57:00,101.47,0,-4.513,0,0.03,55.17,0,0.228,0.229,0,0.001,1.991,0,1.945,0,322.8,0,12.37,0.0,0,0.0,0,0.0,0,0.0,20000.0,0,20000.0,0,0.0,0,0.0,0,0.0,0,0.0,0,30.83,0,116.0,0,13.81,0,-5.571,0,39.317,-76.586,45.0
2025-01-10 12:58:00,2025-01-10,2025-01-10 12:58:00,101.47,0,-4.492,0,0.025,55.25,0,0.222,0.23,0,0.001,2.236,0,2.202,0,320.6,0,9.93,0.0,0,0.0,0,0.0,0,0.0,20000.0,0,20000.0,0,0.0,0,0.0,0,0.0,0,0.0,0,30.83,0,116.0,0,13.8,0,-5.555,0,39.317,-76.586,45.0
2025-01-10 12:59:00,2025-01-10,2025-01-10 12:59:00,101.47,0,-4.411,0,0.031,55.05,0,0.215,0.231,0,0.001,1.627,0,1.59,0,310.4,0,12.15,0.0,0,0.0,0,0.0,0,0.0,20000.0,0,20000.0,0,0.0,0,0.0,0,0.0,0,0.0,0,30.83,0,116.0,0,13.8,0,-5.539,0,39.317,-76.586,45.0
2025-01-10 13:00:00,2025-01-10,2025-01-10 13:00:00,101.47,0,-4.461,0,0.065,54.88,0,0.219,0.229,0,0.001,2.166,0,1.969,0,316.7,0,24.43,0.0,0,0.0,0,0.0,0,0.0,20000.0,0,20000.0,0,0.0,0,0.0,0,0.0,0,0.0,0,30.83,0,116.0,0,13.8,0,-5.522,0,39.317,-76.586,45.0
2025-01-10 13:01:00,2025-01-10,2025-01-10 13:01:00,101.47,0,-4.474,0,0.04,54.92,0,0.223,0.229,0,0.001,2.479,0,2.414,0,330.1,0,13.16,0.0,0,0.0,0,0.0,0,0.0,20000.0,0,20000.0,0,0.0,0,0.0,0,0.0,0,0.0,0,30.83,0,116.0,0,13.8,0,-5.501,0,39.317,-76.586,45.0
2025-01-10 13:02:00,2025-01-10,2025-01-10 13:02:00,101.47,0,-4.391,0,0.034,54.87,0,0.216,0.23,0,0.001,1.218,0,1.097,0,299.8,0,25.61,0.0,0,0.0,0,0.0,0,0.0,20000.0,0,20000.0,0,0.0,0,0.0,0,0.0,0,0.0,0,30.83,0,116.0,0,13.8,0,-5.479,0,39.317,-76.586,45.0
2025-01-10 13:03:00,2025-01-10,2025-01-10 13:03:00,101.46,0,-4.392,0,0.023,54.68,0,0.232,0.23,0,0.001,1.788,0,1.764,0,316.6,0,9.44,0.0,0,0.0,0,0.0,0,0.0,20000.0,0,20000.0,0,0.0,0,0.0,0,0.0,0,0.0,0,30.83,0,116.0,0,13.8,0,-5.457,0,39.317,-76.586,45.0
2025-01-10 13:04:00,2025-01-10,2025-01-10 13:04:00,101.46,0,-4.391,0,0.03,54.47,0,0.223,0.229,0,0.001,1.795,0,1.643,0,299.5,0,23.61,0.0,0,0.0,0,0.0,0,0.0,20000.0,0,20000.0,0,0.0,0,0.0,0,0.0,0,0.0,0,30.83,0,116.0,0,13.8,0,-5.433,0,39.317,-76.586,45.0
2025-01-10 13:05:00,2025-01-10,2025-01-10 13:05:00,101.46,0,-4.375,0,0.039,54.31,0,0.215,0.228,0,0.001,0.991,0,0.895,0,306.2,0,25.25,0.0,0,0.0,0,0.0,0,0.0,20000.0,0,20000.0,0,0.0,0,0.0,0,0.0,0,0.0,0,30.83,0,116.0,0,13.8,0,-5.406,0,39.317,-76.586,45.0
2025-01-10 13:06:00,2025-01-10,2025-01-10 13:06:00,101.46,0,-4.294,0,0.027,54.05,0,0.237,0.229,0,0.001,0.804,0,0.731,0,303.2,0,24.39,0.0,0,0.0,0,0.0,0,0.0,20000.0,0,20000.0,0,0.0,0,0.0,0,0.0,0,0.0,0,30.83,0,116.0,0,13.8,0,-5.379,0,39.317,-76.586,45.0
2025-01-10 13:07:00,2025-01-10,2025-01-10 13:07:00,101.47,0,-4.315,0,0.031,53.9,0,0.209,0.228,0,0.001,0.397,0,0.366,0,358.2,0,20.1,0.0,0,0.0,0,0.0,0,0.0,20000.0,0,20000.0,0,0.0,0,0.0,0,0.0,0,0.0,0,30.83,0,116.0,0,13.79,0,-5.352,0,39.317,-76.586,45.0
2025-01-10 13:08:00,2025-01-10,2025-01-10 13:08:00,101.46,0,-4.373,0,0.024,54.14,0,0.235,0.228,0,0.001,0.892,0,0.757,0,77.52,0,31.5,0.0,0,0.0,0,0.0,0,0.0,20000.0,0,20000.0,0,0.0,0,0.0,0,0.0,0,0.0,0,30.83,0,116.0,0,13.79,0,-5.325,0,39.317,-76.586,45.0
2025-01-10 13:09:00,2025-01-10,2025-01-10 13:09:00,101.46,0,-4.54,0,0.142,54.31,0,0.217,0.225,0,0.003,0.884,0,0.842,0,75.92,0,17.61,0.0,0,0.0,0,0.0,0,0.0,20000.0,0,20000.0,0,0.0,0,0.0,0,0.0,0,0.0,0,30.83,0,116.0,0,13.79,0,-5.295,0,39.317,-76.586,45.0
2025-01-10 13:10:00,2025-01-10,2025-01-10 13:10:00,101.46,0,-4.802,0,0.03,54.78,0,0.365,0.222,0,0.002,0.822,0,0.759,0,29.08,0,22.29,0.0,0,0.0,0,0.0,0,0.0,20000.0,0,20000.0,0,0.0,0,0.0,0,0.0,0,0.0,0,30.83,0,116.0,0,13.79,0,-5.265,0,39.317,-76.586,45.0
2025-01-10 13:11:00,2025-01-10,2025-01-10 13:11:00,101.46,0,-4.651,0,0.076,55.56,0,0.245,0.228,0,0.002,0.603,0,0.584,0,66.72,0,14.1,0.0,0,0.0,0,0.0,0,0.0,20000.0,0,20000.0,0,0.0,0,0.0,0,0.0,0,0.0,0,30.83,0,116.0,0,13.79,0,-5.238,0,39.317,-76.586,45.0
2025-01-10 13:12:00,2025-01-10,2025-01-10 13:12:00,101.47,0,-4.612,0,0.057,55.67,0,0.235,0.229,0,0.002,0.0,0,0.0,0,0.0,0,0.0,0.0,0,0.0,0,0.0,0,0.0,20000.0,0,20000.0,0,0.0,0,0.0,0,0.0,0,0.0,0,30.83,0,116.0,0,13.79,0,-5.209,0,39.317,-76.586,45.0
2025-01-10 13:13:00,2025-01-10,2025-01-10 13:13:00,101.47,0,-4.638,0,0.035,55.51,0,0.21,0.228,0,0.001,0.109,0,0.108,0,301.7,0,4.628,0.0,0,0.0,0,0.0,0,0.0,20000.0,0,20000.0,0,0.0,0,0.0,0,0.0,0,0.0,0,30.83,0,116.0,0,13.79,0,-5.181,0,39.317,-76.586,45.0
2025-01-10 13:14:00,2025-01-10,2025-01-10 13:14:00,101.47,0,-4.494,0,0.062,55.32,0,0.244,0.23,0,0.001,0.644,0,0.606,0,301.4,0,19.59,0.0,0,0.0,0,0.0,0,0.0,20000.0,0,20000.0,0,0.0,0,0.0,0,0.0,0,0.0,0,30.83,0,116.0,0,13.79,0,-5.152,0,39.317,-76.586,45.0
2025-01-10 13:15:00,2025-01-10,2025-01-10 13:15:00,101.47,0,-4.353,0,0.045,54.82,0,0.292,0.231,0,0.001,0.57,0,0.496,0,318.3,0,29.23,0.0,0,0.0,0,0.0,0,0.0,20000.0,0,20000.0,0,0.0,0,0.0,0,0.0,0,0.0,0,30.83,0,116.0,0,13.79,0,-5.125,0,39.317,-76.586,45.0
2025-01-10 13:16:00,2025-01-10,2025-01-10 13:16:00,101.47,0,-4.24,0,0.036,54.09,0,0.3,0.23,0,0.001,1.447,0,1.426,0,283.1,0,9.73,0.0,0,0.0,0,0.0,0,0.0,20000.0,0,20000.0,0,0.0,0,0.0,0,0.0,0,0.0,0,30.83,0,116.0,0,13.79,0,-5.092,0,39.317,-76.586,45.0
2025-01-10 13:17:00,2025-01-10,2025-01-10 13:17:00,101.48,0,-4.25,0,0.041,53.56,0,0.24,0.228,0,0.002,1.06,0,1.014,0,311.1,0,16.86,0.0,0,0.0,0,0.0,0,0.0,20000.0,0,20000.0,0,0.0,0,0.0,0,0.0,0,0.0,0,30.83,0,116.0,0,13.78,0,-5.062,0,39.317,-76.586,45.0
2025-01-10 13:18:00,2025-01-10,2025-01-10 13:18:00,101.48,0,-4.35,0,0.04,53.67,0,0.247,0.226,0,0.001,0.714,0,0.703,0,298.4,0,9.89,0.0,0,0.0,0,0.0,0,0.0,20000.0,0,20000.0,0,0.0,0,0.0,0,0.0,0,0.0,0,30.83,0,116.0,0,13.78,0,-5.03,0,39.317,-76.586,45.0
2025-01-10 13:19:00,2025-01-10,2025-01-10 13:19:00,101.48,0,-4.457,0,0.042,53.89,0,0.216,0.225,0,0.001,0.666,0,0.654,0,314.7,0,11.07,0.0,0,0.0,0,0.0,0,0.0,20000.0,0,20000.0,0,0.0,0,0.0,0,0.0,0,0.0,0,30.83,0,116.0,0,13.78,0,-5.0,0,39.317,-76.586,45.0
2025-01-10 13:20:00,2025-01-10,2025-01-10 13:20:00,101.48,0,-4.496,0,0.04,54.17,0,0.225,0.225,0,0.001,1.898,0,1.886,0,309.9,0,6.464,0.0,0,0.0,0,0.0,0,0.0,20000.0,0,20000.0,0,0.0,0,0.0,0,0.0,0,0.0,0,30.83,0,116.0,0,13.78,0,-4.965,0,39.317,-76.586,45.0
2025-01-10 13:21:00,2025-01-10,2025-01-10 13:21:00,101.48,0,-4.325,0,0.056,54.18,0,0.227,0.229,0,0.001,2.484,0,2.469,0,308.0,0,6.327,0.0,0,0.0,0,0.0,0,0.0,20000.0,0,20000.0,0,0.0,0,0.0,0,0.0,0,0.0,0,30.83,0,116.0,0,13.78,0,-4.93,0,39.317,-76.586,45.0
2025-01-10 13:22:00,2025-01-10,2025-01-10 13:22:00,101.48,0,-4.222,0,0.055,53.85,0,0.257,0.229,0,0.002,4.288,0,4.205,0,298.9,0,11.25,0.0,0,0.0,0,0.0,0,0.0,20000.0,0,20000.0,0,0.0,0,0.0,0,0.0,0,0.0,0,30.83,0,116.0,0,13.78,0,-4.893,0,39.317,-76.586,45.0
2025-01-10 13:23:00,2025-01-10,2025-01-10 13:23:00,101.48,0,-4.146,0,0.031,53.12,0,0.281,0.228,0,0.001,4.221,0,4.168,0,321.2,0,9.08,0.0,0,0.0,0,0.0,0,0.0,20000.0,0,20000.0,0,0.0,0,0.0,0,0.0,0,0.0,0,30.83,0,116.0,0,13.78,0,-4.857,0,39.317,-76.586,45.0
2025-01-10 13:24:00,2025-01-10,2025-01-10 13:24:00,101.48,0,-4.142,0,0.031,52.73,0,0.222,0.226,0,0.001,2.533,0,2.346,0,333.8,0,22.0,0.0,0,0.0,0,0.0,0,0.0,20000.0,0,20000.0,0,0.0,0,0.0,0,0.0,0,0.0,0,30.83,0,116.0,0,13.77,0,-4.817,0,39.317,-76.586,45.0
2025-01-10 13:25:00,2025-01-10,2025-01-10 13:25:00,101.49,0,-4.131,0,0.029,52.75,0,0.202,0.226,0,0.001,2.71,0,2.685,0,300.6,0,7.77,0.0,0,0.0,0,0.0,0,0.0,20000.0,0,20000.0,0,0.0,0,0.0,0,0.0,0,0.0,0,30.83,0,116.0,0,13.77,0,-4.774,0,39.317,-76.586,45.0
2025-01-10 13:26:00,2025-01-10,2025-01-10 13:26:00,101.49,0,-4.134,0,0.035,52.78,0,0.241,0.227,0,0.001,3.726,0,3.658,0,314.7,0,10.88,0.0,0,0.0,0,0.0,0,0.0,20000.0,0,20000.0,0,0.0,0,0.0,0,0.0,0,0.0,0,30.83,0,116.0,0,13.77,0,-4.731,0,39.317,-76.586,45.0
2025-01-10 13:27:00,2025-01-10,2025-01-10 13:27:00,101.49,0,-4.064,0,0.035,52.44,0,0.274,0.226,0,0.001,4.211,0,4.164,0,321.0,0,8.55,0.0,0,0.0,0,0.0,0,0.0,20000.0,0,20000.0,0,0.0,0,0.0,0,0.0,0,0.0,0,30.83,0,116.0,0,13.77,0,-4.688,0,39.317,-76.586,45.0
2025-01-10 13:28:00,2025-01-10,2025-01-10 13:28:00,101.49,0,-4.03,0,0.036,52.03,0,0.216,0.225,0,0.001,3.084,0,2.979,0,310.3,0,14.91,0.0,0,0.0,0,0.0,0,0.0,20000.0,0,20000.0,0,0.0,0,0.0,0,0.0,0,0.0,0,30.83,0,116.0,0,13.77,0,-4.642,0,39.317,-76.586,45.0
2025-01-10 13:29:00,2025-01-10,2025-01-10 13:29:00,101.48,0,-4.062,0,0.031,52.19,0,0.225,0.225,0,0.001,4.038,0,3.878,0,308.6,0,16.09,0.0,0,0.0,0,0.0,0,0.0,20000.0,0,20000.0,0,0.0,0,0.0,0,0.0,0,0.0,0,30.83,0,116.0,0,13.77,0,-4.594,0,39.317,-76.586,45.0
2025-01-10 13:30:00,2025-01-10,2025-01-10 13:30:00,101.48,0,-4.003,0,0.03,52.04,0,0.213,0.226,0,0.001,3.435,0,3.331,0,320.1,0,14.06,0.0,0,0.0,0,0.0,0,0.0,20000.0,0,20000.0,0,0.0,0,0.0,0,0.0,0,0.0,0,30.83,0,116.0,0,13.77,0,-4.548,0,39.317,-76.586,45.0
2025-01-10 13:31:00,2025-01-10,2025-01-10 13:31:00,101.47,0,-3.998,0,0.032,51.81,0,0.217,0.225,0,0.001,4.957,0,4.838,0,328.7,0,12.54,0.0,0,0.0,0,0.0,0,0.0,20000.0,0,20000.0,0,0.0,0,0.0,0,0.0,0,0.0,0,30.83,0,116.0,0,13.76,0,-4.5,0,39.317,-76.586,45.0
2025-01-10 13:32:00,2025-01-10,2025-01-10 13:32:00,101.47,0,-3.989,0,0.026,51.77,0,0.224,0.225,0,0.001,4.854,0,4.78,0,326.2,0,10.05,0.0,0,0.0,0,0.0,0,0.0,20000.0,0,20000.0,0,0.0,0,0.0,0,0.0,0,0.0,0,30.83,0,116.0,0,13.76,0,-4.448,0,39.317,-76.586,45.0
2025-01-10 13:33:00,2025-01-10,2025-01-10 13:33:00,101.47,0,-3.944,0,0.034,51.66,0,0.223,0.225,0,0.001,3.749,0,3.592,0,339.8,0,16.57,0.0,0,0.0,0,0.0,0,0.0,20000.0,0,20000.0,0,0.0,0,0.0,0,0.0,0,0.0,0,30.83,0,116.0,0,13.76,0,-4.4,0,39.317,-76.586,45.0
2025-01-10 13:34:00,2025-01-10,2025-01-10 13:34:00,101.47,0,-3.914,0,0.025,51.64,0,0.227,0.226,0,0.001,2.765,0,2.686,0,317.0,0,13.73,0.0,0,0.0,0,0.0,0,0.0,20000.0,0,20000.0,0,0.0,0,0.0,0,0.0,0,0.0,0,30.83,0,116.0,0,13.76,0,-4.349,0,39.317,-76.586,45.0
2025-01-10 13:35:00,2025-01-10,2025-01-10 13:35:00,101.48,0,-3.889,0,0.033,51.56,0,0.226,0.226,0,0.001,3.195,0,3.138,0,326.7,0,10.76,0.0,0,0.0,0,0.0,0,0.0,20000.0,0,20000.0,0,0.0,0,0.0,0,0.0,0,0.0,0,30.83,0,116.0,0,13.76,0,-4.301,0,39.317,-76.586,45.0
2025-01-10 13:36:00,2025-01-10,2025-01-10 13:36:00,101.48,0,-3.868,0,0.025,51.4,0,0.213,0.226,0,0.001,2.499,0,2.437,0,295.6,0,12.78,0.0,0,0.0,0,0.0,0,0.0,20000.0,0,20000.0,0,0.0,0,0.0,0,0.0,0,0.0,0,30.83,0,116.0,0,13.75,0,-4.247,0,39.317,-76.586,45.0
2025-01-10 13:37:00,2025-01-10,2025-01-10 13:37:00,101.49,0,-3.912,0,0.039,51.55,0,0.253,0.225,0,0.001,2.321,0,2.291,0,322.4,0,9.15,0.0,0,0.0,0,0.0,0,0.0,20000.0,0,20000.0,0,0.0,0,0.0,0,0.0,0,0.0,0,30.83,0,116.0,0,13.75,0,-4.196,0,39.317,-76.586,45.0
2025-01-10 13:38:00,2025-01-10,2025-01-10 13:38:00,101.5,0,-3.922,0,0.028,51.76,0,0.2,0.226,0,0.001,2.581,0,2.546,0,305.9,0,9.42,0.0,0,0.0,0,0.0,0,0.0,20000.0,0,20000.0,0,0.0,0,0.0,0,0.0,0,0.0,0,30.83,0,116.0,0,13.75,0,-4.145,0,39.317,-76.586,45.0
2025-01-10 13:39:00,2025-01-10,2025-01-10 13:39:00,101.5,0,-3.952,0,0.034,52.18,0,0.315,0.227,0,0.001,3.33,0,3.274,0,306.9,0,10.56,0.0,0,0.0,0,0.0,0,0.0,20000.0,0,20000.0,0,0.0,0,0.0,0,0.0,0,0.0,0,30.83,0,116.0,0,13.75,0,-4.089,0,39.317,-76.586,45.0
2025-01-10 13:40:00,2025-01-10,2025-01-10 13:40:00,101.5,0,-3.921,0,0.035,52.27,0,0.199,0.228,0,0.001,2.759,0,2.691,0,310.4,0,12.67,0.0,0,0.0,0,0.0,0,0.0,20000.0,0,20000.0,0,0.0,0,0.0,0,0.0,0,0.0,0,30.83,0,116.0,0,13.75,0,-4.032,0,39.317,-76.586,45.0
2025-01-10 13:41:00,2025-01-10,2025-01-10 13:41:00,101.49,0,-3.882,0,0.034,52.28,0,0.229,0.229,0,0.001,3.964,0,3.908,0,309.4,0,9.64,0.0,0,0.0,0,0.0,0,0.0,20000.0,0,20000.0,0,0.0,0,0.0,0,0.0,0,0.0,0,30.83,0,116.0,0,13.75,0,-3.976,0,39.317,-76.586,45.0
2025-01-10 13:42:00,2025-01-10,2025-01-10 13:42:00,101.49,0,-3.825,0,0.036,51.91,0,0.27,0.229,0,0.001,3.316,0,3.292,0,306.3,0,6.872,0.0,0,0.0,0,0.0,0,0.0,20000.0,0,20000.0,0,0.0,0,0.0,0,0.0,0,0.0,0,30.83,0,116.0,0,13.74,0,-3.92,0,39.317,-76.586,45.0
2025-01-10 13:43:00,2025-01-10,2025-01-10 13:43:00,101.49,0,-3.785,0,0.027,51.55,0,0.23,0.228,0,0.001,3.833,0,3.786,0,311.2,0,8.96,0.0,0,0.0,0,0.0,0,0.0,20000.0,0,20000.0,0,0.0,0,0.0,0,0.0,0,0.0,0,30.83,0,116.0,0,13.74,0,-3.861,0,39.317,-76.586,45.0
2025-01-10 13:44:00,2025-01-10,2025-01-10 13:44:00,101.49,0,-3.729,0,0.031,51.17,0,0.288,0.227,0,0.001,3.494,0,3.434,0,304.7,0,10.56,0.0,0,0.0,0,0.0,0,0.0,20000.0,0,20000.0,0,0.0,0,0.0,0,0.0,0,0.0,0,30.83,0,116.0,0,13.74,0,-3.802,0,39.317,-76.586,45.0
2025-01-10 13:45:00,2025-01-10,2025-01-10 13:45:00,101.49,0,-3.691,0,0.028,51.02,0,0.225,0.227,0,0.001,4.047,0,4.011,0,317.7,0,7.663,0.0,0,0.0,0,0.0,0,0.0,20000.0,0,20000.0,0,0.0,0,0.0,0,0.0,0,0.0,0,30.83,0,116.0,0,13.74,0,-3.74,0,39.317,-76.586,45.0
2025-01-10 13:46:00,2025-01-10,2025-01-10 13:46:00,101.49,0,-3.663,0,0.031,50.88,0,0.242,0.227,0,0.001,5.65,0,5.601,0,316.4,0,7.547,0.0,0,0.0,0,0.0,0,0.0,20000.0,0,20000.0,0,0.0,0,0.0,0,0.0,0,0.0,0,30.83,0,116.0,0,13.74,0,-3.679,0,39.317,-76.586,45.0
2025-01-10 13:47:00,2025-01-10,2025-01-10 13:47:00,101.48,0,-3.599,0,0.036,50.46,0,0.268,0.227,0,0.001,4.541,0,4.423,0,324.1,0,13.04,0.0,0,0.0,0,0.0,0,0.0,20000.0,0,20000.0,0,0.0,0,0.0,0,0.0,0,0.0,0,30.83,0,116.0,0,13.74,0,-3.62,0,39.317,-76.586,45.0
2025-01-10 13:48:00,2025-01-10,2025-01-10 13:48:00,101.47,0,-3.574,0,0.026,50.17,0,0.226,0.226,0,0.001,4.773,0,4.663,0,319.7,0,12.29,0.0,0,0.0,0,0.0,0,0.0,20000.0,0,20000.0,0,0.0,0,0.0,0,0.0,0,0.0,0,30.83,0,116.0,0,13.74,0,-3.558,0,39.317,-76.586,45.0
2025-01-10 13:49:00,2025-01-10,2025-01-10 13:49:00,101.47,0,-3.574,0,0.032,50.24,0,0.219,0.226,0,0.001,3.815,0,3.763,0,320.3,0,9.5,0.0,0,0.0,0,0.0,0,0.0,20000.0,0,20000.0,0,0.0,0,0.0,0,0.0,0,0.0,0,30.83,0,116.0,0,13.73,0,-3.497,0,39.317,-76.586,45.0
2025-01-10 13:50:00,2025-01-10,2025-01-10 13:50:00,101.48,0,-3.579,0,0.032,50.3,0,0.256,0.226,0,0.001,2.695,0,2.607,0,305.6,0,14.65,0.0,0,0.0,0,0.0,0,0.0,20000.0,0,20000.0,0,0.0,0,0.0,0,0.0,0,0.0,0,30.83,0,116.0,0,13.73,0,-3.438,0,39.317,-76.586,45.0
2025-01-10 13:51:00,2025-01-10,2025-01-10 13:51:00,101.49,0,-3.682,0,0.035,51.26,0,0.337,0.229,0,0.001,3.626,0,3.522,0,304.4,0,13.71,0.0,0,0.0,0,0.0,0,0.0,20000.0,0,20000.0,0,0.0,0,0.0,0,0.0,0,0.0,0,30.83,0,116.0,0,13.73,0,-3.379,0,39.317,-76.586,45.0
2025-01-10 13:52:00,2025-01-10,2025-01-10 13:52:00,101.5,0,-3.631,0,0.031,51.31,0,0.226,0.23,0,0.001,2.69,0,2.657,0,299.7,0,8.99,0.0,0,0.0,0,0.0,0,0.0,20000.0,0,20000.0,0,0.0,0,0.0,0,0.0,0,0.0,0,30.83,0,116.0,0,13.73,0,-3.323,0,39.317,-76.586,45.0
2025-01-10 13:53:00,2025-01-10,2025-01-10 13:53:00,101.51,0,-3.627,0,0.024,51.31,0,0.212,0.23,0,0.001,2.408,0,2.326,0,305.3,0,14.93,0.0,0,0.0,0,0.0,0,0.0,20000.0,0,20000.0,0,0.0,0,0.0,0,0.0,0,0.0,0,30.83,0,116.0,0,13.73,0,-3.265,0,39.317,-76.586,45.0
2025-01-10 13:54:00,2025-01-10,2025-01-10 13:54:00,101.51,0,-3.648,0,0.022,51.82,0,0.276,0.232,0,0.001,3.082,0,2.868,0,300.5,0,21.35,0.0,0,0.0,0,0.0,0,0.0,20000.0,0,20000.0,0,0.0,0,0.0,0,0.0,0,0.0,0,30.83,0,116.0,0,13.73,0,-3.209,0,39.317,-76.586,45.0
2025-01-10 13:55:00,2025-01-10,2025-01-10 13:55:00,101.51,0,-3.648,0,0.055,51.94,0,0.219,0.232,0,0.001,3.161,0,3.084,0,310.1,0,12.61,0.0,0,0.0,0,0.0,0,0.0,20000.0,0,20000.0,0,0.0,0,0.0,0,0.0,0,0.0,0,30.83,0,116.0,0,13.72,0,-3.155,0,39.317,-76.586,45.0
2025-01-10 13:56:00,2025-01-10,2025-01-10 13:56:00,101.51,0,-3.573,0,0.037,51.6,0,0.293,0.232,0,0.001,3.711,0,3.603,0,309.3,0,13.8,0.0,0,0.0,0,0.0,0,0.0,20000.0,0,20000.0,0,0.0,0,0.0,0,0.0,0,0.0,0,30.83,0,116.0,0,13.72,0,-3.099,0,39.317,-76.586,45.0
2025-01-10 13:57:00,2025-01-10,2025-01-10 13:57:00,101.51,0,-3.495,0,0.027,50.88,0,0.31,0.231,0,0.001,3.541,0,3.476,0,309.5,0,11.0,0.0,0,0.0,0,0.0,0,0.0,20000.0,0,20000.0,0,0.0,0,0.0,0,0.0,0,0.0,0,30.83,0,116.0,0,13.72,0,-3.046,0,39.317,-76.586,45.0
2025-01-10 13:58:00,2025-01-10,2025-01-10 13:58:00,101.51,0,-3.493,0,0.031,50.63,0,0.222,0.229,0,0.001,3.515,0,3.476,0,308.0,0,8.57,0.0,0,0.0,0,0.0,0,0.0,20000.0,0,20000.0,0,0.0,0,0.0,0,0.0,0,0.0,0,30.83,0,116.0,0,13.72,0,-2.993,0,39.317,-76.586,45.0
2025-01-10 13:59:00,2025-01-10,2025-01-10 13:59:00,101.51,0,-3.439,0,0.039,50.57,0,0.233,0.23,0,0.001,2.51,0,2.463,0,307.1,0,11.08,0.0,0,0.0,0,0.0,0,0.0,20000.0,0,20000.0,0,0.0,0,0.0,0,0.0,0,0.0,0,30.83,0,116.0,0,13.72,0,-2.939,0,39.317,-76.586,45.0
2025-01-10 14:00:00,2025-01-10,2025-01-10 14:00:00,101.51,0,-3.389,0,0.03,50.7,0,0.324,0.232,0,0.002,2.36,0,2.329,0,312.5,0,9.24,0.0,0,0.0,0,0.0,0,0.0,20000.0,0,20000.0,0,0.0,0,0.0,0,0.0,0,0.0,0,30.83,0,116.0,0,13.71,0,-2.886,0,39.317,-76.586,45.0
2025-01-10 14:01:00,2025-01-10,2025-01-10 14:01:00,101.51,0,-3.433,0,0.026,51.42,0,0.255,0.234,0,0.001,3.262,0,3.208,0,315.7,0,10.39,0.0,0,0.0,0,0.0,0,0.0,20000.0,0,20000.0,0,0.0,0,0.0,0,0.0,0,0.0,0,30.83,0,116.0,0,13.71,0,-2.833,0,39.317,-76.586,45.0
2025-01-10 14:02:00,2025-01-10,2025-01-10 14:02:00,101.5,0,-3.366,0,0.032,50.79,0,0.274,0.233,0,0.001,2.801,0,2.73,0,310.2,0,12.94,0.0,0,0.0,0,0.0,0,0.0,20000.0,0,20000.0,0,0.0,0,0.0,0,0.0,0,0.0,0,30.83,0,116.0,0,13.71,0,-2.779,0,39.317,-76.586,45.0
2025-01-10 14:03:00,2025-01-10,2025-01-10 14:03:00,101.5,0,-3.398,0,0.024,51.18,0,0.28,0.234,0,0.001,4.065,0,4.012,0,315.2,0,9.27,0.0,0,0.0,0,0.0,0,0.0,20000.0,0,20000.0,0,0.0,0,0.0,0,0.0,0,0.0,0,30.83,0,116.0,0,13.71,0,-2.724,0,39.317,-76.586,45.0
2025-01-10 14:04:00,2025-01-10,2025-01-10 14:04:00,101.5,0,-3.344,0,0.032,50.69,0,0.361,0.233,0,0.002,3.322,0,3.279,0,312.5,0,9.28,0.0,0,0.0,0,0.0,0,0.0,20000.0,0,20000.0,0,0.0,0,0.0,0,0.0,0,0.0,0,30.83,0,116.0,0,13.71,0,-2.668,0,39.317,-76.586,45.0
2025-01-10 14:05:00,2025-01-10,2025-01-10 14:05:00,101.5,0,-3.288,0,0.028,50.16,0,0.205,0.231,0,0.001,3.133,0,3.052,0,313.1,0,13.01,0.0,0,0.0,0,0.0,0,0.0,20000.0,0,20000.0,0,0.0,0,0.0,0,0.0,0,0.0,0,30.83,0,116.0,0,13.71,0,-2.615,0,39.317,-76.586,45.0
2025-01-10 14:06:00,2025-01-10,2025-01-10 14:06:00,101.5,0,-3.3,0,0.025,50.27,0,0.227,0.232,0,0.001,2.857,0,2.812,0,305.6,0,10.19,0.0,0,0.0,0,0.0,0,0.0,20000.0,0,20000.0,0,0.0,0,0.0,0,0.0,0,0.0,0,30.83,0,116.0,0,13.71,0,-2.558,0,39.317,-76.586,45.0
2025-01-10 14:07:00,2025-01-10,2025-01-10 14:07:00,101.5,0,-3.26,0,0.027,50.03,0,0.236,0.231,0,0.001,3.133,0,3.02,0,330.7,0,15.38,0.0,0,0.0,0,0.0,0,0.0,20000.0,0,20000.0,0,0.0,0,0.0,0,0.0,0,0.0,0,30.83,0,116.0,0,13.7,0,-2.5,0,39.317,-76.586,45.0
2025-01-10 14:08:00,2025-01-10,2025-01-10 14:08:00,101.5,0,-3.235,0,0.026,50.04,0,0.21,0.232,0,0.001,3.549,0,3.464,0,327.3,0,12.55,0.0,0,0.0,0,0.0,0,0.0,20000.0,0,20000.0,0,0.0,0,0.0,0,0.0,0,0.0,0,30.83,0,116.0,0,13.7,0,-2.447,0,39.317,-76.586,45.0
2025-01-10 14:09:00,2025-01-10,2025-01-10 14:09:00,101.5,0,-3.266,0,0.04,50.35,0,0.361,0.233,0,0.001,3.735,0,3.697,0,303.4,0,8.24,0.0,0,0.0,0,0.0,0,0.0,20000.0,0,20000.0,0,0.0,0,0.0,0,0.0,0,0.0,0,30.83,0,116.0,0,13.7,0,-2.391,0,39.317,-76.586,45.0
2025-01-10 14:10:00,2025-01-10,2025-01-10 14:10:00,101.49,0,-3.319,0,0.022,50.64,0,0.227,0.233,0,0.001,3.845,0,3.663,0,311.5,0,17.6,0.0,0,0.0,0,0.0,0,0.0,20000.0,0,20000.0,0,0.0,0,0.0,0,0.0,0,0.0,0,30.83,0,116.0,0,13.7,0,-2.335,0,39.317,-76.586,45.0
2025-01-10 14:11:00,2025-01-10,2025-01-10 14:11:00,101.5,0,-3.335,0,0.027,50.67,0,0.277,0.233,0,0.001,4.648,0,4.578,0,311.6,0,9.95,0.0,0,0.0,0,0.0,0,0.0,20000.0,0,20000.0,0,0.0,0,0.0,0,0.0,0,0.0,0,30.83,0,116.0,0,13.7,0,-2.285,0,39.317,-76.586,45.0
2025-01-10 14:12:00,2025-01-10,2025-01-10 14:12:00,101.5,0,-3.299,0,0.023,50.39,0,0.244,0.232,0,0.001,3.422,0,3.335,0,321.1,0,12.92,0.0,0,0.0,0,0.0,0,0.0,20000.0,0,20000.0,0,0.0,0,0.0,0,0.0,0,0.0,0,30.83,0,116.0,0,13.7,0,-2.234,0,39.317,-76.586,45.0
2025-01-10 14:13:00,2025-01-10,2025-01-10 14:13:00,101.49,0,-3.297,0,0.027,50.72,0,0.216,0.234,0,0.001,4.777,0,4.67,0,335.8,0,12.15,0.0,0,0.0,0,0.0,0,0.0,20000.0,0,20000.0,0,0.0,0,0.0,0,0.0,0,0.0,0,30.83,0,116.0,0,13.7,0,-2.184,0,39.317,-76.586,45.0
2025-01-10 14:14:00,2025-01-10,2025-01-10 14:14:00,101.49,0,-3.213,0,0.035,50.27,0,0.271,0.233,0,0.001,3.848,0,3.759,0,313.7,0,12.3,0.0,0,0.0,0,0.0,0,0.0,20000.0,0,20000.0,0,0.0,0,0.0,0,0.0,0,0.0,0,30.83,0,116.0,0,13.69,0,-2.139,0,39.317,-76.586,45.0
2025-01-10 14:15:00,2025-01-10,2025-01-10 14:15:00,101.49,0,-3.186,0,0.025,50.14,0,0.245,0.233,0,0.001,4.923,0,4.775,0,316.4,0,14.03,0.0,0,0.0,0,0.0,0,0.0,20000.0,0,20000.0,0,0.0,0,0.0,0,0.0,0,0.0,0,30.83,0,116.0,0,13.69,0,-2.094,0,39.317,-76.586,45.0
2025-01-10 14:16:00,2025-01-10,2025-01-10 14:16:00,101.49,0,-3.159,0,0.042,49.87,0,0.226,0.232,0,0.001,4.051,0,3.894,0,330.3,0,15.91,0.0,0,0.0,0,0.0,0,0.0,20000.0,0,20000.0,0,0.0,0,0.0,0,0.0,0,0.0,0,30.83,0,116.0,0,13.69,0,-2.048,0,39.317,-76.586,45.0
2025-01-10 14:17:00,2025-01-10,2025-01-10 14:17:00,101.5,0,-3.12,0,0.027,49.47,0,0.263,0.231,0,0.001,3.639,0,3.517,0,312.1,0,14.82,0.0,0,0.0,0,0.0,0,0.0,20000.0,0,20000.0,0,0.0,0,0.0,0,0.0,0,0.0,0,30.83,0,116.0,0,13.69,0,-2.006,0,39.317,-76.586,45.0
2025-01-10 14:18:00,2025-01-10,2025-01-10 14:18:00,101.5,0,-3.089,0,0.03,49.39,0,0.238,0.232,0,0.001,4.065,0,3.958,0,329.4,0,13.16,0.0,0,0.0,0,0.0,0,0.0,20000.0,0,20000.0,0,0.0,0,0.0,0,0.0,0,0.0,0,30.83,0,116.0,0,13.69,0,-1.963,0,39.317,-76.586,45.0
2025-01-10 14:19:00,2025-01-10,2025-01-10 14:19:00,101.5,0,-3.02,0,0.026,49.11,0,0.25,0.232,0,0.001,2.974,0,2.903,0,315.1,0,12.51,0.0,0,0.0,0,0.0,0,0.0,20000.0,0,20000.0,0,0.0,0,0.0,0,0.0,0,0.0,0,30.83,0,116.0,0,13.69,0,-1.921,0,39.317,-76.586,45.0
2025-01-10 14:20:00,2025-01-10,2025-01-10 14:20:00,101.5,0,-3.052,0,0.026,49.64,0,0.302,0.233,0,0.001,2.595,0,2.412,0,326.7,0,21.5,0.0,0,0.0,0,0.0,0,0.0,20000.0,0,20000.0,0,0.0,0,0.0,0,0.0,0,0.0,0,30.83,0,116.0,0,13.69,0,-1.878,0,39.317,-76.586,45.0
2025-01-10 14:21:00,2025-01-10,2025-01-10 14:21:00,101.5,0,-3.047,0,0.026,50.02,0,0.289,0.235,0,0.001,3.064,0,2.929,0,329.0,0,17.02,0.0,0,0.0,0,0.0,0,0.0,20000.0,0,20000.0,0,0.0,0,0.0,0,0.0,0,0.0,0,30.83,0,116.0,0,13.69,0,-1.833,0,39.317,-76.586,45.0
2025-01-10 14:22:00,2025-01-10,2025-01-10 14:22:00,101.48,0,-2.999,0,0.042,49.81,0,0.405,0.235,0,0.002,5.034,0,4.826,0,315.1,0,16.48,0.0,0,0.0,0,0.0,0,0.0,20000.0,0,20000.0,0,0.0,0,0.0,0,0.0,0,0.0,0,30.83,0,116.0,0,13.69,0,-1.791,0,39.317,-76.586,45.0
2025-01-10 14:23:00,2025-01-10,2025-01-10 14:23:00,101.49,0,-2.905,0,0.033,48.8,0,0.301,0.232,0,0.001,4.234,0,4.13,0,318.1,0,12.68,0.0,0,0.0,0,0.0,0,0.0,20000.0,0,20000.0,0,0.0,0,0.0,0,0.0,0,0.0,0,30.83,0,116.0,0,13.68,0,-1.746,0,39.317,-76.586,45.0
2025-01-10 14:24:00,2025-01-10,2025-01-10 14:24:00,101.5,0,-2.884,0,0.029,48.73,0,0.264,0.232,0,0.001,3.058,0,2.942,0,327.7,0,15.72,0.0,0,0.0,0,0.0,0,0.0,20000.0,0,20000.0,0,0.0,0,0.0,0,0.0,0,0.0,0,30.83,0,116.0,0,13.68,0,-1.703,0,39.317,-76.586,45.0
2025-01-10 14:25:00,2025-01-10,2025-01-10 14:25:00,101.5,0,-2.829,0,0.036,48.52,0,0.278,0.233,0,0.001,3.525,0,3.439,0,318.5,0,12.62,0.0,0,0.0,0,0.0,0,0.0,20000.0,0,20000.0,0,0.0,0,0.0,0,0.0,0,0.0,0,30.83,0,116.0,0,13.68,0,-1.653,0,39.317,-76.586,45.0
2025-01-10 14:26:00,2025-01-10,2025-01-10 14:26:00,101.5,0,-2.792,0,0.023,48.42,0,0.245,0.233,0,0.001,2.755,0,2.491,0,319.5,0,25.11,0.0,0,0.0,0,0.0,0,0.0,20000.0,0,20000.0,0,0.0,0,0.0,0,0.0,0,0.0,0,30.83,0,116.0,0,13.68,0,-1.605,0,39.317,-76.586,45.0
2025-01-10 14:27:00,2025-01-10,2025-01-10 14:27:00,101.5,0,-2.818,0,0.026,49.29,0,0.295,0.236,0,0.001,3.218,0,3.07,0,323.2,0,17.37,0.0,0,0.0,0,0.0,0,0.0,20000.0,0,20000.0,0,0.0,0,0.0,0,0.0,0,0.0,0,30.83,0,116.0,0,13.68,0,-1.555,0,39.317,-76.586,45.0
2025-01-10 14:28:00,2025-01-10,2025-01-10 14:28:00,101.5,0,-2.771,0,0.034,49.09,0,0.321,0.236,0,0.001,4.002,0,3.775,0,330.0,0,19.26,0.0,0,0.0,0,0.0,0,0.0,20000.0,0,20000.0,0,0.0,0,0.0,0,0.0,0,0.0,0,30.83,0,116.0,0,13.68,0,-1.507,0,39.317,-76.586,45.0
2025-01-10 14:29:00,2025-01-10,2025-01-10 14:29:00,101.5,0,-2.722,0,0.021,48.51,0,0.232,0.235,0,0.001,2.693,0,2.58,0,316.4,0,16.6,0.0,0,0.0,0,0.0,0,0.0,20000.0,0,20000.0,0,0.0,0,0.0,0,0.0,0,0.0,0,30.83,0,116.0,0,13.67,0,-1.454,0,39.317,-76.586,45.0
2025-01-10 14:30:00,2025-01-10,2025-01-10 14:30:00,101.5,0,-2.715,0,0.025,48.14,0,0.282,0.233,0,0.002,4.196,0,4.0,0,334.7,0,17.52,0.0,0,0.0,0,0.0,0,0.0,20000.0,0,20000.0,0,0.0,0,0.0,0,0.0,0,0.0,0,30.83,0,116.0,0,13.67,0,-1.401,0,39.317,-76.586,45.0
2025-01-10 14:31:00,2025-01-10,2025-01-10 14:31:00,101.5,0,-2.715,0,0.021,47.55,0,0.243,0.23,0,0.001,4.573,0,4.373,0,320.7,0,16.96,0.0,0,0.0,0,0.0,0,0.0,20000.0,0,20000.0,0,0.0,0,0.0,0,0.0,0,0.0,0,30.83,0,116.0,0,13.67,0,-1.348,0,39.317,-76.586,45.0
2025-01-10 14:32:00,2025-01-10,2025-01-10 14:32:00,101.5,0,-2.734,0,0.059,47.23,0,0.239,0.228,0,0.002,4.35,0,4.258,0,322.9,0,11.73,0.0,0,0.0,0,0.0,0,0.0,20000.0,0,20000.0,0,0.0,0,0.0,0,0.0,0,0.0,0,30.83,0,116.0,0,13.67,0,-1.292,0,39.317,-76.586,45.0
2025-01-10 14:33:00,2025-01-10,2025-01-10 14:33:00,101.5,0,-2.723,0,0.044,47.01,0,0.248,0.227,0,0.001,4.908,0,4.746,0,325.8,0,14.74,0.0,0,0.0,0,0.0,0,0.0,20000.0,0,20000.0,0,0.0,0,0.0,0,0.0,0,0.0,0,30.83,0,116.0,0,13.67,0,-1.24,0,39.317,-76.586,45.0
2025-01-10 14:34:00,2025-01-10,2025-01-10 14:34:00,101.5,0,-2.715,0,0.03,46.69,0,0.218,0.226,0,0.001,5.078,0,4.974,0,316.4,0,11.57,0.0,0,0.0,0,0.0,0,0.0,20000.0,0,20000.0,0,0.0,0,0.0,0,0.0,0,0.0,0,30.83,0,116.0,0,13.66,0,-1.187,0,39.317,-76.586,45.0
2025-01-10 14:35:00,2025-01-10,2025-01-10 14:35:00,101.5,0,-2.713,0,0.025,46.79,0,0.243,0.226,0,0.001,3.812,0,3.619,0,330.2,0,18.26,0.0,0,0.0,0,0.0,0,0.0,20000.0,0,20000.0,0,0.0,0,0.0,0,0.0,0,0.0,0,30.83,0,116.0,0,13.67,0,-1.136,0,39.317,-76.586,45.0
2025-01-10 14:36:00,2025-01-10,2025-01-10 14:36:00,101.51,0,-2.727,0,0.02,47.04,0,0.226,0.227,0,0.001,3.458,0,3.38,0,326.8,0,12.11,0.0,0,0.0,0,0.0,0,0.0,20000.0,0,20000.0,0,0.0,0,0.0,0,0.0,0,0.0,0,30.83,0,116.0,0,13.66,0,-1.086,0,39.317,-76.586,45.0
2025-01-10 14:37:00,2025-01-10,2025-01-10 14:37:00,101.51,0,-2.702,0,0.022,47.36,0,0.331,0.229,0,0.002,2.857,0,2.735,0,303.3,0,16.73,0.0,0,0.0,0,0.0,0,0.0,20000.0,0,20000.0,0,0.0,0,0.0,0,0.0,0,0.0,0,30.83,0,116.0,0,13.66,0,-1.038,0,39.317,-76.586,45.0
2025-01-10 14:38:00,2025-01-10,2025-01-10 14:38:00,101.51,0,-2.687,0,0.021,47.96,0,0.219,0.233,0,0.001,3.388,0,3.293,0,309.4,0,13.51,0.0,0,0.0,0,0.0,0,0.0,20000.0,0,20000.0,0,0.0,0,0.0,0,0.0,0,0.0,0,30.83,0,116.0,0,13.66,0,-0.991,0,39.317,-76.586,45.0
2025-01-10 14:39:00,2025-01-10,2025-01-10 14:39:00,101.51,0,-2.672,0,0.025,48.08,0,0.227,0.233,0,0.001,3.992,0,3.846,0,331.2,0,15.48,0.0,0,0.0,0,0.0,0,0.0,20000.0,0,20000.0,0,0.0,0,0.0,0,0.0,0,0.0,0,30.83,0,116.0,0,13.66,0,-0.945,0,39.317,-76.586,45.0
2025-01-10 14:40:00,2025-01-10,2025-01-10 14:40:00,101.52,0,-2.626,0,0.03,47.96,0,0.207,0.234,0,0.001,3.128,0,3.081,0,301.5,0,9.94,0.0,0,0.0,0,0.0,0,0.0,20000.0,0,20000.0,0,0.0,0,0.0,0,0.0,0,0.0,0,30.83,0,116.0,0,13.66,0,-0.898,0,39.317,-76.586,45.0
2025-01-10 14:41:00,2025-01-10,2025-01-10 14:41:00,101.51,0,-2.6,0,0.024,47.64,0,0.231,0.233,0,0.001,3.316,0,3.234,0,327.8,0,12.71,0.0,0,0.0,0,0.0,0,0.0,20000.0,0,20000.0,0,0.0,0,0.0,0,0.0,0,0.0,0,30.83,0,116.0,0,13.66,0,-0.853,0,39.317,-76.586,45.0
2025-01-10 14:42:00,2025-01-10,2025-01-10 14:42:00,101.5,0,-2.567,0,0.027,47.08,0,0.338,0.231,0,0.002,3.278,0,3.17,0,321.3,0,14.72,0.0,0,0.0,0,0.0,0,0.0,20000.0,0,20000.0,0,0.0,0,0.0,0,0.0,0,0.0,0,30.83,0,116.0,0,13.66,0,-0.808,0,39.317,-76.586,45.0
2025-01-10 14:43:00,2025-01-10,2025-01-10 14:43:00,101.5,0,-2.551,0,0.026,46.48,0,0.265,0.228,0,0.001,4.817,0,4.673,0,323.5,0,13.98,0.0,0,0.0,0,0.0,0,0.0,20000.0,0,20000.0,0,0.0,0,0.0,0,0.0,0,0.0,0,30.83,0,116.0,0,13.66,0,-0.763,0,39.317,-76.586,45.0
2025-01-10 14:44:00,2025-01-10,2025-01-10 14:44:00,101.5,0,-2.532,0,0.025,46.16,0,0.247,0.227,0,0.001,3.683,0,3.574,0,313.8,0,13.96,0.0,0,0.0,0,0.0,0,0.0,20000.0,0,20000.0,0,0.0,0,0.0,0,0.0,0,0.0,0,30.83,0,116.0,0,13.65,0,-0.721,0,39.317,-76.586,45.0
2025-01-10 14:45:00,2025-01-10,2025-01-10 14:45:00,101.5,0,-2.535,0,0.023,46.36,0,0.305,0.228,0,0.002,3.2,0,3.108,0,315.9,0,13.71,0.0,0,0.0,0,0.0,0,0.0,20000.0,0,20000.0,0,0.0,0,0.0,0,0.0,0,0.0,0,30.83,0,116.0,0,13.65,0,-0.678,0,39.317,-76.586,45.0
2025-01-10 14:46:00,2025-01-10,2025-01-10 14:46:00,101.5,0,-2.524,0,0.027,46.8,0,0.235,0.23,0,0.001,3.593,0,3.499,0,332.8,0,13.13,0.0,0,0.0,0,0.0,0,0.0,20000.0,0,20000.0,0,0.0,0,0.0,0,0.0,0,0.0,0,30.83,0,116.0,0,13.65,0,-0.638,0,39.317,-76.586,45.0
2025-01-10 14:47:00,2025-01-10,2025-01-10 14:47:00,101.5,0,-2.474,0,0.023,46.49,0,0.303,0.23,0,0.002,3.745,0,3.62,0,322.2,0,14.79,0.0,0,0.0,0,0.0,0,0.0,20000.0,0,20000.0,0,0.0,0,0.0,0,0.0,0,0.0,0,30.83,0,116.0,0,13.65,0,-0.599,0,39.317,-76.586,45.0
2025-01-10 14:48:00,2025-01-10,2025-01-10 14:48:00,101.5,0,-2.452,0,0.02,46.13,0,0.234,0.228,0,0.001,4.392,0,3.967,0,325.7,0,25.21,0.0,0,0.0,0,0.0,0,0.0,20000.0,0,20000.0,0,0.0,0,0.0,0,0.0,0,0.0,0,30.83,0,116.0,0,13.65,0,-0.559,0,39.317,-76.586,45.0
2025-01-10 14:49:00,2025-01-10,2025-01-10 14:49:00,101.49,0,-2.422,0,0.022,46.29,0,0.215,0.23,0,0.001,4.833,0,4.668,0,321.9,0,14.97,0.0,0,0.0,0,0.0,0,0.0,20000.0,0,20000.0,0,0.0,0,0.0,0,0.0,0,0.0,0,30.83,0,116.0,0,13.65,0,-0.522,0,39.317,-76.586,45.0
2025-01-10 14:50:00,2025-01-10,2025-01-10 14:50:00,101.5,0,-2.417,0,0.025,46.0,0,0.231,0.228,0,0.001,5.047,0,4.919,0,326.0,0,12.91,0.0,0,0.0,0,0.0,0,0.0,20000.0,0,20000.0,0,0.0,0,0.0,0,0.0,0,0.0,0,30.83,0,116.0,0,13.65,0,-0.485,0,39.317,-76.586,45.0
2025-01-10 14:51:00,2025-01-10,2025-01-10 14:51:00,101.5,0,-2.382,0,0.031,45.77,0,0.237,0.228,0,0.001,4.451,0,4.376,0,328.1,0,10.49,0.0,0,0.0,0,0.0,0,0.0,20000.0,0,20000.0,0,0.0,0,0.0,0,0.0,0,0.0,0,30.83,0,116.0,0,13.65,0,-0.448,0,39.317,-76.586,45.0
2025-01-10 14:52:00,2025-01-10,2025-01-10 14:52:00,101.5,0,-2.352,0,0.034,46.1,0,0.283,0.23,0,0.002,2.51,0,2.411,0,323.6,0,16.14,0.0,0,0.0,0,0.0,0,0.0,20000.0,0,20000.0,0,0.0,0,0.0,0,0.0,0,0.0,0,30.83,0,116.0,0,13.65,0,-0.411,0,39.317,-76.586,45.0
2025-01-10 14:53:00,2025-01-10,2025-01-10 14:53:00,101.5,0,-2.359,0,0.025,46.69,0,0.248,0.233,0,0.001,3.93,0,3.783,0,333.9,0,15.65,0.0,0,0.0,0,0.0,0,0.0,20000.0,0,20000.0,0,0.0,0,0.0,0,0.0,0,0.0,0,30.83,0,116.0,0,13.64,0,-0.374,0,39.317,-76.586,45.0
2025-01-10 14:54:00,2025-01-10,2025-01-10 14:54:00,101.49,0,-2.326,0,0.044,46.13,0,0.294,0.231,0,0.002,4.812,0,4.644,0,317.8,0,15.14,0.0,0,0.0,0,0.0,0,0.0,20000.0,0,20000.0,0,0.0,0,0.0,0,0.0,0,0.0,0,30.83,0,116.0,0,13.64,0,-0.336,0,39.317,-76.586,45.0
2025-01-10 14:55:00,2025-01-10,2025-01-10 14:55:00,101.5,0,-2.339,0,0.024,45.83,0,0.235,0.229,0,0.001,3.463,0,3.39,0,308.2,0,11.77,0.0,0,0.0,0,0.0,0,0.0,20000.0,0,20000.0,0,0.0,0,0.0,0,0.0,0,0.0,0,30.83,0,116.0,0,13.64,0,-0.302,0,39.317,-76.586,45.0
2025-01-10 14:56:00,2025-01-10,2025-01-10 14:56:00,101.5,0,-2.351,0,0.027,46.13,0,0.231,0.23,0,0.001,3.683,0,3.582,0,326.0,0,13.41,0.0,0,0.0,0,0.0,0,0.0,20000.0,0,20000.0,0,0.0,0,0.0,0,0.0,0,0.0,0,30.83,0,116.0,0,13.64,0,-0.265,0,39.317,-76.586,45.0
2025-01-10 14:57:00,2025-01-10,2025-01-10 14:57:00,101.5,0,-2.323,0,0.028,46.03,0,0.258,0.23,0,0.001,3.469,0,3.329,0,327.5,0,16.26,0.0,0,0.0,0,0.0,0,0.0,20000.0,0,20000.0,0,0.0,0,0.0,0,0.0,0,0.0,0,30.83,0,116.0,0,13.64,0,-0.231,0,39.317,-76.586,45.0
2025-01-10 14:58:00,2025-01-10,2025-01-10 14:58:00,101.5,0,-2.236,0,0.044,46.07,0,0.266,0.232,0,0.002,2.252,0,2.167,0,344.6,0,15.76,0.0,0,0.0,0,0.0,0,0.0,20000.0,0,20000.0,0,0.0,0,0.0,0,0.0,0,0.0,0,30.83,0,116.0,0,13.64,0,-0.196,0,39.317,-76.586,45.0
2025-01-10 14:59:00,2025-01-10,2025-01-10 14:59:00,101.49,0,-2.192,0,0.024,45.95,0,0.371,0.232,0,0.002,3.102,0,3.025,0,336.8,0,12.73,0.0,0,0.0,0,0.0,0,0.0,20000.0,0,20000.0,0,0.0,0,0.0,0,0.0,0,0.0,0,30.83,0,116.0,0,13.64,0,-0.159,0,39.317,-76.586,45.0
2025-01-10 15:00:00,2025-01-10,2025-01-10 15:00:00,101.49,0,-2.217,0,0.031,45.68,0,0.31,0.231,0,0.002,3.603,0,3.498,0,332.8,0,13.83,0.0,0,0.0,0,0.0,0,0.0,20000.0,0,20000.0,0,0.0,0,0.0,0,0.0,0,0.0,0,30.83,0,116.0,0,13.64,0,-0.125,0,39.317,-76.586,45.0
2025-01-10 15:01:00,2025-01-10,2025-01-10 15:01:00,101.49,0,-2.257,0,0.022,45.73,0,0.228,0.23,0,0.001,3.552,0,3.487,0,313.0,0,10.98,0.0,0,0.0,0,0.0,0,0.0,20000.0,0,20000.0,0,0.0,0,0.0,0,0.0,0,0.0,0,30.83,0,116.0,0,13.64,0,-0.091,0,39.317,-76.586,45.0
2025-01-10 15:02:00,2025-01-10,2025-01-10 15:02:00,101.49,0,-2.266,0,0.027,45.85,0,0.226,0.23,0,0.001,4.025,0,3.931,0,318.2,0,12.32,0.0,0,0.0,0,0.0,0,0.0,20000.0,0,20000.0,0,0.0,0,0.0,0,0.0,0,0.0,0,30.83,0,116.0,0,13.64,0,-0.054,0,39.317,-76.586,45.0
2025-01-10 15:03:00,2025-01-10,2025-01-10 15:03:00,101.48,0,-2.265,0,0.02,45.57,0,0.25,0.229,0,0.001,5.109,0,5.032,0,308.4,0,9.97,0.0,0,0.0,0,0.0,0,0.0,20000.0,0,20000.0,0,0.0,0,0.0,0,0.0,0,0.0,0,30.83,0,116.0,0,13.63,0,-0.019,0,39.317,-76.586,45.0
2025-01-10 15:04:00,2025-01-10,2025-01-10 15:04:00,101.48,0,-2.273,0,0.026,45.35,0,0.216,0.228,0,0.001,4.229,0,4.171,0,330.1,0,9.48,0.0,0,0.0,0,0.0,0,0.0,20000.0,0,20000.0,0,0.0,0,0.0,0,0.0,0,0.0,0,30.83,0,116.0,0,13.63,0,0.012,0,39.317,-76.586,45.0
2025-01-10 15:05:00,2025-01-10,2025-01-10 15:05:00,101.48,0,-2.243,0,0.05,45.49,0,0.221,0.229,0,0.002,3.12,0,3.033,0,322.7,0,13.51,0.0,0,0.0,0,0.0,0,0.0,20000.0,0,20000.0,0,0.0,0,0.0,0,0.0,0,0.0,0,30.83,0,116.0,0,13.63,0,0.044,0,39.317,-76.586,45.0
2025-01-10 15:06:00,2025-01-10,2025-01-10 15:06:00,101.47,0,-2.237,0,0.046,45.59,0,0.235,0.23,0,0.002,3.618,0,3.559,0,318.0,0,10.32,0.0,0,0.0,0,0.0,0,0.0,20000.0,0,20000.0,0,0.0,0,0.0,0,0.0,0,0.0,0,30.83,0,116.0,0,13.63,0,0.073,0,39.317,-76.586,45.0
2025-01-10 15:07:00,2025-01-10,2025-01-10 15:07:00,101.47,0,-2.269,0,0.026,46.03,0,0.273,0.231,0,0.001,2.326,0,2.266,0,321.0,0,12.95,0.0,0,0.0,0,0.0,0,0.0,20000.0,0,20000.0,0,0.0,0,0.0,0,0.0,0,0.0,0,30.83,0,116.0,0,13.63,0,0.1,0,39.317,-76.586,45.0
2025-01-10 15:08:00,2025-01-10,2025-01-10 15:08:00,101.46,0,-2.298,0,0.027,46.79,0,0.279,0.234,0,0.001,3.005,0,2.884,0,325.6,0,16.31,0.0,0,0.0,0,0.0,0,0.0,20000.0,0,20000.0,0,0.0,0,0.0,0,0.0,0,0.0,0,30.83,0,116.0,0,13.63,0,0.126,0,39.317,-76.586,45.0
2025-01-10 15:09:00,2025-01-10,2025-01-10 15:09:00,101.46,0,-2.258,0,0.032,46.39,0,0.292,0.233,0,0.001,4.892,0,4.691,0,333.8,0,16.4,0.0,0,0.0,0,0.0,0,0.0,20000.0,0,20000.0,0,0.0,0,0.0,0,0.0,0,0.0,0,30.83,0,116.0,0,13.63,0,0.15,0,39.317,-76.586,45.0
2025-01-10 15:10:00,2025-01-10,2025-01-10 15:10:00,101.46,0,-2.18,0,0.031,46.02,0,0.26,0.233,0,0.001,4.826,0,4.715,0,328.3,0,12.34,0.0,0,0.0,0,0.0,0,0.0,20000.0,0,20000.0,0,0.0,0,0.0,0,0.0,0,0.0,0,30.83,0,116.0,0,13.63,0,0.176,0,39.317,-76.586,45.0
2025-01-10 15:11:00,2025-01-10,2025-01-10 15:11:00,101.45,0,-2.139,0,0.024,45.76,0,0.232,0.232,0,0.001,3.814,0,3.737,0,313.6,0,11.52,0.0,0,0.0,0,0.0,0,0.0,20000.0,0,20000.0,0,0.0,0,0.0,0,0.0,0,0.0,0,30.83,0,116.0,0,13.63,0,0.197,0,39.317,-76.586,45.0
2025-01-10 15:12:00,2025-01-10,2025-01-10 15:12:00,101.45,0,-2.14,0,0.023,46.11,0,0.24,0.234,0,0.001,5.049,0,4.911,0,323.0,0,13.38,0.0,0,0.0,0,0.0,0,0.0,20000.0,0,20000.0,0,0.0,0,0.0,0,0.0,0,0.0,0,30.83,0,116.0,0,13.63,0,0.219,0,39.317,-76.586,45.0
2025-01-10 15:13:00,2025-01-10,2025-01-10 15:13:00,101.46,0,-2.096,0,0.03,45.67,0,0.336,0.233,0,0.002,3.891,0,3.797,0,321.5,0,12.55,0.0,0,0.0,0,0.0,0,0.0,20000.0,0,20000.0,0,0.0,0,0.0,0,0.0,0,0.0,0,30.83,0,116.0,0,13.63,0,0.242,0,39.317,-76.586,45.0
2025-01-10 15:14:00,2025-01-10,2025-01-10 15:14:00,101.45,0,-2.048,0,0.024,45.38,0,0.336,0.232,0,0.002,2.633,0,2.532,0,322.7,0,15.84,0.0,0,0.0,0,0.0,0,0.0,20000.0,0,20000.0,0,0.0,0,0.0,0,0.0,0,0.0,0,30.83,0,116.0,0,13.63,0,0.263,0,39.317,-76.586,45.0
2025-01-10 15:15:00,2025-01-10,2025-01-10 15:15:00,101.45,0,-2.031,0,0.023,46.3,0,0.275,0.237,0,0.002,3.125,0,3.068,0,305.8,0,10.9,0.0,0,0.0,0,0.0,0,0.0,20000.0,0,20000.0,0,0.0,0,0.0,0,0.0,0,0.0,0,30.83,0,116.0,0,13.63,0,0.287,0,39.317,-76.586,45.0
2025-01-10 15:16:00,2025-01-10,2025-01-10 15:16:00,101.45,0,-1.989,0,0.03,46.84,0,0.269,0.241,0,0.002,2.765,0,2.524,0,320.8,0,23.94,0.0,0,0.0,0,0.0,0,0.0,20000.0,0,20000.0,0,0.0,0,0.0,0,0.0,0,0.0,0,30.83,0,116.0,0,13.62,0,0.314,0,39.317,-76.586,45.0
2025-01-10 15:17:00,2025-01-10,2025-01-10 15:17:00,101.44,0,-1.935,0,0.029,46.59,0,0.262,0.241,0,0.002,3.272,0,3.203,0,321.2,0,11.7,0.0,0,0.0,0,0.0,0,0.0,20000.0,0,20000.0,0,0.0,0,0.0,0,0.0,0,0.0,0,30.83,0,116.0,0,13.62,0,0.337,0,39.317,-76.586,45.0
2025-01-10 15:18:00,2025-01-10,2025-01-10 15:18:00,101.44,0,-1.939,0,0.022,46.3,0,0.263,0.239,0,0.002,4.627,0,4.478,0,323.4,0,14.53,0.0,0,0.0,0,0.0,0,0.0,20000.0,0,20000.0,0,0.0,0,0.0,0,0.0,0,0.0,0,30.83,0,116.0,0,13.63,0,0.364,0,39.317,-76.586,45.0
2025-01-10 15:19:00,2025-01-10,2025-01-10 15:19:00,101.44,0,-1.959,0,0.022,45.94,0,0.271,0.237,0,0.001,4.742,0,4.697,0,337.4,0,7.872,0.0,0,0.0,0,0.0,0,0.0,20000.0,0,20000.0,0,0.0,0,0.0,0,0.0,0,0.0,0,30.83,0,116.0,0,13.62,0,0.393,0,39.317,-76.586,45.0
2025-01-10 15:20:00,2025-01-10,2025-01-10 15:20:00,101.44,0,-1.939,0,0.024,45.69,0,0.235,0.236,0,0.001,4.047,0,3.939,0,330.8,0,13.25,0.0,0,0.0,0,0.0,0,0.0,20000.0,0,20000.0,0,0.0,0,0.0,0,0.0,0,0.0,0,30.83,0,116.0,0,13.62,0,0.419,0,39.317,-76.586,45.0
2025-01-10 15:21:00,2025-01-10,2025-01-10 15:21:00,101.44,0,-1.876,0,0.029,45.75,0,0.248,0.238,0,0.001,4.034,0,3.975,0,317.1,0,9.86,0.0,0,0.0,0,0.0,0,0.0,20000.0,0,20000.0,0,0.0,0,0.0,0,0.0,0,0.0,0,30.83,0,116.0,0,13.62,0,0.446,0,39.317,-76.586,45.0
2025-01-10 15:22:00,2025-01-10,2025-01-10 15:22:00,101.44,0,-1.839,0,0.024,45.71,0,0.237,0.238,0,0.001,3.737,0,3.631,0,329.0,0,13.64,0.0,0,0.0,0,0.0,0,0.0,20000.0,0,20000.0,0,0.0,0,0.0,0,0.0,0,0.0,0,30.83,0,116.0,0,13.62,0,0.469,0,39.317,-76.586,45.0
2025-01-10 15:23:00,2025-01-10,2025-01-10 15:23:00,101.44,0,-1.807,0,0.025,45.75,0,0.211,0.239,0,0.001,2.553,0,2.434,0,333.7,0,17.51,0.0,0,0.0,0,0.0,0,0.0,20000.0,0,20000.0,0,0.0,0,0.0,0,0.0,0,0.0,0,30.83,0,116.0,0,13.62,0,0.496,0,39.317,-76.586,45.0
2025-01-10 15:24:00,2025-01-10,2025-01-10 15:24:00,101.44,0,-1.787,0,0.025,46.03,0,0.215,0.241,0,0.001,2.739,0,2.648,0,318.3,0,14.73,0.0,0,0.0,0,0.0,0,0.0,20000.0,0,20000.0,0,0.0,0,0.0,0,0.0,0,0.0,0,30.83,0,116.0,0,13.62,0,0.523,0,39.317,-76.586,45.0
2025-01-10 15:25:00,2025-01-10,2025-01-10 15:25:00,101.44,0,-1.781,0,0.022,45.96,0,0.253,0.241,0,0.001,3.91,0,3.659,0,328.9,0,20.52,0.0,0,0.0,0,0.0,0,0.0,20000.0,0,20000.0,0,0.0,0,0.0,0,0.0,0,0.0,0,30.83,0,116.0,0,13.62,0,0.547,0,39.317,-76.586,45.0
2025-01-10 15:26:00,2025-01-10,2025-01-10 15:26:00,101.44,0,-1.769,0,0.027,46.07,0,0.227,0.241,0,0.001,3.618,0,3.487,0,356.5,0,15.38,0.0,0,0.0,0,0.0,0,0.0,20000.0,0,20000.0,0,0.0,0,0.0,0,0.0,0,0.0,0,30.83,0,116.0,0,13.62,0,0.573,0,39.317,-76.586,45.0
2025-01-10 15:27:00,2025-01-10,2025-01-10 15:27:00,101.43,0,-1.753,0,0.024,45.82,0,0.263,0.24,0,0.002,2.522,0,2.418,0,320.9,0,16.47,0.0,0,0.0,0,0.0,0,0.0,20000.0,0,20000.0,0,0.0,0,0.0,0,0.0,0,0.0,0,30.83,0,116.0,0,13.62,0,0.599,0,39.317,-76.586,45.0
2025-01-10 15:28:00,2025-01-10,2025-01-10 15:28:00,101.42,0,-1.734,0,0.03,45.74,0,0.247,0.24,0,0.002,2.532,0,2.486,0,321.0,0,10.83,0.0,0,0.0,0,0.0,0,0.0,20000.0,0,20000.0,0,0.0,0,0.0,0,0.0,0,0.0,0,30.83,0,116.0,0,13.62,0,0.623,0,39.317,-76.586,45.0
2025-01-10 15:29:00,2025-01-10,2025-01-10 15:29:00,101.42,0,-1.673,0,0.035,45.29,0,0.224,0.239,0,0.001,3.556,0,3.468,0,322.3,0,12.71,0.0,0,0.0,0,0.0,0,0.0,20000.0,0,20000.0,0,0.0,0,0.0,0,0.0,0,0.0,0,30.83,0,116.0,0,13.62,0,0.652,0,39.317,-76.586,45.0
2025-01-10 15:30:00,2025-01-10,2025-01-10 15:30:00,101.42,0,-1.645,0,0.024,45.2,0,0.213,0.239,0,0.001,3.193,0,3.046,0,331.0,0,17.39,0.0,0,0.0,0,0.0,0,0.0,20000.0,0,20000.0,0,0.0,0,0.0,0,0.0,0,0.0,0,30.83,0,116.0,0,13.62,0,0.679,0,39.317,-76.586,45.0
2025-01-10 15:31:00,2025-01-10,2025-01-10 15:31:00,101.41,0,-1.626,0,0.02,45.42,0,0.295,0.241,0,0.002,3.688,0,3.61,0,312.2,0,11.76,0.0,0,0.0,0,0.0,0,0.0,20000.0,0,20000.0,0,0.0,0,0.0,0,0.0,0,0.0,0,30.83,0,116.0,0,13.61,0,0.705,0,39.317,-76.586,45.0
2025-01-10 15:32:00,2025-01-10,2025-01-10 15:32:00,101.41,0,-1.695,0,0.027,45.31,0,0.249,0.239,0,0.002,3.017,0,2.967,0,327.4,0,10.45,0.0,0,0.0,0,0.0,0,0.0,20000.0,0,20000.0,0,0.0,0,0.0,0,0.0,0,0.0,0,30.83,0,116.0,0,13.62,0,0.731,0,39.317,-76.586,45.0
2025-01-10 15:33:00,2025-01-10,2025-01-10 15:33:00,101.41,0,-1.68,0,0.026,45.37,0,0.274,0.24,0,0.002,2.158,0,2.086,0,320.3,0,14.74,0.0,0,0.0,0,0.0,0,0.0,20000.0,0,20000.0,0,0.0,0,0.0,0,0.0,0,0.0,0,30.83,0,116.0,0,13.61,0,0.761,0,39.317,-76.586,45.0
2025-01-10 15:34:00,2025-01-10,2025-01-10 15:34:00,101.4,0,-1.623,0,0.027,45.71,0,0.252,0.243,0,0.002,3.554,0,3.487,0,320.5,0,11.13,0.0,0,0.0,0,0.0,0,0.0,20000.0,0,20000.0,0,0.0,0,0.0,0,0.0,0,0.0,0,30.83,0,116.0,0,13.61,0,0.79,0,39.317,-76.586,45.0
2025-01-10 15:35:00,2025-01-10,2025-01-10 15:35:00,101.41,0,-1.605,0,0.023,45.44,0,0.326,0.241,0,0.002,2.589,0,2.515,0,329.9,0,13.72,0.0,0,0.0,0,0.0,0,0.0,20000.0,0,20000.0,0,0.0,0,0.0,0,0.0,0,0.0,0,30.83,0,116.0,0,13.61,0,0.819,0,39.317,-76.586,45.0
2025-01-10 15:36:00,2025-01-10,2025-01-10 15:36:00,101.41,0,-1.598,0,0.024,45.41,0,0.215,0.241,0,0.001,3.67,0,3.578,0,324.2,0,12.83,0.0,0,0.0,0,0.0,0,0.0,20000.0,0,20000.0,0,0.0,0,0.0,0,0.0,0,0.0,0,30.83,0,116.0,0,13.61,0,0.848,0,39.317,-76.586,45.0
2025-01-10 15:37:00,2025-01-10,2025-01-10 15:37:00,101.41,0,-1.587,0,0.031,45.62,0,0.265,0.243,0,0.002,5.357,0,5.252,0,336.7,0,11.34,0.0,0,0.0,0,0.0,0,0.0,20000.0,0,20000.0,0,0.0,0,0.0,0,0.0,0,0.0,0,30.83,0,116.0,0,13.61,0,0.877,0,39.317,-76.586,45.0
2025-01-10 15:38:00,2025-01-10,2025-01-10 15:38:00,101.41,0,-1.528,0,0.034,45.5,0,0.225,0.243,0,0.001,4.518,0,4.363,0,342.2,0,14.98,0.0,0,0.0,0,0.0,0,0.0,20000.0,0,20000.0,0,0.0,0,0.0,0,0.0,0,0.0,0,30.83,0,116.0,0,13.61,0,0.906,0,39.317,-76.586,45.0
2025-01-10 15:39:00,2025-01-10,2025-01-10 15:39:00,101.4,0,-1.489,0,0.03,45.36,0,0.191,0.243,0,0.001,3.575,0,3.461,0,357.0,0,14.49,0.0,0,0.0,0,0.0,0,0.0,20000.0,0,20000.0,0,0.0,0,0.0,0,0.0,0,0.0,0,30.83,0,116.0,0,13.61,0,0.941,0,39.317,-76.586,45.0
2025-01-10 15:40:00,2025-01-10,2025-01-10 15:40:00,101.4,0,-1.439,0,0.035,45.56,0,0.255,0.246,0,0.002,2.927,0,2.867,0,355.7,0,11.6,0.0,0,0.0,0,0.0,0,0.0,20000.0,0,20000.0,0,0.0,0,0.0,0,0.0,0,0.0,0,30.83,0,116.0,0,13.61,0,0.972,0,39.317,-76.586,45.0
2025-01-10 15:41:00,2025-01-10,2025-01-10 15:41:00,101.4,0,-1.388,0,0.027,45.78,0,0.258,0.248,0,0.002,3.046,0,2.983,0,336.8,0,11.65,0.0,0,0.0,0,0.0,0,0.0,20000.0,0,20000.0,0,0.0,0,0.0,0,0.0,0,0.0,0,30.83,0,116.0,0,13.61,0,1.004,0,39.317,-76.586,45.0
2025-01-10 15:42:00,2025-01-10,2025-01-10 15:42:00,101.39,0,-1.335,0,0.032,45.99,0,0.271,0.25,0,0.002,1.89,0,1.801,0,310.6,0,17.6,0.0,0,0.0,0,0.0,0,0.0,20000.0,0,20000.0,0,0.0,0,0.0,0,0.0,0,0.0,0,30.83,0,116.0,0,13.61,0,1.038,0,39.317,-76.586,45.0
2025-01-10 15:43:00,2025-01-10,2025-01-10 15:43:00,101.4,0,-1.339,0,0.025,46.08,0,0.261,0.25,0,0.002,2.52,0,2.317,0,330.2,0,22.99,0.0,0,0.0,0,0.0,0,0.0,20000.0,0,20000.0,0,0.0,0,0.0,0,0.0,0,0.0,0,30.83,0,116.0,0,13.6,0,1.075,0,39.317,-76.586,45.0
2025-01-10 15:44:00,2025-01-10,2025-01-10 15:44:00,101.4,0,-1.314,0,0.027,45.87,0,0.243,0.25,0,0.001,3.18,0,3.089,0,330.8,0,13.72,0.0,0,0.0,0,0.0,0,0.0,20000.0,0,20000.0,0,0.0,0,0.0,0,0.0,0,0.0,0,30.83,0,116.0,0,13.61,0,1.113,0,39.317,-76.586,45.0
2025-01-10 15:45:00,2025-01-10,2025-01-10 15:45:00,101.4,0,-1.282,0,0.021,45.36,0,0.229,0.248,0,0.001,3.716,0,3.64,0,322.8,0,11.58,0.0,0,0.0,0,0.0,0,0.0,20000.0,0,20000.0,0,0.0,0,0.0,0,0.0,0,0.0,0,30.83,0,116.0,0,13.6,0,1.152,0,39.317,-76.586,45.0
2025-01-10 15:46:00,2025-01-10,2025-01-10 15:46:00,101.39,0,-1.328,0,0.031,44.78,0,0.26,0.244,0,0.002,3.051,0,2.731,0,321.9,0,26.22,0.0,0,0.0,0,0.0,0,0.0,20000.0,0,20000.0,0,0.0,0,0.0,0,0.0,0,0.0,0,30.83,0,116.0,0,13.6,0,1.192,0,39.317,-76.586,45.0
2025-01-10 15:47:00,2025-01-10,2025-01-10 15:47:00,101.39,0,-1.32,0,0.036,45.32,0,0.301,0.247,0,0.002,3.273,0,3.079,0,332.4,0,19.72,0.0,0,0.0,0,0.0,0,0.0,20000.0,0,20000.0,0,0.0,0,0.0,0,0.0,0,0.0,0,30.83,0,116.0,0,13.6,0,1.234,0,39.317,-76.586,45.0
2025-01-10 15:48:00,2025-01-10,2025-01-10 15:48:00,101.39,0,-1.285,0,0.031,45.92,0,0.237,0.251,0,0.002,2.827,0,2.725,0,331.5,0,15.39,0.0,0,0.0,0,0.0,0,0.0,20000.0,0,20000.0,0,0.0,0,0.0,0,0.0,0,0.0,0,30.83,0,116.0,0,13.6,0,1.277,0,39.317,-76.586,45.0
2025-01-10 15:49:00,2025-01-10,2025-01-10 15:49:00,101.39,0,-1.212,0,0.036,45.92,0,0.228,0.252,0,0.002,2.504,0,2.371,0,332.0,0,18.64,0.0,0,0.0,0,0.0,0,0.0,20000.0,0,20000.0,0,0.0,0,0.0,0,0.0,0,0.0,0,30.83,0,116.0,0,13.6,0,1.319,0,39.317,-76.586,45.0
2025-01-10 15:50:00,2025-01-10,2025-01-10 15:50:00,101.39,0,-1.171,0,0.026,45.92,0,0.252,0.253,0,0.002,3.085,0,3.065,0,327.3,0,6.627,0.0,0,0.0,0,0.0,0,0.0,20000.0,0,20000.0,0,0.0,0,0.0,0,0.0,0,0.0,0,30.83,0,116.0,0,13.6,0,1.361,0,39.317,-76.586,45.0
2025-01-10 15:51:00,2025-01-10,2025-01-10 15:51:00,101.38,0,-1.182,0,0.031,45.48,0,0.221,0.25,0,0.001,2.223,0,2.184,0,333.1,0,10.66,0.0,0,0.0,0,0.0,0,0.0,20000.0,0,20000.0,0,0.0,0,0.0,0,0.0,0,0.0,0,30.83,0,116.0,0,13.6,0,1.406,0,39.317,-76.586,45.0
2025-01-10 15:52:00,2025-01-10,2025-01-10 15:52:00,101.38,0,-1.115,0,0.032,45.55,0,0.241,0.252,0,0.002,2.068,0,2.019,0,352.0,0,12.5,0.0,0,0.0,0,0.0,0,0.0,20000.0,0,20000.0,0,0.0,0,0.0,0,0.0,0,0.0,0,30.83,0,116.0,0,13.6,0,1.451,0,39.317,-76.586,45.0
2025-01-10 15:53:00,2025-01-10,2025-01-10 15:53:00,101.38,0,-1.048,0,0.027,45.13,0,0.284,0.251,0,0.002,3.231,0,3.127,0,0.627,0,14.52,0.0,0,0.0,0,0.0,0,0.0,20000.0,0,20000.0,0,0.0,0,0.0,0,0.0,0,0.0,0,30.83,0,116.0,0,13.59,0,1.496,0,39.317,-76.586,45.0
2025-01-10 15:54:00,2025-01-10,2025-01-10 15:54:00,101.38,0,-1.048,0,0.055,44.71,0,0.261,0.249,0,0.002,3.19,0,3.056,0,356.1,0,16.62,0.0,0,0.0,0,0.0,0,0.0,20000.0,0,20000.0,0,0.0,0,0.0,0,0.0,0,0.0,0,30.83,0,116.0,0,13.59,0,1.541,0,39.317,-76.586,45.0
2025-01-10 15:55:00,2025-01-10,2025-01-10 15:55:00,101.38,0,-1.105,0,0.026,44.47,0,0.231,0.246,0,0.002,3.691,0,3.531,0,353.7,0,16.88,0.0,0,0.0,0,0.0,0,0.0,20000.0,0,20000.0,0,0.0,0,0.0,0,0.0,0,0.0,0,30.83,0,116.0,0,13.59,0,1.586,0,39.317,-76.586,45.0
2025-01-10 15:56:00,2025-01-10,2025-01-10 15:56:00,101.37,0,-1.122,0,0.029,44.89,0,0.293,0.248,0,0.002,3.922,0,3.821,0,330.0,0,12.96,0.0,0,0.0,0,0.0,0,0.0,20000.0,0,20000.0,0,0.0,0,0.0,0,0.0,0,0.0,0,30.83,0,116.0,0,13.59,0,1.628,0,39.317,-76.586,45.0
2025-01-10 15:57:00,2025-01-10,2025-01-10 15:57:00,101.38,0,-1.146,0,0.029,44.86,0,0.258,0.248,0,0.002,4.537,0,4.406,0,351.0,0,13.8,0.0,0,0.0,0,0.0,0,0.0,20000.0,0,20000.0,0,0.0,0,0.0,0,0.0,0,0.0,0,30.83,0,116.0,0,13.59,0,1.671,0,39.317,-76.586,45.0
2025-01-10 15:58:00,2025-01-10,2025-01-10 15:58:00,101.38,0,-1.118,0,0.03,45.04,0,0.212,0.249,0,0.001,3.868,0,3.79,0,340.9,0,11.45,0.0,0,0.0,0,0.0,0,0.0,20000.0,0,20000.0,0,0.0,0,0.0,0,0.0,0,0.0,0,30.83,0,116.0,0,13.59,0,1.713,0,39.317,-76.586,45.0
2025-01-10 15:59:00,2025-01-10,2025-01-10 15:59:00,101.37,0,-1.089,0,0.037,45.51,0,0.294,0.253,0,0.002,3.927,0,3.796,0,345.8,0,14.77,0.0,0,0.0,0,0.0,0,0.0,20000.0,0,20000.0,0,0.0,0,0.0,0,0.0,0,0.0,0,30.83,0,116.0,0,13.59,0,1.753,0,39.317,-76.586,45.0
2025-01-10 16:00:00,2025-01-10,2025-01-10 16:00:00,101.38,0,-1.073,0,0.026,45.27,0,0.278,0.252,0,0.002,4.702,0,4.59,0,343.9,0,12.52,0.0,0,0.0,0,0.0,0,0.0,20000.0,0,20000.0,0,0.0,0,0.0,0,0.0,0,0.0,0,30.83,0,116.0,0,13.59,0,1.793,0,39.317,-76.586,45.0
2025-01-10 16:01:00,2025-01-10,2025-01-10 16:01:00,101.37,0,-1.039,0,0.025,44.88,0,0.24,0.25,0,0.001,2.956,0,2.762,0,341.0,0,20.76,0.0,0,0.0,0,0.0,0,0.0,20000.0,0,20000.0,0,0.0,0,0.0,0,0.0,0,0.0,0,30.83,0,116.0,0,13.58,0,1.832,0,39.317,-76.586,45.0
2025-01-10 16:02:00,2025-01-10,2025-01-10 16:02:00,101.37,0,-1.008,0,0.025,45.56,0,0.317,0.255,0,0.002,2.693,0,2.591,0,345.1,0,15.82,0.0,0,0.0,0,0.0,0,0.0,20000.0,0,20000.0,0,0.0,0,0.0,0,0.0,0,0.0,0,30.83,0,116.0,0,13.58,0,1.867,0,39.317,-76.586,45.0
2025-01-10 16:03:00,2025-01-10,2025-01-10 16:03:00,101.37,0,-0.97,0,0.024,45.75,0,0.212,0.256,0,0.001,2.032,0,1.947,0,339.2,0,16.52,0.0,0,0.0,0,0.0,0,0.0,20000.0,0,20000.0,0,0.0,0,0.0,0,0.0,0,0.0,0,30.83,0,116.0,0,13.58,0,1.906,0,39.317,-76.586,45.0
2025-01-10 16:04:00,2025-01-10,2025-01-10 16:04:00,101.36,0,-0.927,0,0.027,45.63,0,0.302,0.257,0,0.002,2.182,0,2.094,0,332.6,0,16.3,0.0,0,0.0,0,0.0,0,0.0,20000.0,0,20000.0,0,0.0,0,0.0,0,0.0,0,0.0,0,30.83,0,116.0,0,13.58,0,1.941,0,39.317,-76.586,45.0
2025-01-10 16:05:00,2025-01-10,2025-01-10 16:05:00,101.36,0,-0.93,0,0.054,45.74,0,0.339,0.257,0,0.002,2.662,0,2.59,0,328.6,0,13.37,0.0,0,0.0,0,0.0,0,0.0,20000.0,0,20000.0,0,0.0,0,0.0,0,0.0,0,0.0,0,30.83,0,116.0,0,13.58,0,1.978,0,39.317,-76.586,45.0
2025-01-10 16:06:00,2025-01-10,2025-01-10 16:06:00,101.36,0,-0.885,0,0.025,45.6,0,0.282,0.257,0,0.002,3.28,0,3.037,0,335.7,0,22.03,0.0,0,0.0,0,0.0,0,0.0,20000.0,0,20000.0,0,0.0,0,0.0,0,0.0,0,0.0,0,30.83,0,116.0,0,13.58,0,2.018,0,39.317,-76.586,45.0
2025-01-10 16:07:00,2025-01-10,2025-01-10 16:07:00,101.36,0,-0.851,0,0.036,45.55,0,0.24,0.258,0,0.002,2.54,0,2.399,0,326.8,0,19.09,0.0,0,0.0,0,0.0,0,0.0,20000.0,0,20000.0,0,0.0,0,0.0,0,0.0,0,0.0,0,30.83,0,116.0,0,13.58,0,2.055,0,39.317,-76.586,45.0
2025-01-10 16:08:00,2025-01-10,2025-01-10 16:08:00,101.37,0,-0.832,0,0.024,46.02,0,0.391,0.261,0,0.002,3.298,0,3.175,0,339.2,0,15.6,0.0,0,0.0,0,0.0,0,0.0,20000.0,0,20000.0,0,0.0,0,0.0,0,0.0,0,0.0,0,30.83,0,116.0,0,13.58,0,2.094,0,39.317,-76.586,45.0
2025-01-10 16:09:00,2025-01-10,2025-01-10 16:09:00,101.37,0,-0.846,0,0.025,45.57,0,0.389,0.258,0,0.003,2.737,0,2.652,0,331.7,0,14.34,0.0,0,0.0,0,0.0,0,0.0,20000.0,0,20000.0,0,0.0,0,0.0,0,0.0,0,0.0,0,30.83,0,116.0,0,13.58,0,2.134,0,39.317,-76.586,45.0
2025-01-10 16:10:00,2025-01-10,2025-01-10 16:10:00,101.37,0,-0.858,0,0.024,45.21,0,0.242,0.256,0,0.002,2.176,0,2.083,0,336.5,0,16.7,0.0,0,0.0,0,0.0,0,0.0,20000.0,0,20000.0,0,0.0,0,0.0,0,0.0,0,0.0,0,30.83,0,116.0,0,13.58,0,2.174,0,39.317,-76.586,45.0
2025-01-10 16:11:00,2025-01-10,2025-01-10 16:11:00,101.37,0,-0.811,0,0.034,45.34,0,0.209,0.258,0,0.001,2.463,0,2.397,0,328.3,0,13.26,0.0,0,0.0,0,0.0,0,0.0,20000.0,0,20000.0,0,0.0,0,0.0,0,0.0,0,0.0,0,30.83,0,116.0,0,13.58,0,2.211,0,39.317,-76.586,45.0
2025-01-10 16:12:00,2025-01-10,2025-01-10 16:12:00,101.37,0,-0.761,0,0.031,45.44,0,0.233,0.259,0,0.002,1.896,0,1.784,0,326.1,0,19.76,0.0,0,0.0,0,0.0,0,0.0,20000.0,0,20000.0,0,0.0,0,0.0,0,0.0,0,0.0,0,30.83,0,116.0,0,13.57,0,2.25,0,39.317,-76.586,45.0
2025-01-10 16:13:00,2025-01-10,2025-01-10 16:13:00,101.37,0,-0.736,0,0.026,46.22,0,0.357,0.264,0,0.002,2.71,0,2.605,0,316.4,0,15.95,0.0,0,0.0,0,0.0,0,0.0,20000.0,0,20000.0,0,0.0,0,0.0,0,0.0,0,0.0,0,30.83,0,116.0,0,13.57,0,2.29,0,39.317,-76.586,45.0
2025-01-10 16:14:00,2025-01-10,2025-01-10 16:14:00,101.37,0,-0.73,0,0.025,45.45,0,0.331,0.26,0,0.002,1.934,0,1.79,0,330.5,0,22.11,0.0,0,0.0,0,0.0,0,0.0,20000.0,0,20000.0,0,0.0,0,0.0,0,0.0,0,0.0,0,30.83,0,116.0,0,13.57,0,2.33,0,39.317,-76.586,45.0
2025-01-10 16:15:00,2025-01-10,2025-01-10 16:15:00,101.37,0,-0.673,0,0.032,45.04,0,0.248,0.259,0,0.002,1.967,0,1.793,0,340.5,0,24.07,0.0,0,0.0,0,0.0,0,0.0,20000.0,0,20000.0,0,0.0,0,0.0,0,0.0,0,0.0,0,30.83,0,116.0,0,13.57,0,2.372,0,39.317,-76.586,45.0
2025-01-10 16:16:00,2025-01-10,2025-01-10 16:16:00,101.37,0,-0.605,0,0.031,45.68,0,0.239,0.264,0,0.002,2.042,0,1.988,0,327.3,0,13.16,0.0,0,0.0,0,0.0,0,0.0,20000.0,0,20000.0,0,0.0,0,0.0,0,0.0,0,0.0,0,30.83,0,116.0,0,13.57,0,2.418,0,39.317,-76.586,45.0
2025-01-10 16:17:00,2025-01-10,2025-01-10 16:17:00,101.37,0,-0.539,0,0.032,45.64,0,0.206,0.265,0,0.001,2.6,0,2.533,0,327.0,0,13.04,0.0,0,0.0,0,0.0,0,0.0,20000.0,0,20000.0,0,0.0,0,0.0,0,0.0,0,0.0,0,30.83,0,116.0,0,13.57,0,2.46,0,39.317,-76.586,45.0
2025-01-10 16:18:00,2025-01-10,2025-01-10 16:18:00,101.37,0,-0.469,0,0.031,45.43,0,0.223,0.266,0,0.002,2.425,0,2.33,0,317.1,0,16.07,0.0,0,0.0,0,0.0,0,0.0,20000.0,0,20000.0,0,0.0,0,0.0,0,0.0,0,0.0,0,30.83,0,116.0,0,13.57,0,2.505,0,39.317,-76.586,45.0
2025-01-10 16:19:00,2025-01-10,2025-01-10 16:19:00,101.37,0,-0.476,0,0.023,45.07,0,0.378,0.263,0,0.002,3.087,0,3.022,0,337.1,0,11.72,0.0,0,0.0,0,0.0,0,0.0,20000.0,0,20000.0,0,0.0,0,0.0,0,0.0,0,0.0,0,30.83,0,116.0,0,13.57,0,2.553,0,39.317,-76.586,45.0
2025-01-10 16:20:00,2025-01-10,2025-01-10 16:20:00,101.37,0,-0.492,0,0.024,44.78,0,0.286,0.261,0,0.002,2.793,0,2.661,0,337.1,0,17.63,0.0,0,0.0,0,0.0,0,0.0,20000.0,0,20000.0,0,0.0,0,0.0,0,0.0,0,0.0,0,30.83,0,116.0,0,13.56,0,2.598,0,39.317,-76.586,45.0
2025-01-10 16:21:00,2025-01-10,2025-01-10 16:21:00,101.36,0,-0.492,0,0.023,45.01,0,0.23,0.263,0,0.002,3.998,0,3.681,0,333.6,0,22.81,0.0,0,0.0,0,0.0,0,0.0,20000.0,0,20000.0,0,0.0,0,0.0,0,0.0,0,0.0,0,30.83,0,116.0,0,13.56,0,2.643,0,39.317,-76.586,45.0
2025-01-10 16:22:00,2025-01-10,2025-01-10 16:22:00,101.36,0,-0.433,0,0.031,45.5,0,0.344,0.267,0,0.002,3.205,0,3.091,0,324.8,0,15.28,0.0,0,0.0,0,0.0,0,0.0,20000.0,0,20000.0,0,0.0,0,0.0,0,0.0,0,0.0,0,30.83,0,116.0,0,13.56,0,2.688,0,39.317,-76.586,45.0
2025-01-10 16:23:00,2025-01-10,2025-01-10 16:23:00,101.36,0,-0.463,0,0.029,44.87,0,0.511,0.262,0,0.003,3.948,0,3.895,0,330.3,0,9.32,0.0,0,0.0,0,0.0,0,0.0,20000.0,0,20000.0,0,0.0,0,0.0,0,0.0,0,0.0,0,30.83,0,116.0,0,13.56,0,2.733,0,39.317,-76.586,45.0
2025-01-10 16:24:00,2025-01-10,2025-01-10 16:24:00,101.36,0,-0.462,0,0.04,44.34,0,0.211,0.259,0,0.002,3.294,0,3.239,0,334.1,0,10.48,0.0,0,0.0,0,0.0,0,0.0,20000.0,0,20000.0,0,0.0,0,0.0,0,0.0,0,0.0,0,30.83,0,116.0,0,13.56,0,2.779,0,39.317,-76.586,45.0
2025-01-10 16:25:00,2025-01-10,2025-01-10 16:25:00,101.36,0,-0.483,0,0.023,44.26,0,0.22,0.258,0,0.001,2.819,0,2.774,0,331.7,0,10.29,0.0,0,0.0,0,0.0,0,0.0,20000.0,0,20000.0,0,0.0,0,0.0,0,0.0,0,0.0,0,30.83,0,116.0,0,13.56,0,2.821,0,39.317,-76.586,45.0
2025-01-10 16:26:00,2025-01-10,2025-01-10 16:26:00,101.36,0,-0.493,0,0.04,44.57,0,0.258,0.26,0,0.002,2.759,0,2.707,0,325.3,0,11.09,0.0,0,0.0,0,0.0,0,0.0,20000.0,0,20000.0,0,0.0,0,0.0,0,0.0,0,0.0,0,30.83,0,116.0,0,13.56,0,2.864,0,39.317,-76.586,45.0
2025-01-10 16:27:00,2025-01-10,2025-01-10 16:27:00,101.36,0,-0.479,0,0.032,45.31,0,0.374,0.265,0,0.003,2.963,0,2.897,0,328.2,0,12.04,0.0,0,0.0,0,0.0,0,0.0,20000.0,0,20000.0,0,0.0,0,0.0,0,0.0,0,0.0,0,30.83,0,116.0,0,13.56,0,2.906,0,39.317,-76.586,45.0
2025-01-10 16:28:00,2025-01-10,2025-01-10 16:28:00,101.35,0,-0.444,0,0.048,45.53,0,0.244,0.267,0,0.002,3.53,0,3.418,0,328.1,0,14.42,0.0,0,0.0,0,0.0,0,0.0,20000.0,0,20000.0,0,0.0,0,0.0,0,0.0,0,0.0,0,30.83,0,116.0,0,13.56,0,2.946,0,39.317,-76.586,45.0
2025-01-10 16:29:00,2025-01-10,2025-01-10 16:29:00,101.34,0,-0.418,0,0.054,45.22,0,0.26,0.266,0,0.002,3.954,0,3.889,0,319.2,0,10.37,0.0,0,0.0,0,0.0,0,0.0,20000.0,0,20000.0,0,0.0,0,0.0,0,0.0,0,0.0,0,30.83,0,116.0,0,13.56,0,2.986,0,39.317,-76.586,45.0
2025-01-10 16:30:00,2025-01-10,2025-01-10 16:30:00,101.34,0,-0.442,0,0.027,45.0,0,0.244,0.264,0,0.002,3.742,0,3.633,0,325.1,0,13.8,0.0,0,0.0,0,0.0,0,0.0,20000.0,0,20000.0,0,0.0,0,0.0,0,0.0,0,0.0,0,30.83,0,116.0,0,13.56,0,3.025,0,39.317,-76.586,45.0
2025-01-10 16:31:00,2025-01-10,2025-01-10 16:31:00,101.34,0,-0.492,0,0.029,44.61,0,0.264,0.26,0,0.002,3.304,0,3.219,0,319.6,0,13.02,0.0,0,0.0,0,0.0,0,0.0,20000.0,0,20000.0,0,0.0,0,0.0,0,0.0,0,0.0,0,30.83,0,116.0,0,13.55,0,3.063,0,39.317,-76.586,45.0
2025-01-10 16:32:00,2025-01-10,2025-01-10 16:32:00,101.33,0,-0.477,0,0.04,44.93,0,0.282,0.263,0,0.002,2.94,0,2.754,0,319.3,0,20.38,0.0,0,0.0,0,0.0,0,0.0,20000.0,0,20000.0,0,0.0,0,0.0,0,0.0,0,0.0,0,30.83,0,116.0,0,13.55,0,3.1,0,39.317,-76.586,45.0
2025-01-10 16:33:00,2025-01-10,2025-01-10 16:33:00,101.32,0,-0.422,0,0.035,45.35,0,0.22,0.266,0,0.001,3.575,0,3.467,0,326.1,0,14.11,0.0,0,0.0,0,0.0,0,0.0,20000.0,0,20000.0,0,0.0,0,0.0,0,0.0,0,0.0,0,30.83,0,116.0,0,13.55,0,3.134,0,39.317,-76.586,45.0
2025-01-10 16:34:00,2025-01-10,2025-01-10 16:34:00,101.32,0,-0.377,0,0.029,45.03,0,0.379,0.265,0,0.002,3.933,0,3.891,0,335.8,0,8.39,0.0,0,0.0,0,0.0,0,0.0,20000.0,0,20000.0,0,0.0,0,0.0,0,0.0,0,0.0,0,30.83,0,116.0,0,13.55,0,3.169,0,39.317,-76.586,45.0
2025-01-10 16:35:00,2025-01-10,2025-01-10 16:35:00,101.31,0,-0.399,0,0.025,44.1,0,0.25,0.259,0,0.002,2.538,0,2.387,0,331.4,0,19.77,0.0,0,0.0,0,0.0,0,0.0,20000.0,0,20000.0,0,0.0,0,0.0,0,0.0,0,0.0,0,30.83,0,116.0,0,13.55,0,3.206,0,39.317,-76.586,45.0
2025-01-10 16:36:00,2025-01-10,2025-01-10 16:36:00,101.31,0,-0.372,0,0.025,44.61,0,0.247,0.263,0,0.002,2.35,0,2.263,0,332.8,0,15.63,0.0,0,0.0,0,0.0,0,0.0,20000.0,0,20000.0,0,0.0,0,0.0,0,0.0,0,0.0,0,30.83,0,116.0,0,13.55,0,3.24,0,39.317,-76.586,45.0
2025-01-10 16:37:00,2025-01-10,2025-01-10 16:37:00,101.31,0,-0.313,0,0.033,44.78,0,0.266,0.265,0,0.002,1.833,0,1.773,0,315.3,0,14.66,0.0,0,0.0,0,0.0,0,0.0,20000.0,0,20000.0,0,0.0,0,0.0,0,0.0,0,0.0,0,30.83,0,116.0,0,13.55,0,3.275,0,39.317,-76.586,45.0
2025-01-10 16:38:00,2025-01-10,2025-01-10 16:38:00,101.3,0,-0.264,0,0.032,44.32,0,0.273,0.264,0,0.002,1.413,0,1.372,0,328.0,0,13.81,0.0,0,0.0,0,0.0,0,0.0,20000.0,0,20000.0,0,0.0,0,0.0,0,0.0,0,0.0,0,30.83,0,116.0,0,13.55,0,3.312,0,39.317,-76.586,45.0
2025-01-10 16:39:00,2025-01-10,2025-01-10 16:39:00,101.29,0,-0.195,0,0.024,43.82,0,0.234,0.262,0,0.002,2.653,0,2.596,0,319.3,0,11.85,0.0,0,0.0,0,0.0,0,0.0,20000.0,0,20000.0,0,0.0,0,0.0,0,0.0,0,0.0,0,30.83,0,116.0,0,13.55,0,3.352,0,39.317,-76.586,45.0
2025-01-10 16:40:00,2025-01-10,2025-01-10 16:40:00,101.29,0,-0.185,0,0.025,43.58,0,0.225,0.261,0,0.002,2.938,0,2.89,0,326.3,0,10.44,0.0,0,0.0,0,0.0,0,0.0,20000.0,0,20000.0,0,0.0,0,0.0,0,0.0,0,0.0,0,30.83,0,116.0,0,13.55,0,3.392,0,39.317,-76.586,45.0
2025-01-10 16:41:00,2025-01-10,2025-01-10 16:41:00,101.29,0,-0.185,0,0.028,44.01,0,0.424,0.264,0,0.002,2.883,0,2.792,0,307.6,0,14.34,0.0,0,0.0,0,0.0,0,0.0,20000.0,0,20000.0,0,0.0,0,0.0,0,0.0,0,0.0,0,30.83,0,116.0,0,13.54,0,3.437,0,39.317,-76.586,45.0
2025-01-10 16:42:00,2025-01-10,2025-01-10 16:42:00,101.28,0,-0.171,0,0.026,45.18,0,0.326,0.271,0,0.002,2.762,0,2.653,0,324.0,0,16.08,0.0,0,0.0,0,0.0,0,0.0,20000.0,0,20000.0,0,0.0,0,0.0,0,0.0,0,0.0,0,30.83,0,116.0,0,13.54,0,3.482,0,39.317,-76.586,45.0
2025-01-10 16:43:00,2025-01-10,2025-01-10 16:43:00,101.27,0,-0.14,0,0.026,45.23,0,0.403,0.272,0,0.002,3.435,0,3.347,0,312.6,0,12.96,0.0,0,0.0,0,0.0,0,0.0,20000.0,0,20000.0,0,0.0,0,0.0,0,0.0,0,0.0,0,30.83,0,116.0,0,13.54,0,3.527,0,39.317,-76.586,45.0
2025-01-10 16:44:00,2025-01-10,2025-01-10 16:44:00,101.27,0,-0.207,0,0.048,44.13,0,0.296,0.264,0,0.003,3.162,0,3.095,0,302.5,0,11.83,0.0,0,0.0,0,0.0,0,0.0,20000.0,0,20000.0,0,0.0,0,0.0,0,0.0,0,0.0,0,30.83,0,116.0,0,13.54,0,3.573,0,39.317,-76.586,45.0
2025-01-10 16:45:00,2025-01-10,2025-01-10 16:45:00,101.27,0,-0.246,0,0.045,43.68,0,0.267,0.26,0,0.002,2.548,0,2.45,0,308.4,0,15.92,0.0,0,0.0,0,0.0,0,0.0,20000.0,0,20000.0,0,0.0,0,0.0,0,0.0,0,0.0,0,30.83,0,116.0,0,13.54,0,3.621,0,39.317,-76.586,45.0
2025-01-10 16:46:00,2025-01-10,2025-01-10 16:46:00,101.27,0,-0.206,0,0.029,45.19,0,0.555,0.27,0,0.004,2.685,0,2.618,0,306.8,0,12.85,0.0,0,0.0,0,0.0,0,0.0,20000.0,0,20000.0,0,0.0,0,0.0,0,0.0,0,0.0,0,30.83,0,116.0,0,13.54,0,3.666,0,39.317,-76.586,45.0
2025-01-10 16:47:00,2025-01-10,2025-01-10 16:47:00,101.27,0,-0.19,0,0.024,44.75,0,0.444,0.268,0,0.003,3.072,0,3.049,0,297.6,0,7.016,0.0,0,0.0,0,0.0,0,0.0,20000.0,0,20000.0,0,0.0,0,0.0,0,0.0,0,0.0,0,30.83,0,116.0,0,13.54,0,3.711,0,39.317,-76.586,45.0
2025-01-10 16:48:00,2025-01-10,2025-01-10 16:48:00,101.28,0,-0.215,0,0.026,44.18,0,0.269,0.264,0,0.002,3.167,0,3.091,0,312.2,0,12.54,0.0,0,0.0,0,0.0,0,0.0,20000.0,0,20000.0,0,0.0,0,0.0,0,0.0,0,0.0,0,30.83,0,116.0,0,13.54,0,3.759,0,39.317,-76.586,45.0
2025-01-10 16:49:00,2025-01-10,2025-01-10 16:49:00,101.28,0,-0.203,0,0.033,44.18,0,0.229,0.264,0,0.002,3.069,0,2.991,0,315.5,0,12.88,0.0,0,0.0,0,0.0,0,0.0,20000.0,0,20000.0,0,0.0,0,0.0,0,0.0,0,0.0,0,30.83,0,116.0,0,13.54,0,3.804,0,39.317,-76.586,45.0
2025-01-10 16:50:00,2025-01-10,2025-01-10 16:50:00,101.28,0,-0.122,0,0.05,44.5,0,0.256,0.268,0,0.002,3.125,0,3.089,0,323.2,0,8.66,0.0,0,0.0,0,0.0,0,0.0,19652.0,0,20000.0,0,0.0,0,0.0,0,0.0,0,0.0,0,30.83,0,116.0,0,13.53,0,3.849,0,39.317,-76.586,45.0
2025-01-10 16:51:00,2025-01-10,2025-01-10 16:51:00,101.27,0,-0.087,0,0.027,44.4,0,0.248,0.268,0,0.002,2.937,0,2.893,0,304.3,0,9.92,0.0,0,0.0,0,0.0,0,0.0,20000.0,0,20000.0,0,0.0,0,0.0,0,0.0,0,0.0,0,30.83,0,116.0,0,13.53,0,3.895,0,39.317,-76.586,45.0
2025-01-10 16:52:00,2025-01-10,2025-01-10 16:52:00,101.26,0,-0.125,0,0.024,44.34,0,0.354,0.267,0,0.002,2.935,0,2.913,0,302.7,0,7.092,0.0,0,0.0,0,0.0,0,0.0,20000.0,0,20000.0,0,0.0,0,0.0,0,0.0,0,0.0,0,30.83,0,116.0,0,13.53,0,3.94,0,39.317,-76.586,45.0
2025-01-10 16:53:00,2025-01-10,2025-01-10 16:53:00,101.26,0,-0.18,0,0.024,44.25,0,0.281,0.265,0,0.002,3.211,0,3.151,0,303.8,0,11.08,0.0,0,0.0,0,0.0,0,0.0,20000.0,0,20000.0,0,0.0,0,0.0,0,0.0,0,0.0,0,30.83,0,116.0,0,13.53,0,3.988,0,39.317,-76.586,45.0
2025-01-10 16:54:00,2025-01-10,2025-01-10 16:54:00,101.26,0,-0.167,0,0.026,44.85,0,0.482,0.269,0,0.003,2.537,0,2.441,0,291.5,0,15.69,0.0,0,0.0,0,0.0,0,0.0,20000.0,0,20000.0,0,0.0,0,0.0,0,0.0,0,0.0,0,30.83,0,116.0,0,13.53,0,4.033,0,39.317,-76.586,45.0
2025-01-10 16:55:00,2025-01-10,2025-01-10 16:55:00,101.26,0,-0.138,0,0.022,45.65,0,0.541,0.274,0,0.003,3.116,0,3.079,0,287.7,0,8.87,0.0,0,0.0,0,0.0,0,0.0,20000.0,0,20000.0,0,0.0,0,0.0,0,0.0,0,0.0,0,30.83,0,116.0,0,13.53,0,4.076,0,39.317,-76.586,45.0
2025-01-10 16:56:00,2025-01-10,2025-01-10 16:56:00,101.26,0,-0.099,0,0.048,44.28,0,0.278,0.267,0,0.002,3.479,0,3.465,0,302.3,0,5.11,0.0,0,0.0,0,0.0,0,0.0,20000.0,0,20000.0,0,0.0,0,0.0,0,0.0,0,0.0,0,30.83,0,116.0,0,13.53,0,4.124,0,39.317,-76.586,45.0
2025-01-10 16:57:00,2025-01-10,2025-01-10 16:57:00,101.26,0,-0.121,0,0.029,43.47,0,0.316,0.262,0,0.002,2.664,0,2.633,0,301.9,0,8.71,0.0,0,0.0,0,0.0,0,0.0,20000.0,0,20000.0,0,0.0,0,0.0,0,0.0,0,0.0,0,30.83,0,116.0,0,13.53,0,4.167,0,39.317,-76.586,45.0
2025-01-10 16:58:00,2025-01-10,2025-01-10 16:58:00,101.26,0,-0.059,0,0.036,44.42,0,0.567,0.269,0,0.004,1.826,0,1.706,0,296.1,0,20.73,0.0,0,0.0,0,0.0,0,0.0,20000.0,0,20000.0,0,0.0,0,0.0,0,0.0,0,0.0,0,30.83,0,116.0,0,13.52,0,4.212,0,39.317,-76.586,45.0
2025-01-10 16:59:00,2025-01-10,2025-01-10 16:59:00,101.26,0,-0.016,0,0.027,45.31,0,0.276,0.276,0,0.002,2.184,0,2.044,0,270.6,0,20.5,0.0,0,0.0,0,0.0,0,0.0,20000.0,0,20000.0,0,0.0,0,0.0,0,0.0,0,0.0,0,30.83,0,116.0,0,13.52,0,4.255,0,39.317,-76.586,45.0
2025-01-10 17:00:00,2025-01-10,2025-01-10 17:00:00,101.26,0,-0.025,0,0.024,44.88,0,0.475,0.273,0,0.003,2.393,0,2.33,0,285.0,0,13.11,0.0,0,0.0,0,0.0,0,0.0,20000.0,0,20000.0,0,0.0,0,0.0,0,0.0,0,0.0,0,30.83,0,116.0,0,13.52,0,4.297,0,39.317,-76.586,45.0
2025-01-10 17:01:00,2025-01-10,2025-01-10 17:01:00,101.26,0,-0.024,0,0.025,44.11,0,0.214,0.268,0,0.002,2.192,0,2.132,0,296.2,0,13.35,0.0,0,0.0,0,0.0,0,0.0,20000.0,0,20000.0,0,0.0,0,0.0,0,0.0,0,0.0,0,30.83,0,116.0,0,13.52,0,4.34,0,39.317,-76.586,45.0
2025-01-10 17:02:00,2025-01-10,2025-01-10 17:02:00,101.25,0,0.012,0,0.03,45.05,0,0.399,0.275,0,0.003,1.944,0,1.883,0,297.6,0,14.35,0.0,0,0.0,0,0.0,0,0.0,20000.0,0,20000.0,0,0.0,0,0.0,0,0.0,0,0.0,0,30.83,0,116.0,0,13.52,0,4.383,0,39.317,-76.586,45.0
2025-01-10 17:03:00,2025-01-10,2025-01-10 17:03:00,101.25,0,0.125,0,0.033,46.62,0,0.579,0.287,0,0.004,2.987,0,2.908,0,293.1,0,13.21,0.0,0,0.0,0,0.0,0,0.0,20000.0,0,20000.0,0,0.0,0,0.0,0,0.0,0,0.0,0,30.83,0,116.0,0,13.52,0,4.426,0,39.317,-76.586,45.0
2025-01-10 17:04:00,2025-01-10,2025-01-10 17:04:00,101.24,0,0.152,0,0.026,45.45,0,0.379,0.281,0,0.002,2.453,0,2.377,0,312.2,0,14.28,0.0,0,0.0,0,0.0,0,0.0,20000.0,0,20000.0,0,0.0,0,0.0,0,0.0,0,0.0,0,30.83,0,116.0,0,13.52,0,4.468,0,39.317,-76.586,45.0
2025-01-10 17:05:00,2025-01-10,2025-01-10 17:05:00,101.24,0,0.185,0,0.025,46.79,0,0.494,0.29,0,0.003,3.342,0,3.267,0,318.9,0,12.16,0.0,0,0.0,0,0.0,0,0.0,20000.0,0,20000.0,0,0.0,0,0.0,0,0.0,0,0.0,0,30.83,0,116.0,0,13.52,0,4.514,0,39.317,-76.586,45.0
2025-01-10 17:06:00,2025-01-10,2025-01-10 17:06:00,101.24,0,0.212,0,0.024,45.93,0,0.547,0.285,0,0.003,3.172,0,3.1,0,309.4,0,12.19,0.0,0,0.0,0,0.0,0,0.0,20000.0,0,20000.0,0,0.0,0,0.0,0,0.0,0,0.0,0,30.83,0,116.0,0,13.51,0,4.562,0,39.317,-76.586,45.0
2025-01-10 17:07:00,2025-01-10,2025-01-10 17:07:00,101.25,0,0.227,0,0.026,45.8,0,0.387,0.284,0,0.003,4.238,0,4.187,0,314.3,0,8.95,0.0,0,0.0,0,0.0,0,0.0,20000.0,0,20000.0,0,0.0,0,0.0,0,0.0,0,0.0,0,30.83,0,116.0,0,13.52,0,4.607,0,39.317,-76.586,45.0
2025-01-10 17:08:00,2025-01-10,2025-01-10 17:08:00,101.25,0,0.225,0,0.024,44.4,0,0.304,0.276,0,0.002,4.116,0,4.028,0,310.2,0,11.86,0.0,0,0.0,0,0.0,0,0.0,20000.0,0,20000.0,0,0.0,0,0.0,0,0.0,0,0.0,0,30.83,0,116.0,0,13.51,0,4.655,0,39.317,-76.586,45.0
2025-01-10 17:09:00,2025-01-10,2025-01-10 17:09:00,101.25,0,0.183,0,0.031,44.39,0,0.225,0.275,0,0.002,3.912,0,3.87,0,302.8,0,8.34,0.0,0,0.0,0,0.0,0,0.0,20000.0,0,20000.0,0,0.0,0,0.0,0,0.0,0,0.0,0,30.83,0,116.0,0,13.51,0,4.701,0,39.317,-76.586,45.0
2025-01-10 17:10:00,2025-01-10,2025-01-10 17:10:00,101.25,0,0.175,0,0.027,44.44,0,0.237,0.275,0,0.002,3.905,0,3.825,0,305.0,0,11.6,0.0,0,0.0,0,0.0,0,0.0,20000.0,0,20000.0,0,0.0,0,0.0,0,0.0,0,0.0,0,30.83,0,116.0,0,13.51,0,4.744,0,39.317,-76.586,45.0
2025-01-10 17:11:00,2025-01-10,2025-01-10 17:11:00,101.25,0,0.191,0,0.029,44.42,0,0.276,0.275,0,0.002,4.278,0,4.23,0,305.6,0,8.52,0.0,0,0.0,0,0.0,0,0.0,20000.0,0,20000.0,0,0.0,0,0.0,0,0.0,0,0.0,0,30.83,0,116.0,0,13.51,0,4.786,0,39.317,-76.586,45.0
2025-01-10 17:12:00,2025-01-10,2025-01-10 17:12:00,101.25,0,0.175,0,0.029,43.87,0,0.377,0.271,0,0.003,3.879,0,3.843,0,301.0,0,7.872,0.0,0,0.0,0,0.0,0,0.0,20000.0,0,20000.0,0,0.0,0,0.0,0,0.0,0,0.0,0,30.83,0,116.0,0,13.51,0,4.826,0,39.317,-76.586,45.0
2025-01-10 17:13:00,2025-01-10,2025-01-10 17:13:00,101.25,0,0.184,0,0.027,43.27,0,0.206,0.268,0,0.001,4.136,0,4.093,0,294.8,0,8.24,0.0,0,0.0,0,0.0,0,0.0,20000.0,0,20000.0,0,0.0,0,0.0,0,0.0,0,0.0,0,30.83,0,116.0,0,13.51,0,4.866,0,39.317,-76.586,45.0
2025-01-10 17:14:00,2025-01-10,2025-01-10 17:14:00,101.25,0,0.213,0,0.026,44.03,0,0.272,0.273,0,0.002,3.242,0,3.174,0,304.7,0,11.77,0.0,0,0.0,0,0.0,0,0.0,20000.0,0,20000.0,0,0.0,0,0.0,0,0.0,0,0.0,0,30.83,0,116.0,0,13.5,0,4.901,0,39.317,-76.586,45.0
2025-01-10 17:15:00,2025-01-10,2025-01-10 17:15:00,101.25,0,0.251,0,0.026,44.11,0,0.315,0.274,0,0.002,3.628,0,3.51,0,308.7,0,14.57,0.0,0,0.0,0,0.0,0,0.0,20000.0,0,20000.0,0,0.0,0,0.0,0,0.0,0,0.0,0,30.83,0,116.0,0,13.5,0,4.939,0,39.317,-76.586,45.0
2025-01-10 17:16:00,2025-01-10,2025-01-10 17:16:00,101.25,0,0.286,0,0.027,44.15,0,0.343,0.275,0,0.002,4.113,0,4.066,0,308.5,0,8.65,0.0,0,0.0,0,0.0,0,0.0,20000.0,0,20000.0,0,0.0,0,0.0,0,0.0,0,0.0,0,30.83,0,116.0,0,13.5,0,4.974,0,39.317,-76.586,45.0
2025-01-10 17:17:00,2025-01-10,2025-01-10 17:17:00,101.26,0,0.262,0,0.04,43.79,0,0.214,0.273,0,0.002,2.782,0,2.738,0,300.6,0,10.15,0.0,0,0.0,0,0.0,0,0.0,20000.0,0,20000.0,0,0.0,0,0.0,0,0.0,0,0.0,0,30.83,0,116.0,0,13.5,0,5.008,0,39.317,-76.586,45.0
2025-01-10 17:18:00,2025-01-10,2025-01-10 17:18:00,101.26,0,0.238,0,0.025,43.41,0,0.277,0.27,0,0.002,2.149,0,2.116,0,292.0,0,10.05,0.0,0,0.0,0,0.0,0,0.0,20000.0,0,20000.0,0,0.0,0,0.0,0,0.0,0,0.0,0,30.83,0,116.0,0,13.5,0,5.043,0,39.317,-76.586,45.0
2025-01-10 17:19:00,2025-01-10,2025-01-10 17:19:00,101.26,0,0.27,0,0.025,43.4,0,0.247,0.27,0,0.002,2.827,0,2.81,0,297.9,0,6.34,0.0,0,0.0,0,0.0,0,0.0,20000.0,0,20000.0,0,0.0,0,0.0,0,0.0,0,0.0,0,30.83,0,116.0,0,13.5,0,5.073,0,39.317,-76.586,45.0
2025-01-10 17:20:00,2025-01-10,2025-01-10 17:20:00,101.25,0,0.26,0,0.032,43.66,0,0.219,0.272,0,0.002,2.604,0,2.588,0,296.8,0,6.302,0.0,0,0.0,0,0.0,0,0.0,20000.0,0,20000.0,0,0.0,0,0.0,0,0.0,0,0.0,0,30.83,0,116.0,0,13.5,0,5.105,0,39.317,-76.586,45.0
2025-01-10 17:21:00,2025-01-10,2025-01-10 17:21:00,101.26,0,0.262,0,0.036,43.56,0,0.232,0.271,0,0.002,2.445,0,2.403,0,315.1,0,10.63,0.0,0,0.0,0,0.0,0,0.0,20000.0,0,20000.0,0,0.0,0,0.0,0,0.0,0,0.0,0,30.83,0,116.0,0,13.5,0,5.134,0,39.317,-76.586,45.0
2025-01-10 17:22:00,2025-01-10,2025-01-10 17:22:00,101.26,0,0.389,0,0.047,44.13,0,0.267,0.277,0,0.002,2.386,0,2.288,0,326.1,0,16.46,0.0,0,0.0,0,0.0,0,0.0,20000.0,0,20000.0,0,0.0,0,0.0,0,0.0,0,0.0,0,30.83,0,116.0,0,13.5,0,5.161,0,39.317,-76.586,45.0
2025-01-10 17:23:00,2025-01-10,2025-01-10 17:23:00,101.26,0,0.552,0,0.044,44.5,0,0.214,0.283,0,0.002,2.011,0,1.95,0,335.0,0,14.07,0.0,0,0.0,0,0.0,0,0.0,20000.0,0,20000.0,0,0.0,0,0.0,0,0.0,0,0.0,0,30.83,0,116.0,0,13.49,0,5.191,0,39.317,-76.586,45.0
2025-01-10 17:24:00,2025-01-10,2025-01-10 17:24:00,101.25,0,0.593,0,0.029,43.95,0,0.312,0.28,0,0.002,2.376,0,2.184,0,321.5,0,23.08,0.0,0,0.0,0,0.0,0,0.0,20000.0,0,20000.0,0,0.0,0,0.0,0,0.0,0,0.0,0,30.83,0,116.0,0,13.5,0,5.217,0,39.317,-76.586,45.0
2025-01-10 17:25:00,2025-01-10,2025-01-10 17:25:00,101.25,0,0.518,0,0.042,45.42,0,0.654,0.288,0,0.004,2.228,0,2.111,0,291.7,0,18.56,0.0,0,0.0,0,0.0,0,0.0,20000.0,0,20000.0,0,0.0,0,0.0,0,0.0,0,0.0,0,30.83,0,116.0,0,13.5,0,5.244,0,39.317,-76.586,45.0
2025-01-10 17:26:00,2025-01-10,2025-01-10 17:26:00,101.25,0,0.419,0,0.032,45.85,0,0.289,0.289,0,0.002,3.133,0,3.086,0,303.1,0,9.89,0.0,0,0.0,0,0.0,0,0.0,20000.0,0,20000.0,0,0.0,0,0.0,0,0.0,0,0.0,0,30.83,0,116.0,0,13.49,0,5.271,0,39.317,-76.586,45.0
2025-01-10 17:27:00,2025-01-10,2025-01-10 17:27:00,101.25,0,0.35,0,0.031,45.57,0,0.261,0.285,0,0.002,3.241,0,3.187,0,304.0,0,10.4,0.0,0,0.0,0,0.0,0,0.0,20000.0,0,20000.0,0,0.0,0,0.0,0,0.0,0,0.0,0,30.83,0,116.0,0,13.49,0,5.298,0,39.317,-76.586,45.0
2025-01-10 17:28:00,2025-01-10,2025-01-10 17:28:00,101.25,0,0.28,0,0.038,45.14,0,0.243,0.281,0,0.002,2.568,0,2.502,0,300.0,0,12.92,0.0,0,0.0,0,0.0,0,0.0,20000.0,0,20000.0,0,0.0,0,0.0,0,0.0,0,0.0,0,30.83,0,116.0,0,13.49,0,5.325,0,39.317,-76.586,45.0
2025-01-10 17:29:00,2025-01-10,2025-01-10 17:29:00,101.25,0,0.273,0,0.031,45.83,0,0.606,0.285,0,0.004,2.708,0,2.606,0,306.0,0,15.72,0.0,0,0.0,0,0.0,0,0.0,20000.0,0,20000.0,0,0.0,0,0.0,0,0.0,0,0.0,0,30.83,0,116.0,0,13.49,0,5.349,0,39.317,-76.586,45.0
2025-01-10 17:30:00,2025-01-10,2025-01-10 17:30:00,101.26,0,0.284,0,0.029,46.81,0,0.279,0.292,0,0.002,2.705,0,2.612,0,295.2,0,15.0,0.0,0,0.0,0,0.0,0,0.0,20000.0,0,20000.0,0,0.0,0,0.0,0,0.0,0,0.0,0,30.83,0,116.0,0,13.49,0,5.368,0,39.317,-76.586,45.0
2025-01-10 17:31:00,2025-01-10,2025-01-10 17:31:00,101.26,0,0.246,0,0.028,45.3,0,0.551,0.282,0,0.004,2.674,0,2.613,0,303.6,0,12.17,0.0,0,0.0,0,0.0,0,0.0,20000.0,0,20000.0,0,0.0,0,0.0,0,0.0,0,0.0,0,30.83,0,116.0,0,13.49,0,5.387,0,39.317,-76.586,45.0
2025-01-10 17:32:00,2025-01-10,2025-01-10 17:32:00,101.26,0,0.255,0,0.028,45.04,0,0.22,0.28,0,0.001,3.09,0,3.058,0,309.6,0,8.25,0.0,0,0.0,0,0.0,0,0.0,20000.0,0,20000.0,0,0.0,0,0.0,0,0.0,0,0.0,0,30.83,0,116.0,0,13.49,0,5.406,0,39.317,-76.586,45.0
2025-01-10 17:33:00,2025-01-10,2025-01-10 17:33:00,101.26,0,0.26,0,0.028,44.73,0,0.398,0.278,0,0.003,3.936,0,3.848,0,315.6,0,12.13,0.0,0,0.0,0,0.0,0,0.0,20000.0,0,20000.0,0,0.0,0,0.0,0,0.0,0,0.0,0,30.83,0,116.0,0,13.49,0,5.419,0,39.317,-76.586,45.0
2025-01-10 17:34:00,2025-01-10,2025-01-10 17:34:00,101.26,0,0.219,0,0.032,43.85,0,0.293,0.272,0,0.002,3.311,0,3.266,0,307.4,0,9.45,0.0,0,0.0,0,0.0,0,0.0,20000.0,0,20000.0,0,0.0,0,0.0,0,0.0,0,0.0,0,30.83,0,116.0,0,13.49,0,5.43,0,39.317,-76.586,45.0
2025-01-10 17:35:00,2025-01-10,2025-01-10 17:35:00,101.26,0,0.193,0,0.028,44.1,0,0.422,0.273,0,0.003,2.594,0,2.524,0,315.4,0,13.26,0.0,0,0.0,0,0.0,0,0.0,20000.0,0,20000.0,0,0.0,0,0.0,0,0.0,0,0.0,0,30.83,0,116.0,0,13.49,0,5.438,0,39.317,-76.586,45.0
2025-01-10 17:36:00,2025-01-10,2025-01-10 17:36:00,101.25,0,0.208,0,0.026,44.79,0,0.28,0.278,0,0.002,2.457,0,2.381,0,313.0,0,14.2,0.0,0,0.0,0,0.0,0,0.0,20000.0,0,20000.0,0,0.0,0,0.0,0,0.0,0,0.0,0,30.83,0,116.0,0,13.49,0,5.44,0,39.317,-76.586,45.0
2025-01-10 17:37:00,2025-01-10,2025-01-10 17:37:00,101.25,0,0.201,0,0.028,45.56,0,0.338,0.282,0,0.002,3.505,0,3.433,0,309.8,0,11.61,0.0,0,0.0,0,0.0,0,0.0,20000.0,0,20000.0,0,0.0,0,0.0,0,0.0,0,0.0,0,30.83,0,116.0,0,13.49,0,5.443,0,39.317,-76.586,45.0
2025-01-10 17:38:00,2025-01-10,2025-01-10 17:38:00,101.25,0,0.163,0,0.03,45.05,0,0.276,0.278,0,0.002,3.36,0,3.331,0,308.2,0,7.482,0.0,0,0.0,0,0.0,0,0.0,20000.0,0,20000.0,0,0.0,0,0.0,0,0.0,0,0.0,0,30.83,0,116.0,0,13.49,0,5.442,0,39.317,-76.586,45.0
2025-01-10 17:39:00,2025-01-10,2025-01-10 17:39:00,101.25,0,0.184,0,0.031,44.44,0,0.237,0.275,0,0.002,2.555,0,2.517,0,313.9,0,9.77,0.0,0,0.0,0,0.0,0,0.0,20000.0,0,20000.0,0,0.0,0,0.0,0,0.0,0,0.0,0,30.83,0,116.0,0,13.49,0,5.437,0,39.317,-76.586,45.0
2025-01-10 17:40:00,2025-01-10,2025-01-10 17:40:00,101.25,0,0.212,0,0.024,44.28,0,0.242,0.275,0,0.002,2.618,0,2.515,0,322.7,0,16.12,0.0,0,0.0,0,0.0,0,0.0,20000.0,0,20000.0,0,0.0,0,0.0,0,0.0,0,0.0,0,30.83,0,116.0,0,13.49,0,5.432,0,39.317,-76.586,45.0
2025-01-10 17:41:00,2025-01-10,2025-01-10 17:41:00,101.25,0,0.259,0,0.029,44.13,0,0.229,0.275,0,0.002,2.499,0,2.316,0,301.9,0,21.92,0.0,0,0.0,0,0.0,0,0.0,20000.0,0,20000.0,0,0.0,0,0.0,0,0.0,0,0.0,0,30.83,0,116.0,0,13.49,0,5.424,0,39.317,-76.586,45.0
2025-01-10 17:42:00,2025-01-10,2025-01-10 17:42:00,101.25,0,0.289,0,0.027,44.41,0,0.292,0.277,0,0.002,3.704,0,3.659,0,302.2,0,9.0,0.0,0,0.0,0,0.0,0,0.0,20000.0,0,20000.0,0,0.0,0,0.0,0,0.0,0,0.0,0,30.83,0,116.0,0,13.49,0,5.418,0,39.317,-76.586,45.0
2025-01-10 17:43:00,2025-01-10,2025-01-10 17:43:00,101.24,0,0.316,0,0.033,45.04,0,0.252,0.281,0,0.002,2.989,0,2.955,0,310.5,0,8.59,0.0,0,0.0,0,0.0,0,0.0,20000.0,0,20000.0,0,0.0,0,0.0,0,0.0,0,0.0,0,30.83,0,116.0,0,13.49,0,5.413,0,39.317,-76.586,45.0
2025-01-10 17:44:00,2025-01-10,2025-01-10 17:44:00,101.24,0,0.358,0,0.025,44.85,0,0.323,0.281,0,0.002,2.948,0,2.893,0,311.4,0,11.12,0.0,0,0.0,0,0.0,0,0.0,20000.0,0,20000.0,0,0.0,0,0.0,0,0.0,0,0.0,0,30.83,0,116.0,0,13.49,0,5.405,0,39.317,-76.586,45.0
2025-01-10 17:45:00,2025-01-10,2025-01-10 17:45:00,101.22,0,0.391,0,0.04,44.09,0,0.238,0.277,0,0.002,3.584,0,3.502,0,306.3,0,12.18,0.0,0,0.0,0,0.0,0,0.0,20000.0,0,20000.0,0,0.0,0,0.0,0,0.0,0,0.0,0,30.83,0,116.0,0,13.49,0,5.4,0,39.317,-76.586,45.0
2025-01-10 17:46:00,2025-01-10,2025-01-10 17:46:00,101.22,0,0.409,0,0.024,44.13,0,0.3,0.278,0,0.002,2.956,0,2.905,0,325.1,0,10.65,0.0,0,0.0,0,0.0,0,0.0,20000.0,0,20000.0,0,0.0,0,0.0,0,0.0,0,0.0,0,30.83,0,116.0,0,13.49,0,5.397,0,39.317,-76.586,45.0
2025-01-10 17:47:00,2025-01-10,2025-01-10 17:47:00,101.2,0,0.443,0,0.033,43.64,0,0.262,0.275,0,0.002,2.625,0,2.534,0,330.4,0,15.08,0.0,0,0.0,0,0.0,0,0.0,20000.0,0,20000.0,0,0.0,0,0.0,0,0.0,0,0.0,0,30.83,0,116.0,0,13.49,0,5.397,0,39.317,-76.586,45.0
2025-01-10 17:48:00,2025-01-10,2025-01-10 17:48:00,101.19,0,0.501,0,0.03,43.45,0,0.289,0.275,0,0.002,3.342,0,3.308,0,332.1,0,8.2,0.0,0,0.0,0,0.0,0,0.0,20000.0,0,20000.0,0,0.0,0,0.0,0,0.0,0,0.0,0,30.83,0,116.0,0,13.49,0,5.399,0,39.317,-76.586,45.0
2025-01-10 17:49:00,2025-01-10,2025-01-10 17:49:00,101.18,0,0.523,0,0.029,43.29,0,0.513,0.275,0,0.003,2.365,0,2.271,0,311.1,0,16.15,0.0,0,0.0,0,0.0,0,0.0,20000.0,0,20000.0,0,0.0,0,0.0,0,0.0,0,0.0,0,30.83,0,116.0,0,13.49,0,5.402,0,39.317,-76.586,45.0
2025-01-10 17:50:00,2025-01-10,2025-01-10 17:50:00,101.18,0,0.496,0,0.02,43.82,0,0.375,0.277,0,0.002,2.584,0,2.465,0,330.0,0,17.39,0.0,0,0.0,0,0.0,0,0.0,20000.0,0,20000.0,0,0.0,0,0.0,0,0.0,0,0.0,0,30.83,0,116.0,0,13.49,0,5.41,0,39.317,-76.586,45.0
2025-01-10 17:51:00,2025-01-10,2025-01-10 17:51:00,101.17,0,0.561,0,0.025,43.63,0,0.248,0.278,0,0.002,2.555,0,2.505,0,333.5,0,11.28,0.0,0,0.0,0,0.0,0,0.0,20000.0,0,20000.0,0,0.0,0,0.0,0,0.0,0,0.0,0,30.83,0,116.0,0,13.49,0,5.418,0,39.317,-76.586,45.0
2025-01-10 17:52:00,2025-01-10,2025-01-10 17:52:00,101.17,0,0.588,0,0.027,43.74,0,0.222,0.279,0,0.002,2.821,0,2.646,0,325.9,0,20.15,0.0,0,0.0,0,0.0,0,0.0,20000.0,0,20000.0,0,0.0,0,0.0,0,0.0,0,0.0,0,30.83,0,116.0,0,13.49,0,5.429,0,39.317,-76.586,45.0
2025-01-10 17:53:00,2025-01-10,2025-01-10 17:53:00,101.17,0,0.594,0,0.023,43.83,0,0.242,0.279,0,0.002,2.574,0,2.414,0,319.1,0,20.19,0.0,0,0.0,0,0.0,0,0.0,20000.0,0,20000.0,0,0.0,0,0.0,0,0.0,0,0.0,0,30.83,0,116.0,0,13.48,0,5.439,0,39.317,-76.586,45.0
2025-01-10 17:54:00,2025-01-10,2025-01-10 17:54:00,101.17,0,0.56,0,0.028,43.72,0,0.245,0.278,0,0.002,3.878,0,3.838,0,332.2,0,8.13,0.0,0,0.0,0,0.0,0,0.0,20000.0,0,20000.0,0,0.0,0,0.0,0,0.0,0,0.0,0,30.83,0,116.0,0,13.48,0,5.453,0,39.317,-76.586,45.0
2025-01-10 17:55:00,2025-01-10,2025-01-10 17:55:00,101.17,0,0.526,0,0.024,43.78,0,0.364,0.278,0,0.002,2.556,0,2.502,0,320.5,0,11.76,0.0,0,0.0,0,0.0,0,0.0,20000.0,0,20000.0,0,0.0,0,0.0,0,0.0,0,0.0,0,30.83,0,116.0,0,13.48,0,5.469,0,39.317,-76.586,45.0
2025-01-10 17:56:00,2025-01-10,2025-01-10 17:56:00,101.17,0,0.528,0,0.039,44.45,0,0.343,0.282,0,0.002,2.844,0,2.746,0,332.9,0,14.99,0.0,0,0.0,0,0.0,0,0.0,20000.0,0,20000.0,0,0.0,0,0.0,0,0.0,0,0.0,0,30.83,0,116.0,0,13.48,0,5.483,0,39.317,-76.586,45.0
2025-01-10 17:57:00,2025-01-10,2025-01-10 17:57:00,101.17,0,0.516,0,0.039,44.28,0,0.374,0.281,0,0.003,3.071,0,3.001,0,310.1,0,12.22,0.0,0,0.0,0,0.0,0,0.0,20000.0,0,20000.0,0,0.0,0,0.0,0,0.0,0,0.0,0,30.83,0,116.0,0,13.48,0,5.496,0,39.317,-76.586,45.0
2025-01-10 17:58:00,2025-01-10,2025-01-10 17:58:00,101.16,0,0.454,0,0.03,43.38,0,0.271,0.274,0,0.002,2.978,0,2.93,0,304.9,0,10.21,0.0,0,0.0,0,0.0,0,0.0,20000.0,0,20000.0,0,0.0,0,0.0,0,0.0,0,0.0,0,30.83,0,116.0,0,13.48,0,5.507,0,39.317,-76.586,45.0
2025-01-10 17:59:00,2025-01-10,2025-01-10 17:59:00,101.15,0,0.396,0,0.026,43.65,0,0.276,0.274,0,0.002,3.209,0,3.154,0,303.6,0,10.66,0.0,0,0.0,0,0.0,0,0.0,20000.0,0,20000.0,0,0.0,0,0.0,0,0.0,0,0.0,0,30.83,0,116.0,0,13.48,0,5.52,0,39.317,-76.586,45.0
2025-01-10 18:00:00,2025-01-10,2025-01-10 18:00:00,101.14,0,0.365,0,0.026,43.69,0,0.219,0.274,0,0.001,3.353,0,3.325,0,305.6,0,7.444,0.0,0,0.0,0,0.0,0,0.0,20000.0,0,20000.0,0,0.0,0,0.0,0,0.0,0,0.0,0,30.83,0,116.0,0,13.48,0,5.531,0,39.317,-76.586,45.0
2025-01-10 18:01:00,2025-01-10,2025-01-10 18:01:00,101.14,0,0.413,0,0.038,43.69,0,0.265,0.275,0,0.002,2.448,0,2.385,0,324.1,0,13.06,0.0,0,0.0,0,0.0,0,0.0,20000.0,0,20000.0,0,0.0,0,0.0,0,0.0,0,0.0,0,30.83,0,116.0,0,13.48,0,5.542,0,39.317,-76.586,45.0
2025-01-10 18:02:00,2025-01-10,2025-01-10 18:02:00,101.14,0,0.466,0,0.027,43.8,0,0.247,0.277,0,0.002,1.911,0,1.737,0,331.0,0,24.42,0.0,0,0.0,0,0.0,0,0.0,20000.0,0,20000.0,0,0.0,0,0.0,0,0.0,0,0.0,0,30.83,0,116.0,0,13.48,0,5.552,0,39.317,-76.586,45.0
2025-01-10 18:03:00,2025-01-10,2025-01-10 18:03:00,101.14,0,0.508,0,0.025,44.69,0,0.375,0.283,0,0.003,3.303,0,3.282,0,315.7,0,6.427,0.0,0,0.0,0,0.0,0,0.0,20000.0,0,20000.0,0,0.0,0,0.0,0,0.0,0,0.0,0,30.83,0,116.0,0,13.48,0,5.563,0,39.317,-76.586,45.0
2025-01-10 18:04:00,2025-01-10,2025-01-10 18:04:00,101.14,0,0.519,0,0.021,43.92,0,0.424,0.279,0,0.003,2.635,0,2.622,0,313.5,0,5.597,0.0,0,0.0,0,0.0,0,0.0,20000.0,0,20000.0,0,0.0,0,0.0,0,0.0,0,0.0,0,30.83,0,116.0,0,13.48,0,5.577,0,39.317,-76.586,45.0
2025-01-10 18:05:00,2025-01-10,2025-01-10 18:05:00,101.14,0,0.545,0,0.029,42.9,0,0.283,0.273,0,0.002,2.767,0,2.751,0,312.9,0,6.154,0.0,0,0.0,0,0.0,0,0.0,20000.0,0,20000.0,0,0.0,0,0.0,0,0.0,0,0.0,0,30.83,0,116.0,0,13.48,0,5.593,0,39.317,-76.586,45.0
2025-01-10 18:06:00,2025-01-10,2025-01-10 18:06:00,101.15,0,0.594,0,0.03,43.31,0,0.538,0.276,0,0.004,2.056,0,2.021,0,330.8,0,10.58,0.0,0,0.0,0,0.0,0,0.0,20000.0,0,20000.0,0,0.0,0,0.0,0,0.0,0,0.0,0,30.83,0,116.0,0,13.48,0,5.606,0,39.317,-76.586,45.0
2025-01-10 18:07:00,2025-01-10,2025-01-10 18:07:00,101.15,0,0.664,0,0.04,44.03,0,0.228,0.282,0,0.002,1.785,0,1.701,0,323.7,0,17.6,0.0,0,0.0,0,0.0,0,0.0,20000.0,0,20000.0,0,0.0,0,0.0,0,0.0,0,0.0,0,30.83,0,116.0,0,13.48,0,5.623,0,39.317,-76.586,45.0
2025-01-10 18:08:00,2025-01-10,2025-01-10 18:08:00,101.15,0,0.731,0,0.025,44.58,0,0.289,0.287,0,0.002,2.092,0,2.031,0,303.5,0,13.84,0.0,0,0.0,0,0.0,0,0.0,20000.0,0,20000.0,0,0.0,0,0.0,0,0.0,0,0.0,0,30.83,0,116.0,0,13.48,0,5.639,0,39.317,-76.586,45.0
2025-01-10 18:09:00,2025-01-10,2025-01-10 18:09:00,101.15,0,0.75,0,0.028,44.6,0,0.333,0.288,0,0.002,2.287,0,2.253,0,324.6,0,9.89,0.0,0,0.0,0,0.0,0,0.0,20000.0,0,20000.0,0,0.0,0,0.0,0,0.0,0,0.0,0,30.83,0,116.0,0,13.48,0,5.66,0,39.317,-76.586,45.0
2025-01-10 18:10:00,2025-01-10,2025-01-10 18:10:00,101.15,0,0.779,0,0.028,43.44,0,0.363,0.281,0,0.002,1.877,0,1.837,0,335.0,0,11.77,0.0,0,0.0,0,0.0,0,0.0,20000.0,0,20000.0,0,0.0,0,0.0,0,0.0,0,0.0,0,30.83,0,116.0,0,13.48,0,5.679,0,39.317,-76.586,45.0
2025-01-10 18:11:00,2025-01-10,2025-01-10 18:11:00,101.15,0,0.813,0,0.026,43.19,0,0.204,0.28,0,0.002,2.357,0,2.284,0,345.5,0,14.26,0.0,0,0.0,0,0.0,0,0.0,20000.0,0,20000.0,0,0.0,0,0.0,0,0.0,0,0.0,0,30.83,0,116.0,0,13.48,0,5.703,0,39.317,-76.586,45.0
2025-01-10 18:12:00,2025-01-10,2025-01-10 18:12:00,101.14,0,0.791,0,0.023,43.82,0,0.302,0.283,0,0.002,3.116,0,3.085,0,301.8,0,8.08,0.0,0,0.0,0,0.0,0,0.0,20000.0,0,20000.0,0,0.0,0,0.0,0,0.0,0,0.0,0,30.83,0,116.0,0,13.48,0,5.725,0,39.317,-76.586,45.0
2025-01-10 18:13:00,2025-01-10,2025-01-10 18:13:00,101.15,0,0.783,0,0.046,43.51,0,0.355,0.281,0,0.003,2.938,0,2.925,0,300.8,0,5.427,0.0,0,0.0,0,0.0,0,0.0,20000.0,0,20000.0,0,0.0,0,0.0,0,0.0,0,0.0,0,30.83,0,116.0,0,13.48,0,5.749,0,39.317,-76.586,45.0
2025-01-10 18:14:00,2025-01-10,2025-01-10 18:14:00,101.15,0,0.725,0,0.029,43.63,0,0.263,0.281,0,0.002,2.581,0,2.443,0,307.2,0,18.74,0.0,0,0.0,0,0.0,0,0.0,20000.0,0,20000.0,0,0.0,0,0.0,0,0.0,0,0.0,0,30.83,0,116.0,0,13.48,0,5.773,0,39.317,-76.586,45.0
2025-01-10 18:15:00,2025-01-10,2025-01-10 18:15:00,101.16,0,0.738,0,0.029,43.59,0,0.296,0.281,0,0.002,2.385,0,2.332,0,319.6,0,12.05,0.0,0,0.0,0,0.0,0,0.0,20000.0,0,20000.0,0,0.0,0,0.0,0,0.0,0,0.0,0,30.83,0,116.0,0,13.48,0,5.8,0,39.317,-76.586,45.0
2025-01-10 18:16:00,2025-01-10,2025-01-10 18:16:00,101.15,0,0.771,0,0.028,43.49,0,0.428,0.281,0,0.003,1.728,0,1.707,0,319.5,0,8.91,0.0,0,0.0,0,0.0,0,0.0,20000.0,0,20000.0,0,0.0,0,0.0,0,0.0,0,0.0,0,30.83,0,116.0,0,13.48,0,5.825,0,39.317,-76.586,45.0
2025-01-10 18:17:00,2025-01-10,2025-01-10 18:17:00,101.15,0,0.768,0,0.029,42.97,0,0.222,0.277,0,0.002,2.184,0,2.089,0,332.1,0,16.83,0.0,0,0.0,0,0.0,0,0.0,20000.0,0,20000.0,0,0.0,0,0.0,0,0.0,0,0.0,0,30.83,0,116.0,0,13.48,0,5.846,0,39.317,-76.586,45.0
2025-01-10 18:18:00,2025-01-10,2025-01-10 18:18:00,101.15,0,0.753,0,0.025,43.03,0,0.257,0.278,0,0.002,2.066,0,2.015,0,350.5,0,12.74,0.0,0,0.0,0,0.0,0,0.0,20000.0,0,20000.0,0,0.0,0,0.0,0,0.0,0,0.0,0,30.83,0,116.0,0,13.47,0,5.873,0,39.317,-76.586,45.0
2025-01-10 18:19:00,2025-01-10,2025-01-10 18:19:00,101.14,0,0.777,0,0.028,43.34,0,0.238,0.28,0,0.002,2.71,0,2.592,0,339.4,0,16.85,0.0,0,0.0,0,0.0,0,0.0,20000.0,0,20000.0,0,0.0,0,0.0,0,0.0,0,0.0,0,30.83,0,116.0,0,13.48,0,5.895,0,39.317,-76.586,45.0
2025-01-10 18:20:00,2025-01-10,2025-01-10 18:20:00,101.13,0,0.819,0,0.033,43.72,0,0.245,0.283,0,0.002,2.243,0,2.203,0,311.4,0,10.79,0.0,0,0.0,0,0.0,0,0.0,20000.0,0,20000.0,0,0.0,0,0.0,0,0.0,0,0.0,0,30.83,0,116.0,0,13.48,0,5.917,0,39.317,-76.586,45.0
2025-01-10 18:21:00,2025-01-10,2025-01-10 18:21:00,101.13,0,0.759,0,0.037,44.11,0,0.458,0.285,0,0.003,2.499,0,2.302,0,289.6,0,22.76,0.0,0,0.0,0,0.0,0,0.0,20000.0,0,20000.0,0,0.0,0,0.0,0,0.0,0,0.0,0,30.83,0,116.0,0,13.47,0,5.938,0,39.317,-76.586,45.0
2025-01-10 18:22:00,2025-01-10,2025-01-10 18:22:00,101.14,0,0.697,0,0.031,44.57,0,0.251,0.286,0,0.001,2.496,0,2.445,0,290.8,0,11.6,0.0,0,0.0,0,0.0,0,0.0,20000.0,0,20000.0,0,0.0,0,0.0,0,0.0,0,0.0,0,30.83,0,116.0,0,13.47,0,5.959,0,39.317,-76.586,45.0
2025-01-10 18:23:00,2025-01-10,2025-01-10 18:23:00,101.14,0,0.638,0,0.025,45.24,0,0.385,0.289,0,0.002,2.762,0,2.731,0,302.7,0,8.52,0.0,0,0.0,0,0.0,0,0.0,20000.0,0,20000.0,0,0.0,0,0.0,0,0.0,0,0.0,0,30.83,0,116.0,0,13.47,0,5.978,0,39.317,-76.586,45.0
2025-01-10 18:24:00,2025-01-10,2025-01-10 18:24:00,101.15,0,0.634,0,0.024,45.58,0,0.218,0.291,0,0.002,3.29,0,3.17,0,286.7,0,15.45,0.0,0,0.0,0,0.0,0,0.0,20000.0,0,20000.0,0,0.0,0,0.0,0,0.0,0,0.0,0,30.83,0,116.0,0,13.47,0,5.994,0,39.317,-76.586,45.0
2025-01-10 18:25:00,2025-01-10,2025-01-10 18:25:00,101.14,0,0.623,0,0.031,44.77,0,0.493,0.286,0,0.003,3.404,0,3.29,0,267.1,0,14.79,0.0,0,0.0,0,0.0,0,0.0,20000.0,0,20000.0,0,0.0,0,0.0,0,0.0,0,0.0,0,30.83,0,116.0,0,13.47,0,6.008,0,39.317,-76.586,45.0
2025-01-10 18:26:00,2025-01-10,2025-01-10 18:26:00,101.15,0,0.617,0,0.026,43.83,0,0.337,0.28,0,0.002,3.089,0,2.929,0,273.5,0,18.43,0.0,0,0.0,0,0.0,0,0.0,20000.0,0,20000.0,0,0.0,0,0.0,0,0.0,0,0.0,0,30.83,0,116.0,0,13.47,0,6.021,0,39.317,-76.586,45.0
2025-01-10 18:27:00,2025-01-10,2025-01-10 18:27:00,101.15,0,0.599,0,0.025,45.04,0,0.37,0.287,0,0.002,2.754,0,2.677,0,280.1,0,13.54,0.0,0,0.0,0,0.0,0,0.0,20000.0,0,20000.0,0,0.0,0,0.0,0,0.0,0,0.0,0,30.83,0,116.0,0,13.47,0,6.032,0,39.317,-76.586,45.0
2025-01-10 18:28:00,2025-01-10,2025-01-10 18:28:00,101.15,0,0.584,0,0.027,45.62,0,0.276,0.291,0,0.002,3.098,0,3.027,0,288.2,0,12.3,0.0,0,0.0,0,0.0,0,0.0,20000.0,0,20000.0,0,0.0,0,0.0,0,0.0,0,0.0,0,30.83,0,116.0,0,13.47,0,6.037,0,39.317,-76.586,45.0
2025-01-10 18:29:00,2025-01-10,2025-01-10 18:29:00,101.15,0,0.563,0,0.043,45.21,0,0.466,0.288,0,0.003,3.543,0,3.493,0,295.1,0,9.56,0.0,0,0.0,0,0.0,0,0.0,20000.0,0,20000.0,0,0.0,0,0.0,0,0.0,0,0.0,0,30.83,0,116.0,0,13.47,0,6.043,0,39.317,-76.586,45.0
2025-01-10 18:30:00,2025-01-10,2025-01-10 18:30:00,101.15,0,0.576,0,0.019,44.46,0,0.23,0.283,0,0.002,3.688,0,3.644,0,305.6,0,8.9,0.0,0,0.0,0,0.0,0,0.0,20000.0,0,20000.0,0,0.0,0,0.0,0,0.0,0,0.0,0,30.83,0,116.0,0,13.47,0,6.046,0,39.317,-76.586,45.0
2025-01-10 18:31:00,2025-01-10,2025-01-10 18:31:00,101.15,0,0.543,0,0.027,44.45,0,0.22,0.282,0,0.002,3.748,0,3.698,0,305.0,0,9.42,0.0,0,0.0,0,0.0,0,0.0,20000.0,0,20000.0,0,0.0,0,0.0,0,0.0,0,0.0,0,30.83,0,116.0,0,13.47,0,6.048,0,39.317,-76.586,45.0
2025-01-10 18:32:00,2025-01-10,2025-01-10 18:32:00,101.16,0,0.537,0,0.025,45.02,0,0.444,0.286,0,0.003,2.852,0,2.74,0,291.5,0,16.05,0.0,0,0.0,0,0.0,0,0.0,20000.0,0,20000.0,0,0.0,0,0.0,0,0.0,0,0.0,0,30.83,0,116.0,0,13.47,0,6.045,0,39.317,-76.586,45.0
2025-01-10 18:33:00,2025-01-10,2025-01-10 18:33:00,101.16,0,0.562,0,0.03,45.78,0,0.261,0.291,0,0.002,3.285,0,3.211,0,285.1,0,12.12,0.0,0,0.0,0,0.0,0,0.0,20000.0,0,20000.0,0,0.0,0,0.0,0,0.0,0,0.0,0,30.83,0,116.0,0,13.47,0,6.045,0,39.317,-76.586,45.0
2025-01-10 18:34:00,2025-01-10,2025-01-10 18:34:00,101.16,0,0.581,0,0.028,45.5,0,0.439,0.29,0,0.003,2.386,0,2.336,0,291.7,0,11.77,0.0,0,0.0,0,0.0,0,0.0,20000.0,0,20000.0,0,0.0,0,0.0,0,0.0,0,0.0,0,30.83,0,116.0,0,13.47,0,6.043,0,39.317,-76.586,45.0
2025-01-10 18:35:00,2025-01-10,2025-01-10 18:35:00,101.16,0,0.529,0,0.034,46.25,0,0.301,0.294,0,0.002,3.455,0,3.379,0,289.4,0,12.0,0.0,0,0.0,0,0.0,0,0.0,20000.0,0,20000.0,0,0.0,0,0.0,0,0.0,0,0.0,0,30.83,0,116.0,0,13.47,0,6.04,0,39.317,-76.586,45.0
2025-01-10 18:36:00,2025-01-10,2025-01-10 18:36:00,101.16,0,0.495,0,0.024,45.07,0,0.638,0.285,0,0.004,3.677,0,3.599,0,284.9,0,11.74,0.0,0,0.0,0,0.0,0,0.0,20000.0,0,20000.0,0,0.0,0,0.0,0,0.0,0,0.0,0,30.83,0,116.0,0,13.47,0,6.034,0,39.317,-76.586,45.0
2025-01-10 18:37:00,2025-01-10,2025-01-10 18:37:00,101.16,0,0.473,0,0.026,44.82,0,0.298,0.283,0,0.002,3.37,0,3.341,0,287.4,0,7.466,0.0,0,0.0,0,0.0,0,0.0,20000.0,0,20000.0,0,0.0,0,0.0,0,0.0,0,0.0,0,30.83,0,116.0,0,13.47,0,6.032,0,39.317,-76.586,45.0
2025-01-10 18:38:00,2025-01-10,2025-01-10 18:38:00,101.17,0,0.417,0,0.026,45.72,0,0.237,0.288,0,0.002,2.568,0,2.523,0,296.8,0,10.71,0.0,0,0.0,0,0.0,0,0.0,20000.0,0,20000.0,0,0.0,0,0.0,0,0.0,0,0.0,0,30.83,0,116.0,0,13.47,0,6.024,0,39.317,-76.586,45.0
2025-01-10 18:39:00,2025-01-10,2025-01-10 18:39:00,101.17,0,0.407,0,0.028,45.42,0,0.212,0.286,0,0.001,2.817,0,2.749,0,287.6,0,12.63,0.0,0,0.0,0,0.0,0,0.0,20000.0,0,20000.0,0,0.0,0,0.0,0,0.0,0,0.0,0,30.83,0,116.0,0,13.47,0,6.016,0,39.317,-76.586,45.0
2025-01-10 18:40:00,2025-01-10,2025-01-10 18:40:00,101.17,0,0.417,0,0.022,45.49,0,0.411,0.286,0,0.002,2.587,0,2.511,0,287.6,0,13.94,0.0,0,0.0,0,0.0,0,0.0,20000.0,0,20000.0,0,0.0,0,0.0,0,0.0,0,0.0,0,30.83,0,116.0,0,13.47,0,6.005,0,39.317,-76.586,45.0
2025-01-10 18:41:00,2025-01-10,2025-01-10 18:41:00,101.17,0,0.411,0,0.027,45.94,0,0.455,0.289,0,0.003,3.098,0,2.892,0,277.4,0,20.91,0.0,0,0.0,0,0.0,0,0.0,20000.0,0,20000.0,0,0.0,0,0.0,0,0.0,0,0.0,0,30.83,0,116.0,0,13.47,0,5.994,0,39.317,-76.586,45.0
2025-01-10 18:42:00,2025-01-10,2025-01-10 18:42:00,101.17,0,0.433,0,0.025,45.36,0,0.238,0.286,0,0.002,3.143,0,3.061,0,280.2,0,13.01,0.0,0,0.0,0,0.0,0,0.0,20000.0,0,20000.0,0,0.0,0,0.0,0,0.0,0,0.0,0,30.83,0,116.0,0,13.47,0,5.981,0,39.317,-76.586,45.0
2025-01-10 18:43:00,2025-01-10,2025-01-10 18:43:00,101.16,0,0.479,0,0.025,45.03,0,0.231,0.285,0,0.002,2.899,0,2.792,0,284.1,0,15.59,0.0,0,0.0,0,0.0,0,0.0,20000.0,0,20000.0,0,0.0,0,0.0,0,0.0,0,0.0,0,30.83,0,116.0,0,13.47,0,5.97,0,39.317,-76.586,45.0
2025-01-10 18:44:00,2025-01-10,2025-01-10 18:44:00,101.16,0,0.477,0,0.027,45.4,0,0.239,0.287,0,0.002,3.036,0,2.921,0,287.2,0,15.79,0.0,0,0.0,0,0.0,0,0.0,20000.0,0,20000.0,0,0.0,0,0.0,0,0.0,0,0.0,0,30.83,0,116.0,0,13.47,0,5.954,0,39.317,-76.586,45.0
2025-01-10 18:45:00,2025-01-10,2025-01-10 18:45:00,101.15,0,0.485,0,0.026,45.62,0,0.309,0.289,0,0.002,3.557,0,3.474,0,297.5,0,12.39,0.0,0,0.0,0,0.0,0,0.0,20000.0,0,20000.0,0,0.0,0,0.0,0,0.0,0,0.0,0,30.83,0,116.0,0,13.47,0,5.937,0,39.317,-76.586,45.0
2025-01-10 18:46:00,2025-01-10,2025-01-10 18:46:00,101.15,0,0.464,0,0.023,46.41,0,0.27,0.293,0,0.002,2.734,0,2.676,0,291.8,0,11.8,0.0,0,0.0,0,0.0,0,0.0,20000.0,0,20000.0,0,0.0,0,0.0,0,0.0,0,0.0,0,30.83,0,116.0,0,13.47,0,5.918,0,39.317,-76.586,45.0
2025-01-10 18:47:00,2025-01-10,2025-01-10 18:47:00,101.14,0,0.449,0,0.027,47.34,0,0.5,0.299,0,0.003,3.223,0,3.17,0,294.7,0,10.35,0.0,0,0.0,0,0.0,0,0.0,20000.0,0,20000.0,0,0.0,0,0.0,0,0.0,0,0.0,0,30.83,0,116.0,0,13.47,0,5.902,0,39.317,-76.586,45.0
2025-01-10 18:48:00,2025-01-10,2025-01-10 18:48:00,101.14,0,0.49,0,0.042,46.55,0,0.748,0.295,0,0.004,2.646,0,2.615,0,295.9,0,8.74,0.0,0,0.0,0,0.0,0,0.0,20000.0,0,20000.0,0,0.0,0,0.0,0,0.0,0,0.0,0,30.83,0,116.0,0,13.47,0,5.883,0,39.317,-76.586,45.0
2025-01-10 18:49:00,2025-01-10,2025-01-10 18:49:00,101.14,0,0.581,0,0.037,45.25,0,0.334,0.288,0,0.002,2.094,0,2.045,0,296.4,0,12.35,0.0,0,0.0,0,0.0,0,0.0,20000.0,0,20000.0,0,0.0,0,0.0,0,0.0,0,0.0,0,30.83,0,116.0,0,13.47,0,5.862,0,39.317,-76.586,45.0
2025-01-10 18:50:00,2025-01-10,2025-01-10 18:50:00,101.14,0,0.631,0,0.024,45.1,0,0.279,0.288,0,0.002,3.419,0,3.388,0,300.8,0,7.71,0.0,0,0.0,0,0.0,0,0.0,20000.0,0,20000.0,0,0.0,0,0.0,0,0.0,0,0.0,0,30.83,0,116.0,0,13.47,0,5.843,0,39.317,-76.586,45.0
2025-01-10 18:51:00,2025-01-10,2025-01-10 18:51:00,101.14,0,0.67,0,0.033,44.93,0,0.421,0.288,0,0.003,2.363,0,2.302,0,314.1,0,13.01,0.0,0,0.0,0,0.0,0,0.0,20000.0,0,20000.0,0,0.0,0,0.0,0,0.0,0,0.0,0,30.83,0,116.0,0,13.47,0,5.827,0,39.317,-76.586,45.0
2025-01-10 18:52:00,2025-01-10,2025-01-10 18:52:00,101.14,0,0.69,0,0.023,45.13,0,0.474,0.29,0,0.003,2.416,0,2.378,0,312.4,0,10.07,0.0,0,0.0,0,0.0,0,0.0,20000.0,0,20000.0,0,0.0,0,0.0,0,0.0,0,0.0,0,30.83,0,116.0,0,13.48,0,5.808,0,39.317,-76.586,45.0
2025-01-10 18:53:00,2025-01-10,2025-01-10 18:53:00,101.13,0,0.744,0,0.023,44.61,0,0.318,0.288,0,0.002,2.367,0,2.331,0,311.4,0,9.98,0.0,0,0.0,0,0.0,0,0.0,20000.0,0,20000.0,0,0.0,0,0.0,0,0.0,0,0.0,0,30.83,0,116.0,0,13.48,0,5.792,0,39.317,-76.586,45.0
2025-01-10 18:54:00,2025-01-10,2025-01-10 18:54:00,101.12,0,0.776,0,0.027,45.31,0,0.264,0.293,0,0.002,1.705,0,1.689,0,308.4,0,7.999,0.0,0,0.0,0,0.0,0,0.0,20000.0,0,20000.0,0,0.0,0,0.0,0,0.0,0,0.0,0,30.83,0,116.0,0,13.47,0,5.773,0,39.317,-76.586,45.0
2025-01-10 18:55:00,2025-01-10,2025-01-10 18:55:00,101.12,0,0.772,0,0.02,46.58,0,0.45,0.301,0,0.003,2.95,0,2.92,0,294.5,0,8.15,0.0,0,0.0,0,0.0,0,0.0,20000.0,0,20000.0,0,0.0,0,0.0,0,0.0,0,0.0,0,30.83,0,116.0,0,13.48,0,5.757,0,39.317,-76.586,45.0
2025-01-10 18:56:00,2025-01-10,2025-01-10 18:56:00,101.12,0,0.772,0,0.037,44.94,0,0.543,0.29,0,0.004,3.85,0,3.815,0,299.3,0,7.648,0.0,0,0.0,0,0.0,0,0.0,20000.0,0,20000.0,0,0.0,0,0.0,0,0.0,0,0.0,0,30.83,0,116.0,0,13.48,0,5.741,0,39.317,-76.586,45.0
2025-01-10 18:57:00,2025-01-10,2025-01-10 18:57:00,101.12,0,0.778,0,0.023,43.85,0,0.235,0.283,0,0.002,2.868,0,2.849,0,295.0,0,6.657,0.0,0,0.0,0,0.0,0,0.0,20000.0,0,20000.0,0,0.0,0,0.0,0,0.0,0,0.0,0,30.83,0,116.0,0,13.48,0,5.727,0,39.317,-76.586,45.0
2025-01-10 18:58:00,2025-01-10,2025-01-10 18:58:00,101.12,0,0.799,0,0.033,43.56,0,0.265,0.282,0,0.002,2.332,0,2.28,0,304.7,0,12.12,0.0,0,0.0,0,0.0,0,0.0,20000.0,0,20000.0,0,0.0,0,0.0,0,0.0,0,0.0,0,30.83,0,116.0,0,13.48,0,5.714,0,39.317,-76.586,45.0
2025-01-10 18:59:00,2025-01-10,2025-01-10 18:59:00,101.12,0,0.851,0,0.03,43.25,0,0.252,0.281,0,0.002,1.552,0,1.535,0,288.5,0,8.38,0.0,0,0.0,0,0.0,0,0.0,20000.0,0,20000.0,0,0.0,0,0.0,0,0.0,0,0.0,0,30.83,0,116.0,0,13.48,0,5.7,0,39.317,-76.586,45.0
2025-01-10 19:00:00,2025-01-10,2025-01-10 19:00:00,101.12,0,0.868,0,0.025,43.69,0,0.229,0.284,0,0.002,1.594,0,1.55,0,291.8,0,13.42,0.0,0,0.0,0,0.0,0,0.0,20000.0,0,20000.0,0,0.0,0,0.0,0,0.0,0,0.0,0,30.83,0,116.0,0,13.47,0,5.69,0,39.317,-76.586,45.0
2025-01-10 19:01:00,2025-01-10,2025-01-10 19:01:00,101.11,0,0.865,0,0.026,44.35,0,0.483,0.288,0,0.003,1.326,0,1.273,0,279.8,0,16.26,0.0,0,0.0,0,0.0,0,0.0,20000.0,0,20000.0,0,0.0,0,0.0,0,0.0,0,0.0,0,30.83,0,116.0,0,13.48,0,5.676,0,39.317,-76.586,45.0
2025-01-10 19:02:00,2025-01-10,2025-01-10 19:02:00,101.11,0,0.883,0,0.028,44.55,0,0.327,0.29,0,0.002,2.009,0,1.922,0,287.1,0,16.82,0.0,0,0.0,0,0.0,0,0.0,20000.0,0,20000.0,0,0.0,0,0.0,0,0.0,0,0.0,0,30.83,0,116.0,0,13.48,0,5.668,0,39.317,-76.586,45.0
2025-01-10 19:03:00,2025-01-10,2025-01-10 19:03:00,101.11,0,0.885,0,0.025,43.98,0,0.279,0.286,0,0.002,2.963,0,2.778,0,295.7,0,20.22,0.0,0,0.0,0,0.0,0,0.0,20000.0,0,20000.0,0,0.0,0,0.0,0,0.0,0,0.0,0,30.83,0,116.0,0,13.48,0,5.657,0,39.317,-76.586,45.0
2025-01-10 19:04:00,2025-01-10,2025-01-10 19:04:00,101.11,0,0.848,0,0.028,43.74,0,0.239,0.284,0,0.002,3.345,0,3.236,0,286.0,0,14.65,0.0,0,0.0,0,0.0,0,0.0,20000.0,0,20000.0,0,0.0,0,0.0,0,0.0,0,0.0,0,30.83,0,116.0,0,13.48,0,5.649,0,39.317,-76.586,45.0
2025-01-10 19:05:00,2025-01-10,2025-01-10 19:05:00,101.12,0,0.831,0,0.026,43.81,0,0.287,0.284,0,0.002,2.331,0,2.244,0,290.4,0,15.6,0.0,0,0.0,0,0.0,0,0.0,20000.0,0,20000.0,0,0.0,0,0.0,0,0.0,0,0.0,0,30.83,0,116.0,0,13.48,0,5.641,0,39.317,-76.586,45.0
2025-01-10 19:06:00,2025-01-10,2025-01-10 19:06:00,101.12,0,0.791,0,0.023,44.57,0,0.306,0.288,0,0.002,1.926,0,1.876,0,266.5,0,13.04,0.0,0,0.0,0,0.0,0,0.0,20000.0,0,20000.0,0,0.0,0,0.0,0,0.0,0,0.0,0,30.83,0,116.0,0,13.48,0,5.636,0,39.317,-76.586,45.0
2025-01-10 19:07:00,2025-01-10,2025-01-10 19:07:00,101.12,0,0.789,0,0.065,45.48,0,0.249,0.294,0,0.002,2.858,0,2.748,0,277.6,0,15.89,0.0,0,0.0,0,0.0,0,0.0,20000.0,0,20000.0,0,0.0,0,0.0,0,0.0,0,0.0,0,30.83,0,116.0,0,13.48,0,5.625,0,39.317,-76.586,45.0
2025-01-10 19:08:00,2025-01-10,2025-01-10 19:08:00,101.11,0,0.804,0,0.027,45.22,0,0.28,0.293,0,0.002,2.911,0,2.875,0,278.7,0,8.92,0.0,0,0.0,0,0.0,0,0.0,20000.0,0,20000.0,0,0.0,0,0.0,0,0.0,0,0.0,0,30.83,0,116.0,0,13.48,0,5.62,0,39.317,-76.586,45.0
2025-01-10 19:09:00,2025-01-10,2025-01-10 19:09:00,101.12,0,0.813,0,0.032,44.43,0,0.506,0.288,0,0.003,2.488,0,2.436,0,297.6,0,11.63,0.0,0,0.0,0,0.0,0,0.0,20000.0,0,20000.0,0,0.0,0,0.0,0,0.0,0,0.0,0,30.83,0,116.0,0,13.48,0,5.612,0,39.317,-76.586,45.0
2025-01-10 19:10:00,2025-01-10,2025-01-10 19:10:00,101.11,0,0.765,0,0.05,46.3,0,0.597,0.299,0,0.004,2.341,0,2.289,0,293.9,0,12.0,0.0,0,0.0,0,0.0,0,0.0,20000.0,0,20000.0,0,0.0,0,0.0,0,0.0,0,0.0,0,30.83,0,116.0,0,13.48,0,5.601,0,39.317,-76.586,45.0
2025-01-10 19:11:00,2025-01-10,2025-01-10 19:11:00,101.11,0,0.795,0,0.038,46.38,0,0.455,0.3,0,0.003,3.419,0,3.362,0,283.4,0,10.44,0.0,0,0.0,0,0.0,0,0.0,20000.0,0,20000.0,0,0.0,0,0.0,0,0.0,0,0.0,0,30.83,0,116.0,0,13.48,0,5.593,0,39.317,-76.586,45.0
2025-01-10 19:12:00,2025-01-10,2025-01-10 19:12:00,101.11,0,0.846,0,0.026,44.96,0,0.372,0.292,0,0.002,3.085,0,3.041,0,289.4,0,9.75,0.0,0,0.0,0,0.0,0,0.0,20000.0,0,20000.0,0,0.0,0,0.0,0,0.0,0,0.0,0,30.83,0,116.0,0,13.48,0,5.585,0,39.317,-76.586,45.0
2025-01-10 19:13:00,2025-01-10,2025-01-10 19:13:00,101.11,0,0.857,0,0.025,44.09,0,0.221,0.287,0,0.002,2.558,0,2.484,0,288.2,0,13.77,0.0,0,0.0,0,0.0,0,0.0,20000.0,0,20000.0,0,0.0,0,0.0,0,0.0,0,0.0,0,30.83,0,116.0,0,13.48,0,5.577,0,39.317,-76.586,45.0
2025-01-10 19:14:00,2025-01-10,2025-01-10 19:14:00,101.1,0,0.849,0,0.026,44.13,0,0.341,0.287,0,0.002,2.007,0,1.913,0,268.6,0,17.6,0.0,0,0.0,0,0.0,0,0.0,20000.0,0,20000.0,0,0.0,0,0.0,0,0.0,0,0.0,0,30.83,0,116.0,0,13.48,0,5.566,0,39.317,-76.586,45.0
2025-01-10 19:15:00,2025-01-10,2025-01-10 19:15:00,101.1,0,0.822,0,0.029,44.08,0,0.261,0.286,0,0.002,2.182,0,2.116,0,280.5,0,14.08,0.0,0,0.0,0,0.0,0,0.0,20000.0,0,20000.0,0,0.0,0,0.0,0,0.0,0,0.0,0,30.83,0,116.0,0,13.48,0,5.561,0,39.317,-76.586,45.0
2025-01-10 19:16:00,2025-01-10,2025-01-10 19:16:00,101.1,0,0.854,0,0.03,43.96,0,0.228,0.286,0,0.002,3.45,0,3.428,0,288.2,0,6.408,0.0,0,0.0,0,0.0,0,0.0,20000.0,0,20000.0,0,0.0,0,0.0,0,0.0,0,0.0,0,30.83,0,116.0,0,13.48,0,5.552,0,39.317,-76.586,45.0
2025-01-10 19:17:00,2025-01-10,2025-01-10 19:17:00,101.1,0,0.898,0,0.029,43.85,0,0.246,0.286,0,0.002,2.718,0,2.654,0,284.4,0,12.46,0.0,0,0.0,0,0.0,0,0.0,20000.0,0,20000.0,0,0.0,0,0.0,0,0.0,0,0.0,0,30.83,0,116.0,0,13.48,0,5.544,0,39.317,-76.586,45.0
2025-01-10 19:18:00,2025-01-10,2025-01-10 19:18:00,101.09,0,0.926,0,0.019,43.64,0,0.236,0.285,0,0.002,3.402,0,3.298,0,295.3,0,14.15,0.0,0,0.0,0,0.0,0,0.0,20000.0,0,20000.0,0,0.0,0,0.0,0,0.0,0,0.0,0,30.83,0,116.0,0,13.48,0,5.534,0,39.317,-76.586,45.0
2025-01-10 19:19:00,2025-01-10,2025-01-10 19:19:00,101.09,0,0.928,0,0.023,43.69,0,0.245,0.285,0,0.002,2.778,0,2.711,0,283.9,0,12.6,0.0,0,0.0,0,0.0,0,0.0,20000.0,0,20000.0,0,0.0,0,0.0,0,0.0,0,0.0,0,30.83,0,116.0,0,13.48,0,5.526,0,39.317,-76.586,45.0
2025-01-10 19:20:00,2025-01-10,2025-01-10 19:20:00,101.09,0,0.934,0,0.028,44.0,0,0.212,0.287,0,0.002,2.164,0,2.014,0,275.6,0,21.34,0.0,0,0.0,0,0.0,0,0.0,20000.0,0,20000.0,0,0.0,0,0.0,0,0.0,0,0.0,0,30.83,0,116.0,0,13.48,0,5.518,0,39.317,-76.586,45.0
2025-01-10 19:21:00,2025-01-10,2025-01-10 19:21:00,101.08,0,0.929,0,0.025,44.32,0,0.246,0.29,0,0.002,3.229,0,3.188,0,283.2,0,9.19,0.0,0,0.0,0,0.0,0,0.0,20000.0,0,20000.0,0,0.0,0,0.0,0,0.0,0,0.0,0,30.83,0,116.0,0,13.48,0,5.51,0,39.317,-76.586,45.0
2025-01-10 19:22:00,2025-01-10,2025-01-10 19:22:00,101.09,0,0.95,0,0.028,43.47,0,0.331,0.284,0,0.002,2.115,0,2.053,0,273.7,0,13.94,0.0,0,0.0,0,0.0,0,0.0,20000.0,0,20000.0,0,0.0,0,0.0,0,0.0,0,0.0,0,30.83,0,116.0,0,13.48,0,5.504,0,39.317,-76.586,45.0
2025-01-10 19:23:00,2025-01-10,2025-01-10 19:23:00,101.09,0,0.917,0,0.027,44.48,0,0.419,0.29,0,0.003,2.198,0,2.087,0,275.6,0,18.2,0.0,0,0.0,0,0.0,0,0.0,20000.0,0,20000.0,0,0.0,0,0.0,0,0.0,0,0.0,0,30.83,0,116.0,0,13.48,0,5.496,0,39.317,-76.586,45.0
2025-01-10 19:24:00,2025-01-10,2025-01-10 19:24:00,101.09,0,0.911,0,0.028,44.99,0,0.43,0.294,0,0.003,2.674,0,2.62,0,276.2,0,11.45,0.0,0,0.0,0,0.0,0,0.0,20000.0,0,20000.0,0,0.0,0,0.0,0,0.0,0,0.0,0,30.83,0,116.0,0,13.48,0,5.491,0,39.317,-76.586,45.0
2025-01-10 19:25:00,2025-01-10,2025-01-10 19:25:00,101.09,0,0.948,0,0.036,44.41,0,0.319,0.291,0,0.002,2.945,0,2.921,0,287.2,0,7.312,0.0,0,0.0,0,0.0,0,0.0,20000.0,0,20000.0,0,0.0,0,0.0,0,0.0,0,0.0,0,30.83,0,116.0,0,13.48,0,5.485,0,39.317,-76.586,45.0
2025-01-10 19:26:00,2025-01-10,2025-01-10 19:26:00,101.09,0,0.959,0,0.042,43.74,0,0.242,0.286,0,0.002,2.956,0,2.931,0,285.2,0,7.54,0.0,0,0.0,0,0.0,0,0.0,20000.0,0,20000.0,0,0.0,0,0.0,0,0.0,0,0.0,0,30.83,0,116.0,0,13.48,0,5.477,0,39.317,-76.586,45.0
2025-01-10 19:27:00,2025-01-10,2025-01-10 19:27:00,101.09,0,0.929,0,0.024,43.81,0,0.313,0.286,0,0.002,2.22,0,2.18,0,296.3,0,10.85,0.0,0,0.0,0,0.0,0,0.0,20000.0,0,20000.0,0,0.0,0,0.0,0,0.0,0,0.0,0,30.83,0,116.0,0,13.48,0,5.475,0,39.317,-76.586,45.0
2025-01-10 19:28:00,2025-01-10,2025-01-10 19:28:00,101.08,0,0.914,0,0.024,44.39,0,0.253,0.29,0,0.002,1.962,0,1.854,0,285.9,0,19.01,0.0,0,0.0,0,0.0,0,0.0,20000.0,0,20000.0,0,0.0,0,0.0,0,0.0,0,0.0,0,30.83,0,116.0,0,13.48,0,5.467,0,39.317,-76.586,45.0
2025-01-10 19:29:00,2025-01-10,2025-01-10 19:29:00,101.08,0,0.908,0,0.026,44.75,0,0.242,0.292,0,0.002,2.512,0,2.477,0,258.1,0,9.6,0.0,0,0.0,0,0.0,0,0.0,20000.0,0,20000.0,0,0.0,0,0.0,0,0.0,0,0.0,0,30.83,0,116.0,0,13.48,0,5.458,0,39.317,-76.586,45.0
2025-01-10 19:30:00,2025-01-10,2025-01-10 19:30:00,101.08,0,0.911,0,0.02,44.6,0,0.308,0.291,0,0.002,2.045,0,1.964,0,260.6,0,16.07,0.0,0,0.0,0,0.0,0,0.0,20000.0,0,20000.0,0,0.0,0,0.0,0,0.0,0,0.0,0,30.83,0,116.0,0,13.48,0,5.453,0,39.317,-76.586,45.0
2025-01-10 19:31:00,2025-01-10,2025-01-10 19:31:00,101.08,0,0.859,0,0.03,45.57,0,0.293,0.296,0,0.002,2.581,0,2.541,0,288.6,0,10.03,0.0,0,0.0,0,0.0,0,0.0,20000.0,0,20000.0,0,0.0,0,0.0,0,0.0,0,0.0,0,30.83,0,116.0,0,13.48,0,5.445,0,39.317,-76.586,45.0
2025-01-10 19:32:00,2025-01-10,2025-01-10 19:32:00,101.08,0,0.864,0,0.03,45.12,0,0.242,0.293,0,0.002,2.115,0,2.022,0,265.3,0,17.0,0.0,0,0.0,0,0.0,0,0.0,20000.0,0,20000.0,0,0.0,0,0.0,0,0.0,0,0.0,0,30.83,0,116.0,0,13.48,0,5.434,0,39.317,-76.586,45.0
2025-01-10 19:33:00,2025-01-10,2025-01-10 19:33:00,101.07,0,0.856,0,0.03,45.34,0,0.296,0.295,0,0.002,2.22,0,2.151,0,273.5,0,14.2,0.0,0,0.0,0,0.0,0,0.0,20000.0,0,20000.0,0,0.0,0,0.0,0,0.0,0,0.0,0,30.83,0,116.0,0,13.48,0,5.426,0,39.317,-76.586,45.0
2025-01-10 19:34:00,2025-01-10,2025-01-10 19:34:00,101.07,0,0.878,0,0.023,44.67,0,0.25,0.291,0,0.002,1.632,0,1.567,0,283.0,0,16.17,0.0,0,0.0,0,0.0,0,0.0,20000.0,0,20000.0,0,0.0,0,0.0,0,0.0,0,0.0,0,30.83,0,116.0,0,13.48,0,5.416,0,39.317,-76.586,45.0
2025-01-10 19:35:00,2025-01-10,2025-01-10 19:35:00,101.07,0,0.898,0,0.022,44.9,0,0.256,0.293,0,0.002,1.498,0,1.45,0,269.6,0,14.52,0.0,0,0.0,0,0.0,0,0.0,20000.0,0,20000.0,0,0.0,0,0.0,0,0.0,0,0.0,0,30.83,0,116.0,0,13.48,0,5.405,0,39.317,-76.586,45.0
2025-01-10 19:36:00,2025-01-10,2025-01-10 19:36:00,101.07,0,0.885,0,0.022,45.7,0,0.316,0.298,0,0.002,2.166,0,2.036,0,278.9,0,19.81,0.0,0,0.0,0,0.0,0,0.0,20000.0,0,20000.0,0,0.0,0,0.0,0,0.0,0,0.0,0,30.83,0,116.0,0,13.48,0,5.394,0,39.317,-76.586,45.0
2025-01-10 19:37:00,2025-01-10,2025-01-10 19:37:00,101.08,0,0.911,0,0.034,44.76,0,0.629,0.292,0,0.004,3.515,0,3.485,0,284.4,0,7.515,0.0,0,0.0,0,0.0,0,0.0,20000.0,0,20000.0,0,0.0,0,0.0,0,0.0,0,0.0,0,30.83,0,116.0,0,13.48,0,5.384,0,39.317,-76.586,45.0
2025-01-10 19:38:00,2025-01-10,2025-01-10 19:38:00,101.08,0,0.937,0,0.028,43.69,0,0.342,0.286,0,0.002,2.88,0,2.821,0,284.2,0,11.58,0.0,0,0.0,0,0.0,0,0.0,20000.0,0,20000.0,0,0.0,0,0.0,0,0.0,0,0.0,0,30.83,0,116.0,0,13.48,0,5.376,0,39.317,-76.586,45.0
2025-01-10 19:39:00,2025-01-10,2025-01-10 19:39:00,101.08,0,0.95,0,0.02,43.73,0,0.272,0.286,0,0.002,3.009,0,2.931,0,277.9,0,13.0,0.0,0,0.0,0,0.0,0,0.0,20000.0,0,20000.0,0,0.0,0,0.0,0,0.0,0,0.0,0,30.83,0,116.0,0,13.48,0,5.368,0,39.317,-76.586,45.0
2025-01-10 19:40:00,2025-01-10,2025-01-10 19:40:00,101.08,0,0.947,0,0.029,43.49,0,0.313,0.284,0,0.002,2.731,0,2.696,0,277.9,0,9.12,0.0,0,0.0,0,0.0,0,0.0,20000.0,0,20000.0,0,0.0,0,0.0,0,0.0,0,0.0,0,30.83,0,116.0,0,13.48,0,5.357,0,39.317,-76.586,45.0
2025-01-10 19:41:00,2025-01-10,2025-01-10 19:41:00,101.07,0,0.983,0,0.031,42.99,0,0.278,0.282,0,0.002,2.082,0,1.959,0,272.9,0,19.73,0.0,0,0.0,0,0.0,0,0.0,20000.0,0,20000.0,0,0.0,0,0.0,0,0.0,0,0.0,0,30.83,0,116.0,0,13.48,0,5.349,0,39.317,-76.586,45.0
2025-01-10 19:42:00,2025-01-10,2025-01-10 19:42:00,101.07,0,0.969,0,0.032,44.75,0,0.851,0.293,0,0.005,1.279,0,1.252,0,275.1,0,11.75,0.0,0,0.0,0,0.0,0,0.0,20000.0,0,20000.0,0,0.0,0,0.0,0,0.0,0,0.0,0,30.83,0,116.0,0,13.48,0,5.34,0,39.317,-76.586,45.0
2025-01-10 19:43:00,2025-01-10,2025-01-10 19:43:00,101.07,0,0.953,0,0.024,45.67,0,0.233,0.299,0,0.002,1.463,0,1.411,0,282.2,0,15.28,0.0,0,0.0,0,0.0,0,0.0,20000.0,0,20000.0,0,0.0,0,0.0,0,0.0,0,0.0,0,30.83,0,116.0,0,13.48,0,5.332,0,39.317,-76.586,45.0
2025-01-10 19:44:00,2025-01-10,2025-01-10 19:44:00,101.07,0,1.011,0,0.034,44.89,0,0.358,0.295,0,0.002,2.533,0,2.516,0,293.8,0,6.657,0.0,0,0.0,0,0.0,0,0.0,20000.0,0,20000.0,0,0.0,0,0.0,0,0.0,0,0.0,0,30.83,0,116.0,0,13.48,0,5.324,0,39.317,-76.586,45.0
2025-01-10 19:45:00,2025-01-10,2025-01-10 19:45:00,101.07,0,1.057,0,0.023,43.91,0,0.258,0.29,0,0.002,2.612,0,2.571,0,284.0,0,10.15,0.0,0,0.0,0,0.0,0,0.0,20000.0,0,20000.0,0,0.0,0,0.0,0,0.0,0,0.0,0,30.83,0,116.0,0,13.49,0,5.319,0,39.317,-76.586,45.0
2025-01-10 19:46:00,2025-01-10,2025-01-10 19:46:00,101.07,0,1.068,0,0.035,43.4,0,0.323,0.286,0,0.002,2.494,0,2.473,0,279.2,0,7.417,0.0,0,0.0,0,0.0,0,0.0,20000.0,0,20000.0,0,0.0,0,0.0,0,0.0,0,0.0,0,30.83,0,116.0,0,13.49,0,5.313,0,39.317,-76.586,45.0
2025-01-10 19:47:00,2025-01-10,2025-01-10 19:47:00,101.06,0,1.101,0,0.025,42.21,0,0.31,0.279,0,0.002,1.867,0,1.793,0,288.0,0,16.09,0.0,0,0.0,0,0.0,0,0.0,20000.0,0,20000.0,0,0.0,0,0.0,0,0.0,0,0.0,0,30.83,0,116.0,0,13.48,0,5.311,0,39.317,-76.586,45.0
2025-01-10 19:48:00,2025-01-10,2025-01-10 19:48:00,101.06,0,1.083,0,0.035,42.95,0,0.813,0.284,0,0.005,1.356,0,1.249,0,287.9,0,22.68,0.0,0,0.0,0,0.0,0,0.0,20000.0,0,20000.0,0,0.0,0,0.0,0,0.0,0,0.0,0,30.83,0,116.0,0,13.49,0,5.311,0,39.317,-76.586,45.0
2025-01-10 19:49:00,2025-01-10,2025-01-10 19:49:00,101.06,0,1.039,0,0.028,44.43,0,0.264,0.293,0,0.002,3.195,0,3.152,0,291.7,0,9.38,0.0,0,0.0,0,0.0,0,0.0,20000.0,0,20000.0,0,0.0,0,0.0,0,0.0,0,0.0,0,30.83,0,116.0,0,13.49,0,5.311,0,39.317,-76.586,45.0
2025-01-10 19:50:00,2025-01-10,2025-01-10 19:50:00,101.06,0,1.091,0,0.027,43.54,0,0.432,0.288,0,0.003,2.626,0,2.572,0,288.5,0,11.61,0.0,0,0.0,0,0.0,0,0.0,20000.0,0,20000.0,0,0.0,0,0.0,0,0.0,0,0.0,0,30.83,0,116.0,0,13.49,0,5.311,0,39.317,-76.586,45.0
2025-01-10 19:51:00,2025-01-10,2025-01-10 19:51:00,101.06,0,1.067,0,0.028,43.87,0,0.227,0.289,0,0.002,2.568,0,2.497,0,284.9,0,13.43,0.0,0,0.0,0,0.0,0,0.0,20000.0,0,20000.0,0,0.0,0,0.0,0,0.0,0,0.0,0,30.83,0,116.0,0,13.48,0,5.314,0,39.317,-76.586,45.0
2025-01-10 19:52:00,2025-01-10,2025-01-10 19:52:00,101.05,0,1.078,0,0.028,43.59,0,0.311,0.288,0,0.002,2.92,0,2.878,0,271.5,0,9.79,0.0,0,0.0,0,0.0,0,0.0,20000.0,0,20000.0,0,0.0,0,0.0,0,0.0,0,0.0,0,30.83,0,116.0,0,13.49,0,5.316,0,39.317,-76.586,45.0
2025-01-10 19:53:00,2025-01-10,2025-01-10 19:53:00,101.04,0,1.105,0,0.025,43.07,0,0.225,0.285,0,0.002,2.107,0,2.059,0,276.5,0,12.28,0.0,0,0.0,0,0.0,0,0.0,20000.0,0,20000.0,0,0.0,0,0.0,0,0.0,0,0.0,0,30.83,0,116.0,0,13.49,0,5.319,0,39.317,-76.586,45.0
2025-01-10 19:54:00,2025-01-10,2025-01-10 19:54:00,101.03,0,1.109,0,0.035,43.29,0,0.249,0.287,0,0.002,2.873,0,2.807,0,283.8,0,12.31,0.0,0,0.0,0,0.0,0,0.0,20000.0,0,20000.0,0,0.0,0,0.0,0,0.0,0,0.0,0,30.83,0,116.0,0,13.49,0,5.327,0,39.317,-76.586,45.0
2025-01-10 19:55:00,2025-01-10,2025-01-10 19:55:00,101.02,0,1.142,0,0.031,42.78,0,0.247,0.284,0,0.002,3.688,0,3.659,0,283.9,0,7.169,0.0,0,0.0,0,0.0,0,0.0,20000.0,0,20000.0,0,0.0,0,0.0,0,0.0,0,0.0,0,30.83,0,116.0,0,13.49,0,5.333,0,39.317,-76.586,45.0
2025-01-10 19:56:00,2025-01-10,2025-01-10 19:56:00,101.01,0,1.179,0,0.03,42.72,0,0.235,0.284,0,0.002,3.407,0,3.339,0,298.7,0,11.47,0.0,0,0.0,0,0.0,0,0.0,20000.0,0,20000.0,0,0.0,0,0.0,0,0.0,0,0.0,0,30.83,0,116.0,0,13.49,0,5.341,0,39.317,-76.586,45.0
2025-01-10 19:57:00,2025-01-10,2025-01-10 19:57:00,101.01,0,1.151,0,0.054,42.94,0,0.374,0.285,0,0.002,2.599,0,2.509,0,292.6,0,15.06,0.0,0,0.0,0,0.0,0,0.0,20000.0,0,20000.0,0,0.0,0,0.0,0,0.0,0,0.0,0,30.83,0,116.0,0,13.49,0,5.351,0,39.317,-76.586,45.0
2025-01-10 19:58:00,2025-01-10,2025-01-10 19:58:00,101.01,0,1.108,0,0.025,44.3,0,0.375,0.293,0,0.002,2.515,0,2.429,0,296.5,0,15.05,0.0,0,0.0,0,0.0,0,0.0,20000.0,0,20000.0,0,0.0,0,0.0,0,0.0,0,0.0,0,30.83,0,116.0,0,13.48,0,5.362,0,39.317,-76.586,45.0
2025-01-10 19:59:00,2025-01-10,2025-01-10 19:59:00,101.01,0,1.074,0,0.033,45.03,0,0.326,0.297,0,0.002,2.515,0,2.45,0,290.5,0,13.06,0.0,0,0.0,0,0.0,0,0.0,20000.0,0,20000.0,0,0.0,0,0.0,0,0.0,0,0.0,0,30.83,0,116.0,0,13.48,0,5.375,0,39.317,-76.586,45.0
2025-01-10 20:00:00,2025-01-10,2025-01-10 20:00:00,101.0,0,1.07,0,0.025,44.7,0,0.339,0.295,0,0.002,2.608,0,2.526,0,287.6,0,14.37,0.0,0,0.0,0,0.0,0,0.0,20000.0,0,20000.0,0,0.0,0,0.0,0,0.0,0,0.0,0,30.83,0,116.0,0,13.48,0,5.389,0,39.317,-76.586,45.0
2025-01-10 20:01:00,2025-01-10,2025-01-10 20:01:00,101.0,0,1.052,0,0.026,43.44,0,0.381,0.286,0,0.003,2.543,0,2.523,0,300.1,0,7.29,0.0,0,0.0,0,0.0,0,0.0,20000.0,0,20000.0,0,0.0,0,0.0,0,0.0,0,0.0,0,30.83,0,116.0,0,13.48,0,5.408,0,39.317,-76.586,45.0
2025-01-10 20:02:00,2025-01-10,2025-01-10 20:02:00,100.99,0,1.053,0,0.046,43.02,0,0.233,0.284,0,0.002,2.604,0,2.578,0,308.8,0,8.06,0.0,0,0.0,0,0.0,0,0.0,20000.0,0,20000.0,0,0.0,0,0.0,0,0.0,0,0.0,0,30.83,0,116.0,0,13.48,0,5.423,0,39.317,-76.586,45.0
2025-01-10 20:03:00,2025-01-10,2025-01-10 20:03:00,100.99,0,1.051,0,0.024,43.44,0,0.328,0.286,0,0.002,2.582,0,2.507,0,290.6,0,13.85,0.0,0,0.0,0,0.0,0,0.0,20000.0,0,20000.0,0,0.0,0,0.0,0,0.0,0,0.0,0,30.83,0,116.0,0,13.48,0,5.443,0,39.317,-76.586,45.0
2025-01-10 20:04:00,2025-01-10,2025-01-10 20:04:00,100.99,0,1.077,0,0.029,43.27,0,0.292,0.286,0,0.002,3.347,0,3.316,0,284.2,0,7.813,0.0,0,0.0,0,0.0,0,0.0,20000.0,0,20000.0,0,0.0,0,0.0,0,0.0,0,0.0,0,30.83,0,116.0,0,13.48,0,5.462,0,39.317,-76.586,45.0
2025-01-10 20:05:00,2025-01-10,2025-01-10 20:05:00,100.98,0,1.083,0,0.033,42.68,0,0.379,0.282,0,0.003,2.706,0,2.683,0,268.7,0,7.484,0.0,0,0.0,0,0.0,0,0.0,20000.0,0,20000.0,0,0.0,0,0.0,0,0.0,0,0.0,0,30.83,0,116.0,0,13.48,0,5.48,0,39.317,-76.586,45.0
2025-01-10 20:06:00,2025-01-10,2025-01-10 20:06:00,100.98,0,1.037,0,0.048,42.62,0,0.285,0.281,0,0.002,2.751,0,2.686,0,271.4,0,12.37,0.0,0,0.0,0,0.0,0,0.0,20000.0,0,20000.0,0,0.0,0,0.0,0,0.0,0,0.0,0,30.83,0,116.0,0,13.48,0,5.502,0,39.317,-76.586,45.0
2025-01-10 20:07:00,2025-01-10,2025-01-10 20:07:00,100.98,0,1.03,0,0.022,42.7,0,0.329,0.281,0,0.002,2.092,0,2.027,0,276.2,0,14.27,0.0,0,0.0,0,0.0,0,0.0,20000.0,0,20000.0,0,0.0,0,0.0,0,0.0,0,0.0,0,30.83,0,116.0,0,13.48,0,5.518,0,39.317,-76.586,45.0
2025-01-10 20:08:00,2025-01-10,2025-01-10 20:08:00,100.98,0,1.039,0,0.037,43.48,0,0.291,0.286,0,0.002,2.236,0,2.176,0,264.1,0,13.29,0.0,0,0.0,0,0.0,0,0.0,20000.0,0,20000.0,0,0.0,0,0.0,0,0.0,0,0.0,0,30.83,0,116.0,0,13.48,0,5.534,0,39.317,-76.586,45.0
2025-01-10 20:09:00,2025-01-10,2025-01-10 20:09:00,100.98,0,0.997,0,0.019,44.15,0,0.254,0.29,0,0.002,2.383,0,2.328,0,282.3,0,12.28,0.0,0,0.0,0,0.0,0,0.0,20000.0,0,20000.0,0,0.0,0,0.0,0,0.0,0,0.0,0,30.83,0,116.0,0,13.48,0,5.55,0,39.317,-76.586,45.0
2025-01-10 20:10:00,2025-01-10,2025-01-10 20:10:00,100.97,0,1.027,0,0.029,43.41,0,0.322,0.286,0,0.002,1.682,0,1.665,0,294.4,0,8.29,0.0,0,0.0,0,0.0,0,0.0,20000.0,0,20000.0,0,0.0,0,0.0,0,0.0,0,0.0,0,30.83,0,116.0,0,13.48,0,5.564,0,39.317,-76.586,45.0
2025-01-10 20:11:00,2025-01-10,2025-01-10 20:11:00,100.96,0,1.018,0,0.025,43.98,0,0.234,0.289,0,0.002,2.538,0,2.466,0,279.9,0,13.66,0.0,0,0.0,0,0.0,0,0.0,20000.0,0,20000.0,0,0.0,0,0.0,0,0.0,0,0.0,0,30.83,0,116.0,0,13.48,0,5.577,0,39.317,-76.586,45.0
2025-01-10 20:12:00,2025-01-10,2025-01-10 20:12:00,100.95,0,1.058,0,0.038,43.47,0,0.252,0.287,0,0.002,2.279,0,2.229,0,291.4,0,11.96,0.0,0,0.0,0,0.0,0,0.0,20000.0,0,20000.0,0,0.0,0,0.0,0,0.0,0,0.0,0,30.83,0,116.0,0,13.48,0,5.593,0,39.317,-76.586,45.0
2025-01-10 20:13:00,2025-01-10,2025-01-10 20:13:00,100.95,0,1.124,0,0.039,42.76,0,0.315,0.283,0,0.002,2.571,0,2.503,0,302.3,0,13.19,0.0,0,0.0,0,0.0,0,0.0,20000.0,0,20000.0,0,0.0,0,0.0,0,0.0,0,0.0,0,30.83,0,116.0,0,13.48,0,5.609,0,39.317,-76.586,45.0
2025-01-10 20:14:00,2025-01-10,2025-01-10 20:14:00,100.94,0,1.16,0,0.028,42.22,0,0.229,0.28,0,0.002,2.528,0,2.494,0,306.4,0,9.51,0.0,0,0.0,0,0.0,0,0.0,20000.0,0,20000.0,0,0.0,0,0.0,0,0.0,0,0.0,0,30.83,0,116.0,0,13.48,0,5.631,0,39.317,-76.586,45.0
2025-01-10 20:15:00,2025-01-10,2025-01-10 20:15:00,100.94,0,1.147,0,0.024,42.45,0,0.24,0.282,0,0.002,2.54,0,2.514,0,308.7,0,8.17,0.0,0,0.0,0,0.0,0,0.0,20000.0,0,20000.0,0,0.0,0,0.0,0,0.0,0,0.0,0,30.83,0,116.0,0,13.48,0,5.655,0,39.317,-76.586,45.0
2025-01-10 20:16:00,2025-01-10,2025-01-10 20:16:00,100.93,0,1.105,0,0.031,42.47,0,0.233,0.281,0,0.002,2.651,0,2.618,0,299.2,0,9.0,0.0,0,0.0,0,0.0,0,0.0,20000.0,0,20000.0,0,0.0,0,0.0,0,0.0,0,0.0,0,30.83,0,116.0,0,13.48,0,5.679,0,39.317,-76.586,45.0
2025-01-10 20:17:00,2025-01-10,2025-01-10 20:17:00,100.93,0,1.048,0,0.023,42.07,0,0.23,0.277,0,0.002,1.735,0,1.721,0,305.8,0,7.197,0.0,0,0.0,0,0.0,0,0.0,20000.0,0,20000.0,0,0.0,0,0.0,0,0.0,0,0.0,0,30.83,0,116.0,0,13.48,0,5.703,0,39.317,-76.586,45.0
2025-01-10 20:18:00,2025-01-10,2025-01-10 20:18:00,100.92,0,1.045,0,0.045,42.41,0,0.487,0.279,0,0.003,1.823,0,1.75,0,295.9,0,16.17,0.0,0,0.0,0,0.0,0,0.0,20000.0,0,20000.0,0,0.0,0,0.0,0,0.0,0,0.0,0,30.83,0,116.0,0,13.48,0,5.728,0,39.317,-76.586,45.0
2025-01-10 20:19:00,2025-01-10,2025-01-10 20:19:00,100.91,0,1.048,0,0.034,44.08,0,0.609,0.29,0,0.004,1.661,0,1.642,0,311.7,0,8.65,0.0,0,0.0,0,0.0,0,0.0,20000.0,0,20000.0,0,0.0,0,0.0,0,0.0,0,0.0,0,30.83,0,116.0,0,13.48,0,5.752,0,39.317,-76.586,45.0
2025-01-10 20:20:00,2025-01-10,2025-01-10 20:20:00,100.91,0,1.01,0,0.02,45.8,0,0.268,0.301,0,0.002,1.754,0,1.697,0,312.8,0,14.57,0.0,0,0.0,0,0.0,0,0.0,20000.0,0,20000.0,0,0.0,0,0.0,0,0.0,0,0.0,0,30.83,0,116.0,0,13.47,0,5.776,0,39.317,-76.586,45.0
2025-01-10 20:21:00,2025-01-10,2025-01-10 20:21:00,100.91,0,1.013,0,0.022,45.54,0,0.566,0.299,0,0.004,2.229,0,2.175,0,326.1,0,12.61,0.0,0,0.0,0,0.0,0,0.0,20000.0,0,20000.0,0,0.0,0,0.0,0,0.0,0,0.0,0,30.83,0,116.0,0,13.48,0,5.798,0,39.317,-76.586,45.0
2025-01-10 20:22:00,2025-01-10,2025-01-10 20:22:00,100.91,0,1.045,0,0.038,44.38,0,0.479,0.292,0,0.003,2.308,0,2.269,0,301.7,0,10.56,0.0,0,0.0,0,0.0,0,0.0,20000.0,0,20000.0,0,0.0,0,0.0,0,0.0,0,0.0,0,30.83,0,116.0,0,13.48,0,5.819,0,39.317,-76.586,45.0
2025-01-10 20:23:00,2025-01-10,2025-01-10 20:23:00,100.92,0,1.138,0,0.037,42.89,0,0.387,0.284,0,0.002,2.635,0,2.592,0,290.0,0,10.27,0.0,0,0.0,0,0.0,0,0.0,20000.0,0,20000.0,0,0.0,0,0.0,0,0.0,0,0.0,0,30.83,0,116.0,0,13.48,0,5.844,0,39.317,-76.586,45.0
2025-01-10 20:24:00,2025-01-10,2025-01-10 20:24:00,100.92,0,1.199,0,0.03,42.85,0,0.278,0.285,0,0.002,2.406,0,2.378,0,279.7,0,8.76,0.0,0,0.0,0,0.0,0,0.0,20000.0,0,20000.0,0,0.0,0,0.0,0,0.0,0,0.0,0,30.83,0,116.0,0,13.48,0,5.868,0,39.317,-76.586,45.0
2025-01-10 20:25:00,2025-01-10,2025-01-10 20:25:00,100.92,0,1.247,0,0.027,42.66,0,0.264,0.285,0,0.002,2.001,0,1.902,0,270.1,0,18.03,0.0,0,0.0,0,0.0,0,0.0,20000.0,0,20000.0,0,0.0,0,0.0,0,0.0,0,0.0,0,30.83,0,116.0,0,13.47,0,5.897,0,39.317,-76.586,45.0
2025-01-10 20:26:00,2025-01-10,2025-01-10 20:26:00,100.92,0,1.23,0,0.03,43.12,0,0.444,0.288,0,0.003,2.19,0,2.162,0,284.2,0,9.18,0.0,0,0.0,0,0.0,0,0.0,20000.0,0,20000.0,0,0.0,0,0.0,0,0.0,0,0.0,0,30.83,0,116.0,0,13.47,0,5.93,0,39.317,-76.586,45.0
2025-01-10 20:27:00,2025-01-10,2025-01-10 20:27:00,100.91,0,1.19,0,0.029,43.35,0,0.292,0.289,0,0.002,2.226,0,2.206,0,291.1,0,7.747,0.0,0,0.0,0,0.0,0,0.0,20000.0,0,20000.0,0,0.0,0,0.0,0,0.0,0,0.0,0,30.83,0,116.0,0,13.47,0,5.962,0,39.317,-76.586,45.0
2025-01-10 20:28:00,2025-01-10,2025-01-10 20:28:00,100.91,0,1.175,0,0.025,42.83,0,0.21,0.285,0,0.002,2.38,0,2.344,0,297.8,0,9.93,0.0,0,0.0,0,0.0,0,0.0,20000.0,0,20000.0,0,0.0,0,0.0,0,0.0,0,0.0,0,30.83,0,116.0,0,13.47,0,5.994,0,39.317,-76.586,45.0
2025-01-10 20:29:00,2025-01-10,2025-01-10 20:29:00,100.9,0,1.126,0,0.026,42.34,0,0.294,0.28,0,0.002,1.707,0,1.668,0,307.2,0,12.25,0.0,0,0.0,0,0.0,0,0.0,20000.0,0,20000.0,0,0.0,0,0.0,0,0.0,0,0.0,0,30.83,0,116.0,0,13.47,0,6.019,0,39.317,-76.586,45.0
2025-01-10 20:30:00,2025-01-10,2025-01-10 20:30:00,100.9,0,1.076,0,0.027,41.98,0,0.212,0.277,0,0.001,1.38,0,1.341,0,340.8,0,13.57,0.0,0,0.0,0,0.0,0,0.0,20000.0,0,20000.0,0,0.0,0,0.0,0,0.0,0,0.0,0,30.83,0,116.0,0,13.47,0,6.04,0,39.317,-76.586,45.0
2025-01-10 20:31:00,2025-01-10,2025-01-10 20:31:00,100.9,0,1.084,0,0.029,42.19,0,0.222,0.279,0,0.002,1.101,0,1.057,0,357.7,0,16.18,0.0,0,0.0,0,0.0,0,0.0,20000.0,0,20000.0,0,0.0,0,0.0,0,0.0,0,0.0,0,30.83,0,116.0,0,13.47,0,6.059,0,39.317,-76.586,45.0
2025-01-10 20:32:00,2025-01-10,2025-01-10 20:32:00,100.9,0,1.108,0,0.034,42.3,0,0.253,0.28,0,0.002,1.31,0,1.292,0,359.0,0,9.42,0.0,0,0.0,0,0.0,0,0.0,20000.0,0,20000.0,0,0.0,0,0.0,0,0.0,0,0.0,0,30.83,0,116.0,0,13.47,0,6.073,0,39.317,-76.586,45.0
2025-01-10 20:33:00,2025-01-10,2025-01-10 20:33:00,100.89,0,1.06,0,0.044,42.87,0,0.318,0.283,0,0.002,0.467,0,0.346,0,319.3,0,37.59,0.0,0,0.0,0,0.0,0,0.0,20000.0,0,20000.0,0,0.0,0,0.0,0,0.0,0,0.0,0,30.83,0,116.0,0,13.47,0,6.083,0,39.317,-76.586,45.0
2025-01-10 20:34:00,2025-01-10,2025-01-10 20:34:00,100.89,0,1.026,0,0.041,43.25,0,0.251,0.284,0,0.002,1.117,0,1.092,0,288.6,0,12.09,0.0,0,0.0,0,0.0,0,0.0,20000.0,0,20000.0,0,0.0,0,0.0,0,0.0,0,0.0,0,30.83,0,116.0,0,13.47,0,6.094,0,39.317,-76.586,45.0
2025-01-10 20:35:00,2025-01-10,2025-01-10 20:35:00,100.89,0,0.971,0,0.025,43.26,0,0.255,0.283,0,0.002,0.9,0,0.889,0,282.4,0,9.11,0.0,0,0.0,0,0.0,0,0.0,20000.0,0,20000.0,0,0.0,0,0.0,0,0.0,0,0.0,0,30.83,0,116.0,0,13.47,0,6.102,0,39.317,-76.586,45.0
2025-01-10 20:36:00,2025-01-10,2025-01-10 20:36:00,100.89,0,0.955,0,0.023,43.15,0,0.215,0.282,0,0.001,1.896,0,1.868,0,302.0,0,9.98,0.0,0,0.0,0,0.0,0,0.0,20000.0,0,20000.0,0,0.0,0,0.0,0,0.0,0,0.0,0,30.83,0,116.0,0,13.47,0,6.11,0,39.317,-76.586,45.0
2025-01-10 20:37:00,2025-01-10,2025-01-10 20:37:00,100.89,0,1.009,0,0.039,42.45,0,0.398,0.279,0,0.002,1.949,0,1.935,0,308.4,0,6.651,0.0,0,0.0,0,0.0,0,0.0,20000.0,0,20000.0,0,0.0,0,0.0,0,0.0,0,0.0,0,30.83,0,116.0,0,13.47,0,6.118,0,39.317,-76.586,45.0
2025-01-10 20:38:00,2025-01-10,2025-01-10 20:38:00,100.9,0,1.069,0,0.027,41.89,0,0.227,0.276,0,0.002,1.027,0,0.989,0,291.5,0,15.67,0.0,0,0.0,0,0.0,0,0.0,20000.0,0,20000.0,0,0.0,0,0.0,0,0.0,0,0.0,0,30.83,0,116.0,0,13.47,0,6.121,0,39.317,-76.586,45.0
2025-01-10 20:39:00,2025-01-10,2025-01-10 20:39:00,100.9,0,1.048,0,0.029,42.05,0,0.264,0.277,0,0.002,1.232,0,1.161,0,300.0,0,19.41,0.0,0,0.0,0,0.0,0,0.0,20000.0,0,20000.0,0,0.0,0,0.0,0,0.0,0,0.0,0,30.83,0,116.0,0,13.47,0,6.126,0,39.317,-76.586,45.0
2025-01-10 20:40:00,2025-01-10,2025-01-10 20:40:00,100.9,0,1.025,0,0.022,42.61,0,0.289,0.28,0,0.002,1.158,0,1.092,0,299.7,0,19.41,0.0,0,0.0,0,0.0,0,0.0,20000.0,0,20000.0,0,0.0,0,0.0,0,0.0,0,0.0,0,30.83,0,116.0,0,13.47,0,6.129,0,39.317,-76.586,45.0
2025-01-10 20:41:00,2025-01-10,2025-01-10 20:41:00,100.9,0,0.993,0,0.027,43.31,0,0.317,0.284,0,0.002,0.91,0,0.882,0,281.6,0,14.19,0.0,0,0.0,0,0.0,0,0.0,20000.0,0,20000.0,0,0.0,0,0.0,0,0.0,0,0.0,0,30.83,0,116.0,0,13.47,0,6.132,0,39.317,-76.586,45.0
2025-01-10 20:42:00,2025-01-10,2025-01-10 20:42:00,100.9,0,0.92,0,0.038,44.12,0,0.319,0.288,0,0.002,0.929,0,0.925,0,296.0,0,5.383,0.0,0,0.0,0,0.0,0,0.0,20000.0,0,20000.0,0,0.0,0,0.0,0,0.0,0,0.0,0,30.83,0,116.0,0,13.47,0,6.129,0,39.317,-76.586,45.0
2025-01-10 20:43:00,2025-01-10,2025-01-10 20:43:00,100.91,0,0.881,0,0.026,44.11,0,0.228,0.287,0,0.002,0.64,0,0.623,0,289.7,0,13.34,0.0,0,0.0,0,0.0,0,0.0,20000.0,0,20000.0,0,0.0,0,0.0,0,0.0,0,0.0,0,30.83,0,116.0,0,13.47,0,6.127,0,39.317,-76.586,45.0
2025-01-10 20:44:00,2025-01-10,2025-01-10 20:44:00,100.91,0,0.818,0,0.027,44.41,0,0.24,0.288,0,0.002,0.857,0,0.855,0,293.6,0,4.461,0.0,0,0.0,0,0.0,0,0.0,20000.0,0,20000.0,0,0.0,0,0.0,0,0.0,0,0.0,0,30.83,0,116.0,0,13.47,0,6.124,0,39.317,-76.586,45.0
2025-01-10 20:45:00,2025-01-10,2025-01-10 20:45:00,100.91,0,0.907,0,0.039,43.45,0,0.413,0.283,0,0.002,0.939,0,0.937,0,281.5,0,4.268,0.0,0,0.0,0,0.0,0,0.0,20000.0,0,20000.0,0,0.0,0,0.0,0,0.0,0,0.0,0,30.83,0,116.0,0,13.47,0,6.116,0,39.317,-76.586,45.0
2025-01-10 20:46:00,2025-01-10,2025-01-10 20:46:00,100.92,0,0.985,0,0.03,42.83,0,0.233,0.281,0,0.002,1.379,0,1.371,0,283.5,0,5.795,0.0,0,0.0,0,0.0,0,0.0,20000.0,0,20000.0,0,0.0,0,0.0,0,0.0,0,0.0,0,30.83,0,116.0,0,13.47,0,6.11,0,39.317,-76.586,45.0
2025-01-10 20:47:00,2025-01-10,2025-01-10 20:47:00,100.92,0,1.024,0,0.02,42.83,0,0.248,0.282,0,0.002,1.717,0,1.712,0,281.0,0,4.38,0.0,0,0.0,0,0.0,0,0.0,20000.0,0,20000.0,0,0.0,0,0.0,0,0.0,0,0.0,0,30.83,0,116.0,0,13.47,0,6.099,0,39.317,-76.586,45.0
2025-01-10 20:48:00,2025-01-10,2025-01-10 20:48:00,100.93,0,1.022,0,0.028,42.84,0,0.211,0.282,0,0.001,1.635,0,1.606,0,276.9,0,10.73,0.0,0,0.0,0,0.0,0,0.0,20000.0,0,20000.0,0,0.0,0,0.0,0,0.0,0,0.0,0,30.83,0,116.0,0,13.47,0,6.091,0,39.317,-76.586,45.0
2025-01-10 20:49:00,2025-01-10,2025-01-10 20:49:00,100.93,0,1.019,0,0.03,42.66,0,0.242,0.28,0,0.002,1.235,0,1.192,0,271.0,0,15.02,0.0,0,0.0,0,0.0,0,0.0,20000.0,0,20000.0,0,0.0,0,0.0,0,0.0,0,0.0,0,30.83,0,116.0,0,13.47,0,6.078,0,39.317,-76.586,45.0
2025-01-10 20:50:00,2025-01-10,2025-01-10 20:50:00,100.93,0,1.002,0,0.038,42.74,0,0.288,0.281,0,0.002,1.911,0,1.856,0,267.4,0,13.74,0.0,0,0.0,0,0.0,0,0.0,20000.0,0,20000.0,0,0.0,0,0.0,0,0.0,0,0.0,0,30.83,0,116.0,0,13.47,0,6.067,0,39.317,-76.586,45.0
2025-01-10 20:51:00,2025-01-10,2025-01-10 20:51:00,100.93,0,0.955,0,0.029,43.41,0,0.246,0.284,0,0.002,1.583,0,1.527,0,256.9,0,15.25,0.0,0,0.0,0,0.0,0,0.0,20000.0,0,20000.0,0,0.0,0,0.0,0,0.0,0,0.0,0,30.83,0,116.0,0,13.47,0,6.051,0,39.317,-76.586,45.0
2025-01-10 20:52:00,2025-01-10,2025-01-10 20:52:00,100.93,0,0.933,0,0.022,43.7,0,0.257,0.286,0,0.002,1.695,0,1.658,0,243.1,0,12.08,0.0,0,0.0,0,0.0,0,0.0,20000.0,0,20000.0,0,0.0,0,0.0,0,0.0,0,0.0,0,30.83,0,116.0,0,13.47,0,6.035,0,39.317,-76.586,45.0
2025-01-10 20:53:00,2025-01-10,2025-01-10 20:53:00,100.92,0,0.919,0,0.022,43.69,0,0.282,0.285,0,0.002,2.249,0,2.234,0,254.7,0,6.544,0.0,0,0.0,0,0.0,0,0.0,20000.0,0,20000.0,0,0.0,0,0.0,0,0.0,0,0.0,0,30.83,0,116.0,0,13.47,0,6.013,0,39.317,-76.586,45.0
2025-01-10 20:54:00,2025-01-10,2025-01-10 20:54:00,100.92,0,0.979,0,0.042,43.01,0,0.234,0.282,0,0.002,1.756,0,1.719,0,243.1,0,11.66,0.0,0,0.0,0,0.0,0,0.0,20000.0,0,20000.0,0,0.0,0,0.0,0,0.0,0,0.0,0,30.83,0,116.0,0,13.47,0,5.991,0,39.317,-76.586,45.0
2025-01-10 20:55:00,2025-01-10,2025-01-10 20:55:00,100.93,0,0.989,0,0.03,43.24,0,0.238,0.284,0,0.002,1.953,0,1.928,0,252.6,0,9.18,0.0,0,0.0,0,0.0,0,0.0,20000.0,0,20000.0,0,0.0,0,0.0,0,0.0,0,0.0,0,30.83,0,116.0,0,13.47,0,5.967,0,39.317,-76.586,45.0
2025-01-10 20:56:00,2025-01-10,2025-01-10 20:56:00,100.92,0,1.016,0,0.027,43.3,0,0.259,0.285,0,0.002,1.486,0,1.453,0,247.0,0,12.15,0.0,0,0.0,0,0.0,0,0.0,20000.0,0,20000.0,0,0.0,0,0.0,0,0.0,0,0.0,0,30.83,0,116.0,0,13.47,0,5.937,0,39.317,-76.586,45.0
2025-01-10 20:57:00,2025-01-10,2025-01-10 20:57:00,100.92,0,1.009,0,0.029,43.17,0,0.216,0.284,0,0.002,2.292,0,2.256,0,267.5,0,10.09,0.0,0,0.0,0,0.0,0,0.0,20000.0,0,20000.0,0,0.0,0,0.0,0,0.0,0,0.0,0,30.83,0,116.0,0,13.47,0,5.905,0,39.317,-76.586,45.0
2025-01-10 20:58:00,2025-01-10,2025-01-10 20:58:00,100.92,0,1.001,0,0.024,43.17,0,0.236,0.283,0,0.002,1.931,0,1.913,0,275.2,0,7.665,0.0,0,0.0,0,0.0,0,0.0,20000.0,0,20000.0,0,0.0,0,0.0,0,0.0,0,0.0,0,30.83,0,116.0,0,13.47,0,5.873,0,39.317,-76.586,45.0
2025-01-10 20:59:00,2025-01-10,2025-01-10 20:59:00,100.93,0,1.018,0,0.024,43.07,0,0.211,0.283,0,0.002,2.558,0,2.526,0,263.3,0,9.05,0.0,0,0.0,0,0.0,0,0.0,20000.0,0,20000.0,0,0.0,0,0.0,0,0.0,0,0.0,0,30.83,0,116.0,0,13.47,0,5.835,0,39.317,-76.586,45.0
2025-01-10 21:00:00,2025-01-10,2025-01-10 21:00:00,100.93,0,0.99,0,0.024,43.02,0,0.202,0.282,0,0.002,2.068,0,2.039,0,264.0,0,9.6,0.0,0,0.0,0,0.0,0,0.0,20000.0,0,20000.0,0,0.0,0,0.0,0,0.0,0,0.0,0,30.83,0,116.0,0,13.48,0,5.794,0,39.317,-76.586,45.0
2025-01-10 21:01:00,2025-01-10,2025-01-10 21:01:00,100.93,0,0.998,0,0.032,43.08,0,0.224,0.283,0,0.002,2.12,0,2.103,0,268.5,0,7.329,0.0,0,0.0,0,0.0,0,0.0,20000.0,0,20000.0,0,0.0,0,0.0,0,0.0,0,0.0,0,30.83,0,116.0,0,13.47,0,5.754,0,39.317,-76.586,45.0
2025-01-10 21:02:00,2025-01-10,2025-01-10 21:02:00,100.94,0,0.967,0,0.046,43.59,0,0.521,0.286,0,0.003,1.021,0,1.005,0,279.9,0,9.95,0.0,0,0.0,0,0.0,0,0.0,20000.0,0,20000.0,0,0.0,0,0.0,0,0.0,0,0.0,0,30.83,0,116.0,0,13.47,0,5.711,0,39.317,-76.586,45.0
2025-01-10 21:03:00,2025-01-10,2025-01-10 21:03:00,100.94,0,0.856,0,0.026,44.85,0,0.316,0.291,0,0.002,1.419,0,1.286,0,277.1,0,24.82,0.0,0,0.0,0,0.0,0,0.0,20000.0,0,20000.0,0,0.0,0,0.0,0,0.0,0,0.0,0,30.83,0,116.0,0,13.48,0,5.663,0,39.317,-76.586,45.0
2025-01-10 21:04:00,2025-01-10,2025-01-10 21:04:00,100.93,0,0.797,0,0.044,45.58,0,0.493,0.295,0,0.003,1.741,0,1.701,0,256.6,0,12.22,0.0,0,0.0,0,0.0,0,0.0,20000.0,0,20000.0,0,0.0,0,0.0,0,0.0,0,0.0,0,30.83,0,116.0,0,13.48,0,5.617,0,39.317,-76.586,45.0
2025-01-10 21:05:00,2025-01-10,2025-01-10 21:05:00,100.93,0,0.77,0,0.067,45.76,0,0.278,0.296,0,0.002,2.002,0,1.936,0,270.8,0,14.74,0.0,0,0.0,0,0.0,0,0.0,20000.0,0,20000.0,0,0.0,0,0.0,0,0.0,0,0.0,0,30.83,0,116.0,0,13.48,0,5.566,0,39.317,-76.586,45.0
2025-01-10 21:06:00,2025-01-10,2025-01-10 21:06:00,100.92,0,0.862,0,0.033,44.85,0,0.436,0.292,0,0.002,2.035,0,2.012,0,266.2,0,8.73,0.0,0,0.0,0,0.0,0,0.0,20000.0,0,20000.0,0,0.0,0,0.0,0,0.0,0,0.0,0,30.83,0,116.0,0,13.48,0,5.517,0,39.317,-76.586,45.0
2025-01-10 21:07:00,2025-01-10,2025-01-10 21:07:00,100.91,0,0.937,0,0.035,43.69,0,0.35,0.286,0,0.002,1.81,0,1.793,0,266.2,0,7.758,0.0,0,0.0,0,0.0,0,0.0,20000.0,0,20000.0,0,0.0,0,0.0,0,0.0,0,0.0,0,30.83,0,116.0,0,13.48,0,5.464,0,39.317,-76.586,45.0
2025-01-10 21:08:00,2025-01-10,2025-01-10 21:08:00,100.9,0,0.967,0,0.027,43.31,0,0.247,0.284,0,0.002,1.052,0,1.028,0,292.9,0,12.12,0.0,0,0.0,0,0.0,0,0.0,20000.0,0,20000.0,0,0.0,0,0.0,0,0.0,0,0.0,0,30.83,0,116.0,0,13.48,0,5.413,0,39.317,-76.586,45.0
2025-01-10 21:09:00,2025-01-10,2025-01-10 21:09:00,100.91,0,0.902,0,0.038,44.4,0,0.654,0.289,0,0.004,1.548,0,1.486,0,302.7,0,16.32,0.0,0,0.0,0,0.0,0,0.0,20000.0,0,20000.0,0,0.0,0,0.0,0,0.0,0,0.0,0,30.83,0,116.0,0,13.48,0,5.362,0,39.317,-76.586,45.0
2025-01-10 21:10:00,2025-01-10,2025-01-10 21:10:00,100.91,0,0.735,0,0.062,46.83,0,0.65,0.302,0,0.003,0.773,0,0.763,0,274.0,0,8.85,0.0,0,0.0,0,0.0,0,0.0,20000.0,0,20000.0,0,0.0,0,0.0,0,0.0,0,0.0,0,30.83,0,116.0,0,13.49,0,5.311,0,39.317,-76.586,45.0
2025-01-10 21:11:00,2025-01-10,2025-01-10 21:11:00,100.92,0,0.627,0,0.019,47.96,0,0.245,0.307,0,0.002,1.163,0,1.138,0,266.2,0,11.78,0.0,0,0.0,0,0.0,0,0.0,20000.0,0,20000.0,0,0.0,0,0.0,0,0.0,0,0.0,0,30.83,0,116.0,0,13.49,0,5.257,0,39.317,-76.586,45.0
2025-01-10 21:12:00,2025-01-10,2025-01-10 21:12:00,100.92,0,0.686,0,0.044,47.41,0,0.575,0.304,0,0.003,1.903,0,1.889,0,272.1,0,7.001,0.0,0,0.0,0,0.0,0,0.0,20000.0,0,20000.0,0,0.0,0,0.0,0,0.0,0,0.0,0,30.83,0,116.0,0,13.49,0,5.206,0,39.317,-76.586,45.0
2025-01-10 21:13:00,2025-01-10,2025-01-10 21:13:00,100.92,0,0.82,0,0.055,45.34,0,0.725,0.294,0,0.004,1.901,0,1.848,0,286.3,0,13.59,0.0,0,0.0,0,0.0,0,0.0,20000.0,0,20000.0,0,0.0,0,0.0,0,0.0,0,0.0,0,30.83,0,116.0,0,13.49,0,5.155,0,39.317,-76.586,45.0
2025-01-10 21:14:00,2025-01-10,2025-01-10 21:14:00,100.92,0,0.919,0,0.033,43.99,0,0.417,0.287,0,0.003,1.867,0,1.823,0,279.2,0,12.43,0.0,0,0.0,0,0.0,0,0.0,20000.0,0,20000.0,0,0.0,0,0.0,0,0.0,0,0.0,0,30.83,0,116.0,0,13.49,0,5.107,0,39.317,-76.586,45.0
2025-01-10 21:15:00,2025-01-10,2025-01-10 21:15:00,100.92,0,0.964,0,0.025,43.39,0,0.274,0.284,0,0.002,1.125,0,1.115,0,262.1,0,7.843,0.0,0,0.0,0,0.0,0,0.0,20000.0,0,20000.0,0,0.0,0,0.0,0,0.0,0,0.0,0,30.83,0,116.0,0,13.49,0,5.056,0,39.317,-76.586,45.0
2025-01-10 21:16:00,2025-01-10,2025-01-10 21:16:00,100.92,0,0.911,0,0.033,44.6,0,0.462,0.291,0,0.003,1.165,0,1.123,0,268.8,0,15.24,0.0,0,0.0,0,0.0,0,0.0,20000.0,0,20000.0,0,0.0,0,0.0,0,0.0,0,0.0,0,30.83,0,116.0,0,13.49,0,5.008,0,39.317,-76.586,45.0
2025-01-10 21:17:00,2025-01-10,2025-01-10 21:17:00,100.92,0,0.918,0,0.023,44.77,0,0.279,0.292,0,0.002,1.397,0,1.352,0,258.3,0,14.5,0.0,0,0.0,0,0.0,0,0.0,20000.0,0,20000.0,0,0.0,0,0.0,0,0.0,0,0.0,0,30.83,0,116.0,0,13.49,0,4.959,0,39.317,-76.586,45.0
2025-01-10 21:18:00,2025-01-10,2025-01-10 21:18:00,100.92,0,0.909,0,0.028,45.34,0,0.267,0.296,0,0.002,1.385,0,1.357,0,244.2,0,11.58,0.0,0,0.0,0,0.0,0,0.0,20000.0,0,20000.0,0,0.0,0,0.0,0,0.0,0,0.0,0,30.83,0,116.0,0,13.49,0,4.908,0,39.317,-76.586,45.0
2025-01-10 21:19:00,2025-01-10,2025-01-10 21:19:00,100.93,0,0.934,0,0.045,45.05,0,0.471,0.294,0,0.003,1.991,0,1.939,0,251.9,0,13.08,0.0,0,0.0,0,0.0,0,0.0,20000.0,0,20000.0,0,0.0,0,0.0,0,0.0,0,0.0,0,30.83,0,116.0,0,13.49,0,4.86,0,39.317,-76.586,45.0
2025-01-10 21:20:00,2025-01-10,2025-01-10 21:20:00,100.94,0,1.0,0,0.025,44.61,0,0.275,0.293,0,0.002,1.94,0,1.916,0,264.5,0,9.06,0.0,0,0.0,0,0.0,0,0.0,20000.0,0,20000.0,0,0.0,0,0.0,0,0.0,0,0.0,0,30.83,0,116.0,0,13.49,0,4.815,0,39.317,-76.586,45.0
2025-01-10 21:21:00,2025-01-10,2025-01-10 21:21:00,100.94,0,1.053,0,0.033,44.12,0,0.241,0.291,0,0.002,1.352,0,1.292,0,249.9,0,17.11,0.0,0,0.0,0,0.0,0,0.0,20000.0,0,20000.0,0,0.0,0,0.0,0,0.0,0,0.0,0,30.83,0,116.0,0,13.49,0,4.767,0,39.317,-76.586,45.0
2025-01-10 21:22:00,2025-01-10,2025-01-10 21:22:00,100.94,0,1.069,0,0.035,44.22,0,0.434,0.292,0,0.003,1.592,0,1.512,0,239.4,0,18.17,0.0,0,0.0,0,0.0,0,0.0,20000.0,0,20000.0,0,0.0,0,0.0,0,0.0,0,0.0,0,30.83,0,116.0,0,13.5,0,4.719,0,39.317,-76.586,45.0
2025-01-10 21:23:00,2025-01-10,2025-01-10 21:23:00,100.93,0,1.014,0,0.025,44.75,0,0.249,0.294,0,0.002,2.269,0,2.164,0,239.3,0,17.39,0.0,0,0.0,0,0.0,0,0.0,20000.0,0,20000.0,0,0.0,0,0.0,0,0.0,0,0.0,0,30.83,0,116.0,0,13.5,0,4.673,0,39.317,-76.586,45.0
2025-01-10 21:24:00,2025-01-10,2025-01-10 21:24:00,100.93,0,1.012,0,0.027,44.51,0,0.222,0.293,0,0.002,1.575,0,1.534,0,261.0,0,13.06,0.0,0,0.0,0,0.0,0,0.0,20000.0,0,20000.0,0,0.0,0,0.0,0,0.0,0,0.0,0,30.83,0,116.0,0,13.5,0,4.628,0,39.317,-76.586,45.0
2025-01-10 21:25:00,2025-01-10,2025-01-10 21:25:00,100.92,0,1.017,0,0.029,44.58,0,0.237,0.293,0,0.002,1.816,0,1.743,0,273.6,0,16.29,0.0,0,0.0,0,0.0,0,0.0,20000.0,0,20000.0,0,0.0,0,0.0,0,0.0,0,0.0,0,30.83,0,116.0,0,13.5,0,4.582,0,39.317,-76.586,45.0
2025-01-10 21:26:00,2025-01-10,2025-01-10 21:26:00,100.92,0,1.012,0,0.03,44.6,0,0.278,0.293,0,0.002,1.991,0,1.885,0,275.7,0,18.7,0.0,0,0.0,0,0.0,0,0.0,20000.0,0,20000.0,0,0.0,0,0.0,0,0.0,0,0.0,0,30.83,0,116.0,0,13.5,0,4.537,0,39.317,-76.586,45.0
2025-01-10 21:27:00,2025-01-10,2025-01-10 21:27:00,100.92,0,1.001,0,0.023,44.56,0,0.227,0.293,0,0.002,2.47,0,2.436,0,261.6,0,9.44,0.0,0,0.0,0,0.0,0,0.0,20000.0,0,20000.0,0,0.0,0,0.0,0,0.0,0,0.0,0,30.83,0,116.0,0,13.5,0,4.492,0,39.317,-76.586,45.0
2025-01-10 21:28:00,2025-01-10,2025-01-10 21:28:00,100.91,0,1.021,0,0.03,43.99,0,0.286,0.289,0,0.002,1.9,0,1.868,0,261.3,0,10.41,0.0,0,0.0,0,0.0,0,0.0,20000.0,0,20000.0,0,0.0,0,0.0,0,0.0,0,0.0,0,30.83,0,116.0,0,13.5,0,4.449,0,39.317,-76.586,45.0
2025-01-10 21:29:00,2025-01-10,2025-01-10 21:29:00,100.91,0,0.997,0,0.03,44.33,0,0.378,0.291,0,0.002,1.699,0,1.671,0,244.7,0,10.3,0.0,0,0.0,0,0.0,0,0.0,20000.0,0,20000.0,0,0.0,0,0.0,0,0.0,0,0.0,0,30.83,0,116.0,0,13.5,0,4.403,0,39.317,-76.586,45.0
2025-01-10 21:30:00,2025-01-10,2025-01-10 21:30:00,100.9,0,0.985,0,0.024,44.18,0,0.215,0.29,0,0.002,1.695,0,1.686,0,271.4,0,5.95,0.0,0,0.0,0,0.0,0,0.0,20000.0,0,20000.0,0,0.0,0,0.0,0,0.0,0,0.0,0,30.83,0,116.0,0,13.5,0,4.361,0,39.317,-76.586,45.0
2025-01-10 21:31:00,2025-01-10,2025-01-10 21:31:00,100.89,0,0.963,0,0.058,44.76,0,0.38,0.293,0,0.003,2.032,0,1.986,0,262.2,0,12.12,0.0,0,0.0,0,0.0,0,0.0,20000.0,0,20000.0,0,0.0,0,0.0,0,0.0,0,0.0,0,30.83,0,116.0,0,13.5,0,4.318,0,39.317,-76.586,45.0
2025-01-10 21:32:00,2025-01-10,2025-01-10 21:32:00,100.87,0,0.914,0,0.035,44.56,0,0.328,0.291,0,0.002,2.104,0,2.05,0,265.8,0,12.93,0.0,0,0.0,0,0.0,0,0.0,20000.0,0,20000.0,0,0.0,0,0.0,0,0.0,0,0.0,0,30.83,0,116.0,0,13.51,0,4.275,0,39.317,-76.586,45.0
2025-01-10 21:33:00,2025-01-10,2025-01-10 21:33:00,100.86,0,0.89,0,0.029,44.1,0,0.247,0.287,0,0.002,1.055,0,1.028,0,286.6,0,13.08,0.0,0,0.0,0,0.0,0,0.0,20000.0,0,20000.0,0,0.0,0,0.0,0,0.0,0,0.0,0,30.83,0,116.0,0,13.51,0,4.232,0,39.317,-76.586,45.0
2025-01-10 21:34:00,2025-01-10,2025-01-10 21:34:00,100.85,0,0.839,0,0.031,44.56,0,0.245,0.289,0,0.002,1.539,0,1.512,0,275.6,0,10.73,0.0,0,0.0,0,0.0,0,0.0,20000.0,0,20000.0,0,0.0,0,0.0,0,0.0,0,0.0,0,30.83,0,116.0,0,13.51,0,4.193,0,39.317,-76.586,45.0
2025-01-10 21:35:00,2025-01-10,2025-01-10 21:35:00,100.85,0,0.821,0,0.04,44.77,0,0.238,0.29,0,0.002,1.542,0,1.515,0,275.5,0,10.67,0.0,0,0.0,0,0.0,0,0.0,20000.0,0,20000.0,0,0.0,0,0.0,0,0.0,0,0.0,0,30.83,0,116.0,0,13.51,0,4.15,0,39.317,-76.586,45.0
2025-01-10 21:36:00,2025-01-10,2025-01-10 21:36:00,100.85,0,0.842,0,0.024,44.4,0,0.301,0.288,0,0.002,2.127,0,2.078,0,274.9,0,12.3,0.0,0,0.0,0,0.0,0,0.0,20000.0,0,20000.0,0,0.0,0,0.0,0,0.0,0,0.0,0,30.83,0,116.0,0,13.51,0,4.11,0,39.317,-76.586,45.0
2025-01-10 21:37:00,2025-01-10,2025-01-10 21:37:00,100.85,0,0.848,0,0.028,43.97,0,0.219,0.286,0,0.002,1.692,0,1.686,0,258.6,0,5.038,0.0,0,0.0,0,0.0,0,0.0,20000.0,0,20000.0,0,0.0,0,0.0,0,0.0,0,0.0,0,30.83,0,116.0,0,13.51,0,4.07,0,39.317,-76.586,45.0
2025-01-10 21:38:00,2025-01-10,2025-01-10 21:38:00,100.84,0,0.82,0,0.031,44.58,0,0.365,0.289,0,0.002,1.055,0,1.028,0,266.6,0,13.02,0.0,0,0.0,0,0.0,0,0.0,20000.0,0,20000.0,0,0.0,0,0.0,0,0.0,0,0.0,0,30.83,0,116.0,0,13.51,0,4.027,0,39.317,-76.586,45.0
2025-01-10 21:39:00,2025-01-10,2025-01-10 21:39:00,100.84,0,0.782,0,0.033,45.2,0,0.333,0.292,0,0.002,0.784,0,0.759,0,287.3,0,14.47,0.0,0,0.0,0,0.0,0,0.0,20000.0,0,20000.0,0,0.0,0,0.0,0,0.0,0,0.0,0,30.83,0,116.0,0,13.51,0,3.987,0,39.317,-76.586,45.0
2025-01-10 21:40:00,2025-01-10,2025-01-10 21:40:00,100.84,0,0.689,0,0.033,46.68,0,0.341,0.3,0,0.002,1.333,0,1.314,0,273.3,0,9.7,0.0,0,0.0,0,0.0,0,0.0,20000.0,0,20000.0,0,0.0,0,0.0,0,0.0,0,0.0,0,30.83,0,116.0,0,13.51,0,3.95,0,39.317,-76.586,45.0
2025-01-10 21:41:00,2025-01-10,2025-01-10 21:41:00,100.83,0,0.694,0,0.026,46.55,0,0.256,0.299,0,0.002,1.49,0,1.46,0,263.2,0,11.5,0.0,0,0.0,0,0.0,0,0.0,20000.0,0,20000.0,0,0.0,0,0.0,0,0.0,0,0.0,0,30.83,0,116.0,0,13.52,0,3.91,0,39.317,-76.586,45.0
2025-01-10 21:42:00,2025-01-10,2025-01-10 21:42:00,100.83,0,0.673,0,0.025,46.54,0,0.304,0.298,0,0.002,1.246,0,1.224,0,273.8,0,10.93,0.0,0,0.0,0,0.0,0,0.0,20000.0,0,20000.0,0,0.0,0,0.0,0,0.0,0,0.0,0,30.83,0,116.0,0,13.52,0,3.872,0,39.317,-76.586,45.0
2025-01-10 21:43:00,2025-01-10,2025-01-10 21:43:00,100.82,0,0.7,0,0.025,45.87,0,0.283,0.295,0,0.002,2.011,0,1.989,0,273.2,0,8.34,0.0,0,0.0,0,0.0,0,0.0,20000.0,0,20000.0,0,0.0,0,0.0,0,0.0,0,0.0,0,30.83,0,116.0,0,13.52,0,3.835,0,39.317,-76.586,45.0
2025-01-10 21:44:00,2025-01-10,2025-01-10 21:44:00,100.82,0,0.75,0,0.034,44.61,0,0.592,0.288,0,0.003,1.632,0,1.617,0,268.1,0,7.58,0.0,0,0.0,0,0.0,0,0.0,20000.0,0,20000.0,0,0.0,0,0.0,0,0.0,0,0.0,0,30.83,0,116.0,0,13.52,0,3.795,0,39.317,-76.586,45.0
2025-01-10 21:45:00,2025-01-10,2025-01-10 21:45:00,100.82,0,0.808,0,0.026,43.5,0,0.232,0.282,0,0.002,1.307,0,1.303,0,256.8,0,4.402,0.0,0,0.0,0,0.0,0,0.0,20000.0,0,20000.0,0,0.0,0,0.0,0,0.0,0,0.0,0,30.83,0,116.0,0,13.52,0,3.758,0,39.317,-76.586,45.0
2025-01-10 21:46:00,2025-01-10,2025-01-10 21:46:00,100.81,0,0.82,0,0.023,43.48,0,0.243,0.282,0,0.002,0.993,0,0.982,0,274.7,0,8.45,0.0,0,0.0,0,0.0,0,0.0,20000.0,0,20000.0,0,0.0,0,0.0,0,0.0,0,0.0,0,30.83,0,116.0,0,13.52,0,3.724,0,39.317,-76.586,45.0
2025-01-10 21:47:00,2025-01-10,2025-01-10 21:47:00,100.81,0,0.797,0,0.023,44.05,0,0.244,0.285,0,0.002,1.349,0,1.322,0,258.7,0,11.51,0.0,0,0.0,0,0.0,0,0.0,20000.0,0,20000.0,0,0.0,0,0.0,0,0.0,0,0.0,0,30.83,0,116.0,0,13.52,0,3.686,0,39.317,-76.586,45.0
2025-01-10 21:48:00,2025-01-10,2025-01-10 21:48:00,100.81,0,0.755,0,0.037,44.52,0,0.263,0.287,0,0.002,1.542,0,1.492,0,250.7,0,14.6,0.0,0,0.0,0,0.0,0,0.0,20000.0,0,20000.0,0,0.0,0,0.0,0,0.0,0,0.0,0,30.83,0,116.0,0,13.52,0,3.651,0,39.317,-76.586,45.0
2025-01-10 21:49:00,2025-01-10,2025-01-10 21:49:00,100.8,0,0.687,0,0.036,45.37,0,0.431,0.291,0,0.002,0.877,0,0.83,0,246.4,0,18.81,0.0,0,0.0,0,0.0,0,0.0,20000.0,0,20000.0,0,0.0,0,0.0,0,0.0,0,0.0,0,30.83,0,116.0,0,13.52,0,3.614,0,39.317,-76.586,45.0
2025-01-10 21:50:00,2025-01-10,2025-01-10 21:50:00,100.79,0,0.638,0,0.031,45.9,0,0.291,0.294,0,0.002,1.05,0,1.031,0,228.3,0,10.92,0.0,0,0.0,0,0.0,0,0.0,20000.0,0,20000.0,0,0.0,0,0.0,0,0.0,0,0.0,0,30.83,0,116.0,0,13.52,0,3.58,0,39.317,-76.586,45.0
2025-01-10 21:51:00,2025-01-10,2025-01-10 21:51:00,100.79,0,0.685,0,0.025,45.15,0,0.235,0.29,0,0.002,1.181,0,1.158,0,252.4,0,11.31,0.0,0,0.0,0,0.0,0,0.0,20000.0,0,20000.0,0,0.0,0,0.0,0,0.0,0,0.0,0,30.83,0,116.0,0,13.53,0,3.545,0,39.317,-76.586,45.0
2025-01-10 21:52:00,2025-01-10,2025-01-10 21:52:00,100.79,0,0.706,0,0.025,45.01,0,0.213,0.289,0,0.002,0.807,0,0.789,0,239.0,0,11.92,0.0,0,0.0,0,0.0,0,0.0,20000.0,0,20000.0,0,0.0,0,0.0,0,0.0,0,0.0,0,30.83,0,116.0,0,13.53,0,3.513,0,39.317,-76.586,45.0
2025-01-10 21:53:00,2025-01-10,2025-01-10 21:53:00,100.79,0,0.662,0,0.026,45.65,0,0.358,0.293,0,0.002,0.784,0,0.767,0,253.9,0,11.87,0.0,0,0.0,0,0.0,0,0.0,20000.0,0,20000.0,0,0.0,0,0.0,0,0.0,0,0.0,0,30.83,0,116.0,0,13.53,0,3.479,0,39.317,-76.586,45.0
2025-01-10 21:54:00,2025-01-10,2025-01-10 21:54:00,100.79,0,0.664,0,0.026,45.7,0,0.212,0.293,0,0.002,0.978,0,0.975,0,270.6,0,5.059,0.0,0,0.0,0,0.0,0,0.0,20000.0,0,20000.0,0,0.0,0,0.0,0,0.0,0,0.0,0,30.83,0,116.0,0,13.53,0,3.444,0,39.317,-76.586,45.0
2025-01-10 21:55:00,2025-01-10,2025-01-10 21:55:00,100.78,0,0.678,0,0.026,45.41,0,0.207,0.291,0,0.001,0.959,0,0.886,0,260.8,0,22.27,0.0,0,0.0,0,0.0,0,0.0,20000.0,0,20000.0,0,0.0,0,0.0,0,0.0,0,0.0,0,30.83,0,116.0,0,13.53,0,3.41,0,39.317,-76.586,45.0
2025-01-10 21:56:00,2025-01-10,2025-01-10 21:56:00,100.77,0,0.655,0,0.029,45.67,0,0.318,0.293,0,0.002,0.949,0,0.874,0,235.6,0,22.73,0.0,0,0.0,0,0.0,0,0.0,20000.0,0,20000.0,0,0.0,0,0.0,0,0.0,0,0.0,0,30.83,0,116.0,0,13.53,0,3.378,0,39.317,-76.586,45.0
2025-01-10 21:57:00,2025-01-10,2025-01-10 21:57:00,100.76,0,0.629,0,0.026,45.99,0,0.288,0.294,0,0.002,0.358,0,0.344,0,277.7,0,14.18,0.0,0,0.0,0,0.0,0,0.0,20000.0,0,20000.0,0,0.0,0,0.0,0,0.0,0,0.0,0,30.83,0,116.0,0,13.53,0,3.344,0,39.317,-76.586,45.0
2025-01-10 21:58:00,2025-01-10,2025-01-10 21:58:00,100.76,0,0.6,0,0.028,46.52,0,0.231,0.297,0,0.002,0.67,0,0.665,0,317.9,0,6.455,0.0,0,0.0,0,0.0,0,0.0,20000.0,0,20000.0,0,0.0,0,0.0,0,0.0,0,0.0,0,30.83,0,116.0,0,13.53,0,3.311,0,39.317,-76.586,45.0
2025-01-10 21:59:00,2025-01-10,2025-01-10 21:59:00,100.76,0,0.548,0,0.054,47.9,0,0.962,0.304,0,0.005,0.862,0,0.83,0,301.1,0,15.8,0.0,0,0.0,0,0.0,0,0.0,20000.0,0,20000.0,0,0.0,0,0.0,0,0.0,0,0.0,0,30.83,0,116.0,0,13.53,0,3.28,0,39.317,-76.586,45.0
2025-01-10 22:00:00,2025-01-10,2025-01-10 22:00:00,100.77,0,0.423,0,0.029,49.68,0,0.23,0.313,0,0.002,0.982,0,0.961,0,281.1,0,11.6,0.0,0,0.0,0,0.0,0,0.0,20000.0,0,20000.0,0,0.0,0,0.0,0,0.0,0,0.0,0,30.83,0,116.0,0,13.53,0,3.248,0,39.317,-76.586,45.0
2025-01-10 22:01:00,2025-01-10,2025-01-10 22:01:00,100.77,0,0.469,0,0.04,48.79,0,0.54,0.308,0,0.003,1.269,0,1.227,0,276.0,0,14.67,0.0,0,0.0,0,0.0,0,0.0,20000.0,0,20000.0,0,0.0,0,0.0,0,0.0,0,0.0,0,30.83,0,116.0,0,13.53,0,3.216,0,39.317,-76.586,45.0
2025-01-10 22:02:00,2025-01-10,2025-01-10 22:02:00,100.78,0,0.536,0,0.023,47.51,0,0.286,0.302,0,0.002,1.24,0,1.225,0,266.2,0,8.76,0.0,0,0.0,0,0.0,0,0.0,20000.0,0,20000.0,0,0.0,0,0.0,0,0.0,0,0.0,0,30.83,0,116.0,0,13.53,0,3.184,0,39.317,-76.586,45.0
2025-01-10 22:03:00,2025-01-10,2025-01-10 22:03:00,100.78,0,0.596,0,0.027,46.24,0,0.339,0.295,0,0.002,1.068,0,1.06,0,259.9,0,7.209,0.0,0,0.0,0,0.0,0,0.0,20000.0,0,20000.0,0,0.0,0,0.0,0,0.0,0,0.0,0,30.83,0,116.0,0,13.53,0,3.152,0,39.317,-76.586,45.0
2025-01-10 22:04:00,2025-01-10,2025-01-10 22:04:00,100.78,0,0.596,0,0.026,45.95,0,0.206,0.293,0,0.001,0.975,0,0.95,0,267.1,0,13.11,0.0,0,0.0,0,0.0,0,0.0,20000.0,0,20000.0,0,0.0,0,0.0,0,0.0,0,0.0,0,30.83,0,116.0,0,13.54,0,3.12,0,39.317,-76.586,45.0
2025-01-10 22:05:00,2025-01-10,2025-01-10 22:05:00,100.8,0,0.585,0,0.025,46.04,0,0.218,0.293,0,0.002,1.65,0,1.636,0,261.0,0,7.283,0.0,0,0.0,0,0.0,0,0.0,20000.0,0,20000.0,0,0.0,0,0.0,0,0.0,0,0.0,0,30.83,0,116.0,0,13.54,0,3.088,0,39.317,-76.586,45.0
2025-01-10 22:06:00,2025-01-10,2025-01-10 22:06:00,100.81,0,0.582,0,0.028,46.24,0,0.214,0.295,0,0.002,1.522,0,1.51,0,254.4,0,7.154,0.0,0,0.0,0,0.0,0,0.0,20000.0,0,20000.0,0,0.0,0,0.0,0,0.0,0,0.0,0,30.83,0,116.0,0,13.54,0,3.062,0,39.317,-76.586,45.0
2025-01-10 22:07:00,2025-01-10,2025-01-10 22:07:00,100.82,0,0.57,0,0.03,46.41,0,0.309,0.295,0,0.002,1.622,0,1.585,0,258.0,0,12.14,0.0,0,0.0,0,0.0,0,0.0,20000.0,0,20000.0,0,0.0,0,0.0,0,0.0,0,0.0,0,30.83,0,116.0,0,13.54,0,3.027,0,39.317,-76.586,45.0
2025-01-10 22:08:00,2025-01-10,2025-01-10 22:08:00,100.82,0,0.563,0,0.026,46.6,0,0.253,0.297,0,0.002,1.829,0,1.785,0,258.3,0,12.6,0.0,0,0.0,0,0.0,0,0.0,20000.0,0,20000.0,0,0.0,0,0.0,0,0.0,0,0.0,0,30.83,0,116.0,0,13.54,0,2.998,0,39.317,-76.586,45.0
2025-01-10 22:09:00,2025-01-10,2025-01-10 22:09:00,100.81,0,0.576,0,0.029,46.43,0,0.245,0.296,0,0.002,2.54,0,2.515,0,260.0,0,8.07,0.0,0,0.0,0,0.0,0,0.0,20000.0,0,20000.0,0,0.0,0,0.0,0,0.0,0,0.0,0,30.83,0,116.0,0,13.54,0,2.969,0,39.317,-76.586,45.0
2025-01-10 22:10:00,2025-01-10,2025-01-10 22:10:00,100.81,0,0.606,0,0.034,45.73,0,0.429,0.292,0,0.003,2.46,0,2.435,0,275.3,0,8.21,0.0,0,0.0,0,0.0,0,0.0,20000.0,0,20000.0,0,0.0,0,0.0,0,0.0,0,0.0,0,30.83,0,116.0,0,13.54,0,2.94,0,39.317,-76.586,45.0
2025-01-10 22:11:00,2025-01-10,2025-01-10 22:11:00,100.81,0,0.656,0,0.058,44.91,0,0.231,0.288,0,0.002,2.169,0,2.115,0,275.4,0,12.78,0.0,0,0.0,0,0.0,0,0.0,20000.0,0,20000.0,0,0.0,0,0.0,0,0.0,0,0.0,0,30.83,0,116.0,0,13.54,0,2.91,0,39.317,-76.586,45.0
2025-01-10 22:12:00,2025-01-10,2025-01-10 22:12:00,100.82,0,0.671,0,0.025,44.87,0,0.222,0.288,0,0.001,2.342,0,2.329,0,260.5,0,6.163,0.0,0,0.0,0,0.0,0,0.0,20000.0,0,20000.0,0,0.0,0,0.0,0,0.0,0,0.0,0,30.83,0,116.0,0,13.54,0,2.881,0,39.317,-76.586,45.0
2025-01-10 22:13:00,2025-01-10,2025-01-10 22:13:00,100.82,0,0.691,0,0.024,44.72,0,0.276,0.287,0,0.002,1.787,0,1.765,0,250.2,0,8.94,0.0,0,0.0,0,0.0,0,0.0,20000.0,0,20000.0,0,0.0,0,0.0,0,0.0,0,0.0,0,30.83,0,116.0,0,13.54,0,2.855,0,39.317,-76.586,45.0
2025-01-10 22:14:00,2025-01-10,2025-01-10 22:14:00,100.82,0,0.676,0,0.05,44.87,0,0.278,0.288,0,0.002,1.625,0,1.55,0,256.0,0,17.46,0.0,0,0.0,0,0.0,0,0.0,20000.0,0,20000.0,0,0.0,0,0.0,0,0.0,0,0.0,0,30.83,0,116.0,0,13.54,0,2.826,0,39.317,-76.586,45.0
2025-01-10 22:15:00,2025-01-10,2025-01-10 22:15:00,100.83,0,0.709,0,0.029,44.6,0,0.229,0.287,0,0.002,1.432,0,1.362,0,237.5,0,17.92,0.0,0,0.0,0,0.0,0,0.0,20000.0,0,20000.0,0,0.0,0,0.0,0,0.0,0,0.0,0,30.83,0,116.0,0,13.55,0,2.799,0,39.317,-76.586,45.0
2025-01-10 22:16:00,2025-01-10,2025-01-10 22:16:00,100.84,0,0.669,0,0.037,45.33,0,0.618,0.291,0,0.004,1.424,0,1.405,0,239.2,0,9.36,0.0,0,0.0,0,0.0,0,0.0,20000.0,0,20000.0,0,0.0,0,0.0,0,0.0,0,0.0,0,30.83,0,116.0,0,13.55,0,2.773,0,39.317,-76.586,45.0
2025-01-10 22:17:00,2025-01-10,2025-01-10 22:17:00,100.85,0,0.663,0,0.033,45.6,0,0.391,0.292,0,0.002,1.664,0,1.642,0,259.6,0,9.47,0.0,0,0.0,0,0.0,0,0.0,20000.0,0,20000.0,0,0.0,0,0.0,0,0.0,0,0.0,0,30.83,0,116.0,0,13.55,0,2.746,0,39.317,-76.586,45.0
2025-01-10 22:18:00,2025-01-10,2025-01-10 22:18:00,100.85,0,0.702,0,0.027,45.07,0,0.222,0.29,0,0.002,1.699,0,1.667,0,254.5,0,10.98,0.0,0,0.0,0,0.0,0,0.0,20000.0,0,20000.0,0,0.0,0,0.0,0,0.0,0,0.0,0,30.83,0,116.0,0,13.55,0,2.719,0,39.317,-76.586,45.0
2025-01-10 22:19:00,2025-01-10,2025-01-10 22:19:00,100.85,0,0.723,0,0.029,45.01,0,0.243,0.29,0,0.002,2.163,0,2.142,0,250.8,0,7.89,0.0,0,0.0,0,0.0,0,0.0,20000.0,0,20000.0,0,0.0,0,0.0,0,0.0,0,0.0,0,30.83,0,116.0,0,13.55,0,2.696,0,39.317,-76.586,45.0
2025-01-10 22:20:00,2025-01-10,2025-01-10 22:20:00,100.85,0,0.777,0,0.025,44.69,0,0.221,0.289,0,0.002,1.171,0,1.111,0,260.0,0,18.35,0.0,0,0.0,0,0.0,0,0.0,20000.0,0,20000.0,0,0.0,0,0.0,0,0.0,0,0.0,0,30.83,0,116.0,0,13.55,0,2.669,0,39.317,-76.586,45.0
2025-01-10 22:21:00,2025-01-10,2025-01-10 22:21:00,100.85,0,0.739,0,0.033,45.46,0,0.388,0.293,0,0.002,1.645,0,1.609,0,255.3,0,11.92,0.0,0,0.0,0,0.0,0,0.0,20000.0,0,20000.0,0,0.0,0,0.0,0,0.0,0,0.0,0,30.83,0,116.0,0,13.55,0,2.648,0,39.317,-76.586,45.0
2025-01-10 22:22:00,2025-01-10,2025-01-10 22:22:00,100.85,0,0.697,0,0.053,46.03,0,0.312,0.296,0,0.002,1.22,0,1.201,0,244.5,0,10.2,0.0,0,0.0,0,0.0,0,0.0,20000.0,0,20000.0,0,0.0,0,0.0,0,0.0,0,0.0,0,30.83,0,116.0,0,13.55,0,2.622,0,39.317,-76.586,45.0
2025-01-10 22:23:00,2025-01-10,2025-01-10 22:23:00,100.84,0,0.704,0,0.026,46.39,0,0.221,0.298,0,0.002,1.029,0,1.018,0,249.7,0,8.3,0.0,0,0.0,0,0.0,0,0.0,20000.0,0,20000.0,0,0.0,0,0.0,0,0.0,0,0.0,0,30.83,0,116.0,0,13.55,0,2.598,0,39.317,-76.586,45.0
2025-01-10 22:24:00,2025-01-10,2025-01-10 22:24:00,100.84,0,0.718,0,0.028,46.15,0,0.216,0.297,0,0.002,1.682,0,1.622,0,270.3,0,15.4,0.0,0,0.0,0,0.0,0,0.0,20000.0,0,20000.0,0,0.0,0,0.0,0,0.0,0,0.0,0,30.83,0,116.0,0,13.55,0,2.576,0,39.317,-76.586,45.0
2025-01-10 22:25:00,2025-01-10,2025-01-10 22:25:00,100.85,0,0.734,0,0.029,45.75,0,0.344,0.295,0,0.002,1.993,0,1.921,0,260.5,0,15.36,0.0,0,0.0,0,0.0,0,0.0,20000.0,0,20000.0,0,0.0,0,0.0,0,0.0,0,0.0,0,30.83,0,116.0,0,13.55,0,2.552,0,39.317,-76.586,45.0
2025-01-10 22:26:00,2025-01-10,2025-01-10 22:26:00,100.85,0,0.753,0,0.025,45.19,0,0.208,0.291,0,0.001,2.306,0,2.272,0,253.5,0,9.82,0.0,0,0.0,0,0.0,0,0.0,20000.0,0,20000.0,0,0.0,0,0.0,0,0.0,0,0.0,0,30.83,0,116.0,0,13.55,0,2.531,0,39.317,-76.586,45.0
2025-01-10 22:27:00,2025-01-10,2025-01-10 22:27:00,100.84,0,0.765,0,0.027,45.14,0,0.231,0.291,0,0.002,1.661,0,1.634,0,270.4,0,10.44,0.0,0,0.0,0,0.0,0,0.0,20000.0,0,20000.0,0,0.0,0,0.0,0,0.0,0,0.0,0,30.83,0,116.0,0,13.55,0,2.507,0,39.317,-76.586,45.0
2025-01-10 22:28:00,2025-01-10,2025-01-10 22:28:00,100.84,0,0.723,0,0.029,45.83,0,0.286,0.295,0,0.002,1.271,0,1.198,0,267.6,0,19.42,0.0,0,0.0,0,0.0,0,0.0,20000.0,0,20000.0,0,0.0,0,0.0,0,0.0,0,0.0,0,30.83,0,116.0,0,13.55,0,2.486,0,39.317,-76.586,45.0
2025-01-10 22:29:00,2025-01-10,2025-01-10 22:29:00,100.84,0,0.696,0,0.047,46.07,0,0.258,0.296,0,0.002,0.833,0,0.776,0,259.6,0,21.24,0.0,0,0.0,0,0.0,0,0.0,20000.0,0,20000.0,0,0.0,0,0.0,0,0.0,0,0.0,0,30.83,0,116.0,0,13.56,0,2.465,0,39.317,-76.586,45.0
2025-01-10 22:30:00,2025-01-10,2025-01-10 22:30:00,100.83,0,0.664,0,0.03,46.55,0,0.317,0.298,0,0.002,0.585,0,0.569,0,238.3,0,13.13,0.0,0,0.0,0,0.0,0,0.0,20000.0,0,20000.0,0,0.0,0,0.0,0,0.0,0,0.0,0,30.83,0,116.0,0,13.55,0,2.444,0,39.317,-76.586,45.0
2025-01-10 22:31:00,2025-01-10,2025-01-10 22:31:00,100.82,0,0.62,0,0.031,47.24,0,0.253,0.302,0,0.002,0.792,0,0.778,0,251.8,0,10.88,0.0,0,0.0,0,0.0,0,0.0,20000.0,0,20000.0,0,0.0,0,0.0,0,0.0,0,0.0,0,30.83,0,116.0,0,13.56,0,2.422,0,39.317,-76.586,45.0
2025-01-10 22:32:00,2025-01-10,2025-01-10 22:32:00,100.82,0,0.613,0,0.023,47.31,0,0.262,0.302,0,0.002,0.982,0,0.926,0,249.7,0,19.35,0.0,0,0.0,0,0.0,0,0.0,20000.0,0,20000.0,0,0.0,0,0.0,0,0.0,0,0.0,0,30.83,0,116.0,0,13.56,0,2.401,0,39.317,-76.586,45.0
2025-01-10 22:33:00,2025-01-10,2025-01-10 22:33:00,100.81,0,0.62,0,0.036,46.92,0,0.302,0.3,0,0.002,0.541,0,0.502,0,265.4,0,21.54,0.0,0,0.0,0,0.0,0,0.0,20000.0,0,20000.0,0,0.0,0,0.0,0,0.0,0,0.0,0,30.83,0,116.0,0,13.56,0,2.383,0,39.317,-76.586,45.0
2025-01-10 22:34:00,2025-01-10,2025-01-10 22:34:00,100.8,0,0.65,0,0.024,46.27,0,0.226,0.296,0,0.002,0.944,0,0.928,0,261.4,0,10.66,0.0,0,0.0,0,0.0,0,0.0,20000.0,0,20000.0,0,0.0,0,0.0,0,0.0,0,0.0,0,30.83,0,116.0,0,13.56,0,2.361,0,39.317,-76.586,45.0
2025-01-10 22:35:00,2025-01-10,2025-01-10 22:35:00,100.8,0,0.675,0,0.028,45.86,0,0.338,0.294,0,0.002,1.54,0,1.506,0,250.8,0,12.02,0.0,0,0.0,0,0.0,0,0.0,20000.0,0,20000.0,0,0.0,0,0.0,0,0.0,0,0.0,0,30.83,0,116.0,0,13.56,0,2.343,0,39.317,-76.586,45.0
2025-01-10 22:36:00,2025-01-10,2025-01-10 22:36:00,100.8,0,0.712,0,0.029,44.74,0,0.303,0.288,0,0.002,1.294,0,1.28,0,272.9,0,8.3,0.0,0,0.0,0,0.0,0,0.0,20000.0,0,20000.0,0,0.0,0,0.0,0,0.0,0,0.0,0,30.83,0,116.0,0,13.56,0,2.324,0,39.317,-76.586,45.0
2025-01-10 22:37:00,2025-01-10,2025-01-10 22:37:00,100.8,0,0.707,0,0.026,44.79,0,0.292,0.288,0,0.002,1.372,0,1.352,0,273.7,0,9.75,0.0,0,0.0,0,0.0,0,0.0,20000.0,0,20000.0,0,0.0,0,0.0,0,0.0,0,0.0,0,30.83,0,116.0,0,13.56,0,2.303,0,39.317,-76.586,45.0
2025-01-10 22:38:00,2025-01-10,2025-01-10 22:38:00,100.79,0,0.631,0,0.039,46.18,0,0.481,0.295,0,0.003,0.369,0,0.362,0,243.3,0,10.57,0.0,0,0.0,0,0.0,0,0.0,20000.0,0,20000.0,0,0.0,0,0.0,0,0.0,0,0.0,0,30.83,0,116.0,0,13.56,0,2.285,0,39.317,-76.586,45.0
2025-01-10 22:39:00,2025-01-10,2025-01-10 22:39:00,100.79,0,0.57,0,0.062,46.84,0,0.211,0.298,0,0.002,0.296,0,0.294,0,254.0,0,5.241,0.0,0,0.0,0,0.0,0,0.0,20000.0,0,20000.0,0,0.0,0,0.0,0,0.0,0,0.0,0,30.83,0,116.0,0,13.56,0,2.266,0,39.317,-76.586,45.0
2025-01-10 22:40:00,2025-01-10,2025-01-10 22:40:00,100.78,0,0.571,0,0.031,47.2,0,0.247,0.3,0,0.002,0.23,0,0.227,0,297.2,0,6.051,0.0,0,0.0,0,0.0,0,0.0,20000.0,0,20000.0,0,0.0,0,0.0,0,0.0,0,0.0,0,30.83,0,116.0,0,13.56,0,2.25,0,39.317,-76.586,45.0
2025-01-10 22:41:00,2025-01-10,2025-01-10 22:41:00,100.78,0,0.545,0,0.033,47.88,0,0.413,0.304,0,0.002,0.622,0,0.605,0,291.3,0,13.54,0.0,0,0.0,0,0.0,0,0.0,20000.0,0,20000.0,0,0.0,0,0.0,0,0.0,0,0.0,0,30.83,0,116.0,0,13.56,0,2.229,0,39.317,-76.586,45.0
2025-01-10 22:42:00,2025-01-10,2025-01-10 22:42:00,100.78,0,0.486,0,0.025,48.84,0,0.423,0.309,0,0.003,1.062,0,1.037,0,303.4,0,12.4,0.0,0,0.0,0,0.0,0,0.0,20000.0,0,20000.0,0,0.0,0,0.0,0,0.0,0,0.0,0,30.83,0,116.0,0,13.56,0,2.21,0,39.317,-76.586,45.0
2025-01-10 22:43:00,2025-01-10,2025-01-10 22:43:00,100.78,0,0.509,0,0.033,48.44,0,0.552,0.307,0,0.003,1.014,0,0.984,0,282.7,0,14.01,0.0,0,0.0,0,0.0,0,0.0,20000.0,0,20000.0,0,0.0,0,0.0,0,0.0,0,0.0,0,30.83,0,116.0,0,13.56,0,2.197,0,39.317,-76.586,45.0
2025-01-10 22:44:00,2025-01-10,2025-01-10 22:44:00,100.78,0,0.499,0,0.043,48.24,0,0.841,0.305,0,0.005,1.532,0,1.519,0,273.4,0,7.395,0.0,0,0.0,0,0.0,0,0.0,20000.0,0,20000.0,0,0.0,0,0.0,0,0.0,0,0.0,0,30.83,0,116.0,0,13.56,0,2.176,0,39.317,-76.586,45.0
2025-01-10 22:45:00,2025-01-10,2025-01-10 22:45:00,100.79,0,0.539,0,0.021,47.35,0,0.268,0.301,0,0.002,1.48,0,1.471,0,274.8,0,6.234,0.0,0,0.0,0,0.0,0,0.0,20000.0,0,20000.0,0,0.0,0,0.0,0,0.0,0,0.0,0,30.83,0,116.0,0,13.57,0,2.16,0,39.317,-76.586,45.0
2025-01-10 22:46:00,2025-01-10,2025-01-10 22:46:00,100.78,0,0.578,0,0.031,46.2,0,0.313,0.294,0,0.002,0.978,0,0.972,0,267.6,0,6.408,0.0,0,0.0,0,0.0,0,0.0,20000.0,0,20000.0,0,0.0,0,0.0,0,0.0,0,0.0,0,30.83,0,116.0,0,13.57,0,2.142,0,39.317,-76.586,45.0
2025-01-10 22:47:00,2025-01-10,2025-01-10 22:47:00,100.78,0,0.581,0,0.026,46.31,0,0.231,0.295,0,0.002,1.241,0,1.227,0,255.6,0,8.78,0.0,0,0.0,0,0.0,0,0.0,20000.0,0,20000.0,0,0.0,0,0.0,0,0.0,0,0.0,0,30.83,0,116.0,0,13.57,0,2.126,0,39.317,-76.586,45.0
2025-01-10 22:48:00,2025-01-10,2025-01-10 22:48:00,100.79,0,0.571,0,0.041,46.58,0,0.247,0.297,0,0.002,1.158,0,1.144,0,250.3,0,8.97,0.0,0,0.0,0,0.0,0,0.0,20000.0,0,20000.0,0,0.0,0,0.0,0,0.0,0,0.0,0,30.83,0,116.0,0,13.57,0,2.11,0,39.317,-76.586,45.0
2025-01-10 22:49:00,2025-01-10,2025-01-10 22:49:00,100.79,0,0.575,0,0.029,46.48,0,0.327,0.296,0,0.002,1.303,0,1.253,0,258.8,0,15.91,0.0,0,0.0,0,0.0,0,0.0,20000.0,0,20000.0,0,0.0,0,0.0,0,0.0,0,0.0,0,30.83,0,116.0,0,13.57,0,2.094,0,39.317,-76.586,45.0
2025-01-10 22:50:00,2025-01-10,2025-01-10 22:50:00,100.8,0,0.584,0,0.033,46.48,0,0.576,0.296,0,0.003,1.112,0,1.066,0,252.2,0,16.56,0.0,0,0.0,0,0.0,0,0.0,20000.0,0,20000.0,0,0.0,0,0.0,0,0.0,0,0.0,0,30.83,0,116.0,0,13.57,0,2.076,0,39.317,-76.586,45.0
2025-01-10 22:51:00,2025-01-10,2025-01-10 22:51:00,100.8,0,0.552,0,0.029,46.93,0,0.34,0.298,0,0.002,0.875,0,0.863,0,240.9,0,9.52,0.0,0,0.0,0,0.0,0,0.0,20000.0,0,20000.0,0,0.0,0,0.0,0,0.0,0,0.0,0,30.83,0,116.0,0,13.57,0,2.06,0,39.317,-76.586,45.0
2025-01-10 22:52:00,2025-01-10,2025-01-10 22:52:00,100.79,0,0.558,0,0.03,46.77,0,0.337,0.297,0,0.002,1.367,0,1.354,0,252.7,0,8.04,0.0,0,0.0,0,0.0,0,0.0,20000.0,0,20000.0,0,0.0,0,0.0,0,0.0,0,0.0,0,30.83,0,116.0,0,13.57,0,2.044,0,39.317,-76.586,45.0
2025-01-10 22:53:00,2025-01-10,2025-01-10 22:53:00,100.78,0,0.564,0,0.033,46.38,0,0.548,0.295,0,0.003,1.436,0,1.399,0,241.0,0,12.99,0.0,0,0.0,0,0.0,0,0.0,20000.0,0,20000.0,0,0.0,0,0.0,0,0.0,0,0.0,0,30.83,0,116.0,0,13.57,0,2.028,0,39.317,-76.586,45.0
2025-01-10 22:54:00,2025-01-10,2025-01-10 22:54:00,100.78,0,0.626,0,0.027,44.99,0,0.286,0.288,0,0.002,1.045,0,1.023,0,252.2,0,11.78,0.0,0,0.0,0,0.0,0,0.0,20000.0,0,20000.0,0,0.0,0,0.0,0,0.0,0,0.0,0,30.83,0,116.0,0,13.57,0,2.015,0,39.317,-76.586,45.0
2025-01-10 22:55:00,2025-01-10,2025-01-10 22:55:00,100.78,0,0.605,0,0.032,45.55,0,0.277,0.291,0,0.002,1.14,0,1.109,0,240.6,0,13.35,0.0,0,0.0,0,0.0,0,0.0,20000.0,0,20000.0,0,0.0,0,0.0,0,0.0,0,0.0,0,30.83,0,116.0,0,13.57,0,1.999,0,39.317,-76.586,45.0
2025-01-10 22:56:00,2025-01-10,2025-01-10 22:56:00,100.78,0,0.625,0,0.025,45.09,0,0.27,0.288,0,0.002,1.158,0,1.122,0,263.9,0,14.29,0.0,0,0.0,0,0.0,0,0.0,20000.0,0,20000.0,0,0.0,0,0.0,0,0.0,0,0.0,0,30.83,0,116.0,0,13.57,0,1.983,0,39.317,-76.586,45.0
2025-01-10 22:57:00,2025-01-10,2025-01-10 22:57:00,100.78,0,0.616,0,0.028,45.35,0,0.24,0.29,0,0.002,1.158,0,1.146,0,286.3,0,8.39,0.0,0,0.0,0,0.0,0,0.0,20000.0,0,20000.0,0,0.0,0,0.0,0,0.0,0,0.0,0,30.83,0,116.0,0,13.57,0,1.967,0,39.317,-76.586,45.0
2025-01-10 22:58:00,2025-01-10,2025-01-10 22:58:00,100.79,0,0.6,0,0.027,46.24,0,0.358,0.295,0,0.002,1.534,0,1.517,0,270.1,0,8.47,0.0,0,0.0,0,0.0,0,0.0,20000.0,0,20000.0,0,0.0,0,0.0,0,0.0,0,0.0,0,30.83,0,116.0,0,13.57,0,1.954,0,39.317,-76.586,45.0
2025-01-10 22:59:00,2025-01-10,2025-01-10 22:59:00,100.78,0,0.613,0,0.027,46.0,0,0.296,0.294,0,0.002,1.398,0,1.348,0,273.4,0,15.35,0.0,0,0.0,0,0.0,0,0.0,20000.0,0,20000.0,0,0.0,0,0.0,0,0.0,0,0.0,0,30.83,0,116.0,0,13.57,0,1.938,0,39.317,-76.586,45.0
2025-01-10 23:00:00,2025-01-10,2025-01-10 23:00:00,100.78,0,0.603,0,0.027,45.85,0,0.271,0.293,0,0.002,0.975,0,0.923,0,271.4,0,18.72,0.0,0,0.0,0,0.0,0,0.0,20000.0,0,20000.0,0,0.0,0,0.0,0,0.0,0,0.0,0,30.83,0,116.0,0,13.57,0,1.924,0,39.317,-76.586,45.0
2025-01-10 23:01:00,2025-01-10,2025-01-10 23:01:00,100.78,0,0.584,0,0.028,46.03,0,0.252,0.293,0,0.002,1.455,0,1.412,0,273.1,0,14.0,0.0,0,0.0,0,0.0,0,0.0,20000.0,0,20000.0,0,0.0,0,0.0,0,0.0,0,0.0,0,30.83,0,116.0,0,13.57,0,1.911,0,39.317,-76.586,45.0
2025-01-10 23:02:00,2025-01-10,2025-01-10 23:02:00,100.77,0,0.629,0,0.033,45.06,0,0.364,0.288,0,0.002,1.658,0,1.643,0,274.1,0,7.602,0.0,0,0.0,0,0.0,0,0.0,20000.0,0,20000.0,0,0.0,0,0.0,0,0.0,0,0.0,0,30.83,0,116.0,0,13.57,0,1.898,0,39.317,-76.586,45.0
2025-01-10 23:03:00,2025-01-10,2025-01-10 23:03:00,100.78,0,0.668,0,0.025,44.55,0,0.22,0.286,0,0.002,0.973,0,0.962,0,272.9,0,8.66,0.0,0,0.0,0,0.0,0,0.0,20000.0,0,20000.0,0,0.0,0,0.0,0,0.0,0,0.0,0,30.83,0,116.0,0,13.58,0,1.885,0,39.317,-76.586,45.0
2025-01-10 23:04:00,2025-01-10,2025-01-10 23:04:00,100.78,0,0.655,0,0.034,44.84,0,0.447,0.287,0,0.003,0.76,0,0.757,0,270.2,0,4.963,0.0,0,0.0,0,0.0,0,0.0,20000.0,0,20000.0,0,0.0,0,0.0,0,0.0,0,0.0,0,30.83,0,116.0,0,13.57,0,1.869,0,39.317,-76.586,45.0
2025-01-10 23:05:00,2025-01-10,2025-01-10 23:05:00,100.79,0,0.606,0,0.022,45.65,0,0.239,0.291,0,0.002,1.011,0,0.999,0,283.7,0,8.83,0.0,0,0.0,0,0.0,0,0.0,20000.0,0,20000.0,0,0.0,0,0.0,0,0.0,0,0.0,0,30.83,0,116.0,0,13.58,0,1.858,0,39.317,-76.586,45.0
2025-01-10 23:06:00,2025-01-10,2025-01-10 23:06:00,100.79,0,0.562,0,0.035,47.16,0,0.681,0.3,0,0.004,0.867,0,0.848,0,273.0,0,12.09,0.0,0,0.0,0,0.0,0,0.0,20000.0,0,20000.0,0,0.0,0,0.0,0,0.0,0,0.0,0,30.83,0,116.0,0,13.58,0,1.845,0,39.317,-76.586,45.0
2025-01-10 23:07:00,2025-01-10,2025-01-10 23:07:00,100.79,0,0.489,0,0.026,48.62,0,0.339,0.308,0,0.002,1.024,0,0.995,0,271.1,0,13.58,0.0,0,0.0,0,0.0,0,0.0,20000.0,0,20000.0,0,0.0,0,0.0,0,0.0,0,0.0,0,30.83,0,116.0,0,13.58,0,1.832,0,39.317,-76.586,45.0
2025-01-10 23:08:00,2025-01-10,2025-01-10 23:08:00,100.79,0,0.51,0,0.028,47.89,0,0.43,0.303,0,0.003,1.156,0,1.099,0,264.1,0,17.98,0.0,0,0.0,0,0.0,0,0.0,20000.0,0,20000.0,0,0.0,0,0.0,0,0.0,0,0.0,0,30.83,0,116.0,0,13.58,0,1.819,0,39.317,-76.586,45.0
2025-01-10 23:09:00,2025-01-10,2025-01-10 23:09:00,100.79,0,0.516,0,0.025,47.71,0,0.273,0.303,0,0.002,0.977,0,0.945,0,255.8,0,14.68,0.0,0,0.0,0,0.0,0,0.0,20000.0,0,20000.0,0,0.0,0,0.0,0,0.0,0,0.0,0,30.83,0,116.0,0,13.58,0,1.808,0,39.317,-76.586,45.0
2025-01-10 23:10:00,2025-01-10,2025-01-10 23:10:00,100.78,0,0.539,0,0.041,46.81,0,0.477,0.297,0,0.003,1.094,0,1.062,0,251.4,0,13.92,0.0,0,0.0,0,0.0,0,0.0,20000.0,0,20000.0,0,0.0,0,0.0,0,0.0,0,0.0,0,30.83,0,116.0,0,13.58,0,1.795,0,39.317,-76.586,45.0
2025-01-10 23:11:00,2025-01-10,2025-01-10 23:11:00,100.78,0,0.569,0,0.028,45.75,0,0.264,0.291,0,0.002,0.758,0,0.74,0,250.6,0,12.41,0.0,0,0.0,0,0.0,0,0.0,20000.0,0,20000.0,0,0.0,0,0.0,0,0.0,0,0.0,0,30.83,0,116.0,0,13.58,0,1.784,0,39.317,-76.586,45.0
2025-01-10 23:12:00,2025-01-10,2025-01-10 23:12:00,100.78,0,0.58,0,0.027,45.17,0,0.496,0.288,0,0.003,1.508,0,1.492,0,255.5,0,8.25,0.0,0,0.0,0,0.0,0,0.0,20000.0,0,20000.0,0,0.0,0,0.0,0,0.0,0,0.0,0,30.83,0,116.0,0,13.58,0,1.771,0,39.317,-76.586,45.0
2025-01-10 23:13:00,2025-01-10,2025-01-10 23:13:00,100.78,0,0.627,0,0.028,44.0,0,0.266,0.281,0,0.002,1.426,0,1.4,0,249.0,0,10.84,0.0,0,0.0,0,0.0,0,0.0,20000.0,0,20000.0,0,0.0,0,0.0,0,0.0,0,0.0,0,30.83,0,116.0,0,13.58,0,1.758,0,39.317,-76.586,45.0
2025-01-10 23:14:00,2025-01-10,2025-01-10 23:14:00,100.79,0,0.637,0,0.025,43.97,0,0.211,0.281,0,0.002,1.295,0,1.284,0,243.4,0,7.42,0.0,0,0.0,0,0.0,0,0.0,20000.0,0,20000.0,0,0.0,0,0.0,0,0.0,0,0.0,0,30.83,0,116.0,0,13.58,0,1.747,0,39.317,-76.586,45.0
2025-01-10 23:15:00,2025-01-10,2025-01-10 23:15:00,100.8,0,0.654,0,0.023,43.95,0,0.228,0.281,0,0.002,1.387,0,1.364,0,247.7,0,10.41,0.0,0,0.0,0,0.0,0,0.0,20000.0,0,20000.0,0,0.0,0,0.0,0,0.0,0,0.0,0,30.83,0,116.0,0,13.58,0,1.734,0,39.317,-76.586,45.0
2025-01-10 23:16:00,2025-01-10,2025-01-10 23:16:00,100.8,0,0.657,0,0.023,43.82,0,0.241,0.281,0,0.002,1.194,0,1.164,0,238.4,0,12.79,0.0,0,0.0,0,0.0,0,0.0,20000.0,0,20000.0,0,0.0,0,0.0,0,0.0,0,0.0,0,30.83,0,116.0,0,13.58,0,1.724,0,39.317,-76.586,45.0
2025-01-10 23:17:00,2025-01-10,2025-01-10 23:17:00,100.81,0,0.657,0,0.028,43.75,0,0.24,0.28,0,0.002,1.377,0,1.372,0,264.2,0,5.016,0.0,0,0.0,0,0.0,0,0.0,20000.0,0,20000.0,0,0.0,0,0.0,0,0.0,0,0.0,0,30.83,0,116.0,0,13.58,0,1.713,0,39.317,-76.586,45.0
2025-01-10 23:18:00,2025-01-10,2025-01-10 23:18:00,100.81,0,0.643,0,0.044,43.92,0,0.259,0.281,0,0.002,1.241,0,1.233,0,261.6,0,6.601,0.0,0,0.0,0,0.0,0,0.0,20000.0,0,20000.0,0,0.0,0,0.0,0,0.0,0,0.0,0,30.83,0,116.0,0,13.58,0,1.7,0,39.317,-76.586,45.0
2025-01-10 23:19:00,2025-01-10,2025-01-10 23:19:00,100.81,0,0.613,0,0.028,44.37,0,0.243,0.283,0,0.002,1.599,0,1.563,0,276.2,0,12.19,0.0,0,0.0,0,0.0,0,0.0,20000.0,0,20000.0,0,0.0,0,0.0,0,0.0,0,0.0,0,30.83,0,116.0,0,13.58,0,1.689,0,39.317,-76.586,45.0
2025-01-10 23:20:00,2025-01-10,2025-01-10 23:20:00,100.81,0,0.603,0,0.048,44.57,0,0.258,0.284,0,0.002,1.297,0,1.263,0,258.5,0,13.14,0.0,0,0.0,0,0.0,0,0.0,20000.0,0,20000.0,0,0.0,0,0.0,0,0.0,0,0.0,0,30.83,0,116.0,0,13.58,0,1.678,0,39.317,-76.586,45.0
2025-01-10 23:21:00,2025-01-10,2025-01-10 23:21:00,100.81,0,0.612,0,0.027,44.42,0,0.273,0.284,0,0.002,1.865,0,1.861,0,264.1,0,3.934,0.0,0,0.0,0,0.0,0,0.0,20000.0,0,20000.0,0,0.0,0,0.0,0,0.0,0,0.0,0,30.83,0,116.0,0,13.59,0,1.668,0,39.317,-76.586,45.0
2025-01-10 23:22:00,2025-01-10,2025-01-10 23:22:00,100.81,0,0.653,0,0.028,43.83,0,0.262,0.281,0,0.002,1.475,0,1.462,0,273.6,0,7.591,0.0,0,0.0,0,0.0,0,0.0,20000.0,0,20000.0,0,0.0,0,0.0,0,0.0,0,0.0,0,30.83,0,116.0,0,13.58,0,1.657,0,39.317,-76.586,45.0
2025-01-10 23:23:00,2025-01-10,2025-01-10 23:23:00,100.81,0,0.662,0,0.024,43.84,0,0.266,0.281,0,0.002,1.632,0,1.608,0,264.2,0,9.66,0.0,0,0.0,0,0.0,0,0.0,20000.0,0,20000.0,0,0.0,0,0.0,0,0.0,0,0.0,0,30.83,0,116.0,0,13.58,0,1.647,0,39.317,-76.586,45.0
2025-01-10 23:24:00,2025-01-10,2025-01-10 23:24:00,100.81,0,0.659,0,0.023,43.95,0,0.235,0.282,0,0.002,1.22,0,1.205,0,257.3,0,9.02,0.0,0,0.0,0,0.0,0,0.0,20000.0,0,20000.0,0,0.0,0,0.0,0,0.0,0,0.0,0,30.83,0,116.0,0,13.58,0,1.636,0,39.317,-76.586,45.0
2025-01-10 23:25:00,2025-01-10,2025-01-10 23:25:00,100.81,0,0.627,0,0.041,44.79,0,0.478,0.286,0,0.003,1.254,0,1.238,0,262.7,0,9.37,0.0,0,0.0,0,0.0,0,0.0,20000.0,0,20000.0,0,0.0,0,0.0,0,0.0,0,0.0,0,30.83,0,116.0,0,13.58,0,1.626,0,39.317,-76.586,45.0
2025-01-10 23:26:00,2025-01-10,2025-01-10 23:26:00,100.81,0,0.576,0,0.024,45.66,0,0.233,0.291,0,0.002,0.978,0,0.963,0,259.5,0,10.28,0.0,0,0.0,0,0.0,0,0.0,20000.0,0,20000.0,0,0.0,0,0.0,0,0.0,0,0.0,0,30.83,0,116.0,0,13.58,0,1.615,0,39.317,-76.586,45.0
2025-01-10 23:27:00,2025-01-10,2025-01-10 23:27:00,100.81,0,0.563,0,0.023,45.87,0,0.242,0.292,0,0.002,0.947,0,0.917,0,281.1,0,14.5,0.0,0,0.0,0,0.0,0,0.0,20000.0,0,20000.0,0,0.0,0,0.0,0,0.0,0,0.0,0,30.83,0,116.0,0,13.59,0,1.604,0,39.317,-76.586,45.0
2025-01-10 23:28:00,2025-01-10,2025-01-10 23:28:00,100.8,0,0.561,0,0.024,45.8,0,0.227,0.291,0,0.002,0.63,0,0.628,0,266.4,0,5.064,0.0,0,0.0,0,0.0,0,0.0,20000.0,0,20000.0,0,0.0,0,0.0,0,0.0,0,0.0,0,30.83,0,116.0,0,13.58,0,1.594,0,39.317,-76.586,45.0
2025-01-10 23:29:00,2025-01-10,2025-01-10 23:29:00,100.8,0,0.533,0,0.029,46.55,0,0.432,0.296,0,0.003,0.603,0,0.572,0,275.4,0,18.29,0.0,0,0.0,0,0.0,0,0.0,20000.0,0,20000.0,0,0.0,0,0.0,0,0.0,0,0.0,0,30.83,0,116.0,0,13.58,0,1.586,0,39.317,-76.586,45.0
2025-01-10 23:30:00,2025-01-10,2025-01-10 23:30:00,100.8,0,0.476,0,0.023,47.51,0,0.332,0.3,0,0.002,0.969,0,0.94,0,269.1,0,13.83,0.0,0,0.0,0,0.0,0,0.0,20000.0,0,20000.0,0,0.0,0,0.0,0,0.0,0,0.0,0,30.83,0,116.0,0,13.59,0,1.575,0,39.317,-76.586,45.0
2025-01-10 23:31:00,2025-01-10,2025-01-10 23:31:00,100.8,0,0.478,0,0.026,47.67,0,0.243,0.301,0,0.002,0.799,0,0.763,0,273.3,0,17.05,0.0,0,0.0,0,0.0,0,0.0,20000.0,0,20000.0,0,0.0,0,0.0,0,0.0,0,0.0,0,30.83,0,116.0,0,13.59,0,1.565,0,39.317,-76.586,45.0
2025-01-10 23:32:00,2025-01-10,2025-01-10 23:32:00,100.81,0,0.476,0,0.035,47.2,0,0.699,0.298,0,0.004,1.811,0,1.771,0,273.2,0,12.05,0.0,0,0.0,0,0.0,0,0.0,20000.0,0,20000.0,0,0.0,0,0.0,0,0.0,0,0.0,0,30.83,0,116.0,0,13.59,0,1.554,0,39.317,-76.586,45.0
2025-01-10 23:33:00,2025-01-10,2025-01-10 23:33:00,100.81,0,0.542,0,0.035,45.62,0,0.414,0.29,0,0.002,1.686,0,1.648,0,267.4,0,12.05,0.0,0,0.0,0,0.0,0,0.0,20000.0,0,20000.0,0,0.0,0,0.0,0,0.0,0,0.0,0,30.83,0,116.0,0,13.59,0,1.546,0,39.317,-76.586,45.0
2025-01-10 23:34:00,2025-01-10,2025-01-10 23:34:00,100.81,0,0.561,0,0.039,45.61,0,0.671,0.29,0,0.004,1.759,0,1.75,0,255.0,0,5.92,0.0,0,0.0,0,0.0,0,0.0,20000.0,0,20000.0,0,0.0,0,0.0,0,0.0,0,0.0,0,30.83,0,116.0,0,13.59,0,1.536,0,39.317,-76.586,45.0
2025-01-10 23:35:00,2025-01-10,2025-01-10 23:35:00,100.81,0,0.51,0,0.028,46.45,0,0.235,0.294,0,0.002,1.725,0,1.712,0,258.8,0,7.023,0.0,0,0.0,0,0.0,0,0.0,20000.0,0,20000.0,0,0.0,0,0.0,0,0.0,0,0.0,0,30.83,0,116.0,0,13.59,0,1.525,0,39.317,-76.586,45.0
2025-01-10 23:36:00,2025-01-10,2025-01-10 23:36:00,100.81,0,0.521,0,0.026,46.08,0,0.245,0.292,0,0.002,1.085,0,1.077,0,261.3,0,6.85,0.0,0,0.0,0,0.0,0,0.0,20000.0,0,20000.0,0,0.0,0,0.0,0,0.0,0,0.0,0,30.83,0,116.0,0,13.59,0,1.515,0,39.317,-76.586,45.0
2025-01-10 23:37:00,2025-01-10,2025-01-10 23:37:00,100.81,0,0.501,0,0.028,46.49,0,0.311,0.294,0,0.002,1.887,0,1.873,0,273.4,0,6.768,0.0,0,0.0,0,0.0,0,0.0,20000.0,0,20000.0,0,0.0,0,0.0,0,0.0,0,0.0,0,30.83,0,116.0,0,13.59,0,1.507,0,39.317,-76.586,45.0
2025-01-10 23:38:00,2025-01-10,2025-01-10 23:38:00,100.8,0,0.525,0,0.059,45.47,0,0.514,0.288,0,0.003,1.527,0,1.474,0,286.0,0,15.18,0.0,0,0.0,0,0.0,0,0.0,20000.0,0,20000.0,0,0.0,0,0.0,0,0.0,0,0.0,0,30.83,0,116.0,0,13.59,0,1.496,0,39.317,-76.586,45.0
2025-01-10 23:39:00,2025-01-10,2025-01-10 23:39:00,100.8,0,0.565,0,0.024,45.23,0,0.348,0.288,0,0.002,1.761,0,1.737,0,284.8,0,9.45,0.0,0,0.0,0,0.0,0,0.0,20000.0,0,20000.0,0,0.0,0,0.0,0,0.0,0,0.0,0,30.83,0,116.0,0,13.59,0,1.488,0,39.317,-76.586,45.0
2025-01-10 23:40:00,2025-01-10,2025-01-10 23:40:00,100.8,0,0.546,0,0.044,45.52,0,0.259,0.289,0,0.002,1.459,0,1.427,0,279.7,0,11.89,0.0,0,0.0,0,0.0,0,0.0,20000.0,0,20000.0,0,0.0,0,0.0,0,0.0,0,0.0,0,30.83,0,116.0,0,13.59,0,1.477,0,39.317,-76.586,45.0
2025-01-10 23:41:00,2025-01-10,2025-01-10 23:41:00,100.8,0,0.515,0,0.039,46.29,0,0.7,0.293,0,0.004,1.063,0,1.035,0,270.1,0,13.24,0.0,0,0.0,0,0.0,0,0.0,20000.0,0,20000.0,0,0.0,0,0.0,0,0.0,0,0.0,0,30.83,0,116.0,0,13.59,0,1.467,0,39.317,-76.586,45.0
2025-01-10 23:42:00,2025-01-10,2025-01-10 23:42:00,100.79,0,0.405,0,0.032,48.2,0,0.295,0.303,0,0.002,0.897,0,0.889,0,280.6,0,7.715,0.0,0,0.0,0,0.0,0,0.0,20000.0,0,20000.0,0,0.0,0,0.0,0,0.0,0,0.0,0,30.83,0,116.0,0,13.59,0,1.459,0,39.317,-76.586,45.0
2025-01-10 23:43:00,2025-01-10,2025-01-10 23:43:00,100.79,0,0.429,0,0.033,47.87,0,0.36,0.302,0,0.002,0.697,0,0.688,0,287.2,0,9.3,0.0,0,0.0,0,0.0,0,0.0,20000.0,0,20000.0,0,0.0,0,0.0,0,0.0,0,0.0,0,30.83,0,116.0,0,13.59,0,1.451,0,39.317,-76.586,45.0
2025-01-10 23:44:00,2025-01-10,2025-01-10 23:44:00,100.78,0,0.446,0,0.03,47.73,0,0.379,0.301,0,0.002,0.777,0,0.77,0,287.7,0,7.965,0.0,0,0.0,0,0.0,0,0.0,20000.0,0,20000.0,0,0.0,0,0.0,0,0.0,0,0.0,0,30.83,0,116.0,0,13.59,0,1.44,0,39.317,-76.586,45.0
2025-01-10 23:45:00,2025-01-10,2025-01-10 23:45:00,100.78,0,0.431,0,0.031,48.11,0,0.222,0.303,0,0.002,0.648,0,0.642,0,274.2,0,7.961,0.0,0,0.0,0,0.0,0,0.0,20000.0,0,20000.0,0,0.0,0,0.0,0,0.0,0,0.0,0,30.83,0,116.0,0,13.59,0,1.43,0,39.317,-76.586,45.0
2025-01-10 23:46:00,2025-01-10,2025-01-10 23:46:00,100.78,0,0.387,0,0.03,49.15,0,0.587,0.309,0,0.003,0.619,0,0.616,0,272.1,0,5.838,0.0,0,0.0,0,0.0,0,0.0,20000.0,0,20000.0,0,0.0,0,0.0,0,0.0,0,0.0,0,30.83,0,116.0,0,13.59,0,1.422,0,39.317,-76.586,45.0
2025-01-10 23:47:00,2025-01-10,2025-01-10 23:47:00,100.77,0,0.396,0,0.037,48.96,0,0.505,0.308,0,0.003,1.036,0,1.023,0,274.7,0,8.83,0.0,0,0.0,0,0.0,0,0.0,20000.0,0,20000.0,0,0.0,0,0.0,0,0.0,0,0.0,0,30.83,0,116.0,0,13.59,0,1.411,0,39.317,-76.586,45.0
2025-01-10 23:48:00,2025-01-10,2025-01-10 23:48:00,100.77,0,0.41,0,0.035,49.06,0,0.557,0.309,0,0.003,0.728,0,0.695,0,288.9,0,17.41,0.0,0,0.0,0,0.0,0,0.0,20000.0,0,20000.0,0,0.0,0,0.0,0,0.0,0,0.0,0,30.83,0,116.0,0,13.59,0,1.403,0,39.317,-76.586,45.0
2025-01-10 23:49:00,2025-01-10,2025-01-10 23:49:00,100.77,0,0.406,0,0.04,49.0,0,0.494,0.308,0,0.003,0.474,0,0.472,0,260.6,0,4.069,0.0,0,0.0,0,0.0,0,0.0,20000.0,0,20000.0,0,0.0,0,0.0,0,0.0,0,0.0,0,30.83,0,116.0,0,13.59,0,1.393,0,39.317,-76.586,45.0
2025-01-10 23:50:00,2025-01-10,2025-01-10 23:50:00,100.77,0,0.441,0,0.05,48.51,0,0.237,0.306,0,0.002,0.733,0,0.709,0,275.3,0,14.89,0.0,0,0.0,0,0.0,0,0.0,20000.0,0,20000.0,0,0.0,0,0.0,0,0.0,0,0.0,0,30.83,0,116.0,0,13.59,0,1.382,0,39.317,-76.586,45.0
2025-01-10 23:51:00,2025-01-10,2025-01-10 23:51:00,100.76,0,0.414,0,0.039,48.7,0,0.232,0.307,0,0.002,1.122,0,1.091,0,287.1,0,13.48,0.0,0,0.0,0,0.0,0,0.0,20000.0,0,20000.0,0,0.0,0,0.0,0,0.0,0,0.0,0,30.83,0,116.0,0,13.59,0,1.371,0,39.317,-76.586,45.0
2025-01-10 23:52:00,2025-01-10,2025-01-10 23:52:00,100.76,0,0.408,0,0.026,48.19,0,0.252,0.303,0,0.002,1.137,0,1.121,0,287.5,0,9.6,0.0,0,0.0,0,0.0,0,0.0,20000.0,0,20000.0,0,0.0,0,0.0,0,0.0,0,0.0,0,30.83,0,116.0,0,13.59,0,1.363,0,39.317,-76.586,45.0
2025-01-10 23:53:00,2025-01-10,2025-01-10 23:53:00,100.75,0,0.39,0,0.028,48.46,0,0.26,0.304,0,0.002,1.279,0,1.26,0,292.9,0,9.96,0.0,0,0.0,0,0.0,0,0.0,20000.0,0,20000.0,0,0.0,0,0.0,0,0.0,0,0.0,0,30.83,0,116.0,0,13.59,0,1.353,0,39.317,-76.586,45.0
2025-01-10 23:54:00,2025-01-10,2025-01-10 23:54:00,100.74,0,0.394,0,0.051,47.97,0,0.823,0.301,0,0.005,0.875,0,0.864,0,307.0,0,9.24,0.0,0,0.0,0,0.0,0,0.0,20000.0,0,20000.0,0,0.0,0,0.0,0,0.0,0,0.0,0,30.83,0,116.0,0,13.59,0,1.342,0,39.317,-76.586,45.0
2025-01-10 23:55:00,2025-01-10,2025-01-10 23:55:00,100.74,0,0.406,0,0.037,47.6,0,0.319,0.299,0,0.002,1.496,0,1.478,0,304.5,0,8.85,0.0,0,0.0,0,0.0,0,0.0,20000.0,0,20000.0,0,0.0,0,0.0,0,0.0,0,0.0,0,30.83,0,116.0,0,13.59,0,1.332,0,39.317,-76.586,45.0
2025-01-10 23:56:00,2025-01-10,2025-01-10 23:56:00,100.74,0,0.4,0,0.025,47.18,0,0.233,0.297,0,0.002,1.55,0,1.545,0,302.3,0,4.562,0.0,0,0.0,0,0.0,0,0.0,20000.0,0,20000.0,0,0.0,0,0.0,0,0.0,0,0.0,0,30.83,0,116.0,0,13.59,0,1.324,0,39.317,-76.586,45.0
2025-01-10 23:57:00,2025-01-10,2025-01-10 23:57:00,100.75,0,0.369,0,0.034,48.0,0,0.456,0.301,0,0.003,1.583,0,1.563,0,300.3,0,8.95,0.0,0,0.0,0,0.0,0,0.0,20000.0,0,20000.0,0,0.0,0,0.0,0,0.0,0,0.0,0,30.83,0,116.0,0,13.6,0,1.313,0,39.317,-76.586,45.0
2025-01-10 23:58:00,2025-01-10,2025-01-10 23:58:00,100.75,0,0.341,0,0.034,48.31,0,0.397,0.302,0,0.002,1.379,0,1.348,0,292.4,0,12.07,0.0,0,0.0,0,0.0,0,0.0,20000.0,0,20000.0,0,0.0,0,0.0,0,0.0,0,0.0,0,30.83,0,116.0,0,13.6,0,1.303,0,39.317,-76.586,45.0
2025-01-10 23:59:00,2025-01-10,2025-01-10 23:59:00,100.75,0,0.275,0,0.039,49.9,0,0.639,0.311,0,0.003,0.867,0,0.86,0,289.5,0,7.545,0.0,0,0.0,0,0.0,0,0.0,20000.0,0,20000.0,0,0.0,0,0.0,0,0.0,0,0.0,0,30.83,0,116.0,0,13.59,0,1.295,0,39.317,-76.586,45.0
